/home/suyichn/projects/android_world/android_world/agents/infer.py:23: FutureWarning: 

All support for the `google.generativeai` package has ended. It will no longer be receiving 
updates or bug fixes. Please switch to the `google.genai` package as soon as possible.
See README for more details:

https://github.com/google-gemini/deprecated-generative-ai-python/blob/main/README.md

  import google.generativeai as genai
E0813 10:18:16.721798 132979839951936 adb_controller.py:131] Failed to execute ADB command (try 1 of 3): [adb -P 5037 -s emulator-5554 shell settings put global auto_time 0]
Traceback (most recent call last):
  File "/home/suyichn/miniconda3/envs/android_world/lib/python3.11/site-packages/android_env/components/adb_controller.py", line 122, in execute_command
    cmd_output = subprocess.check_output(
                 ^^^^^^^^^^^^^^^^^^^^^^^^
  File "/home/suyichn/miniconda3/envs/android_world/lib/python3.11/subprocess.py", line 466, in check_output
    return run(*popenargs, stdout=PIPE, timeout=timeout, check=True,
           ^^^^^^^^^^^^^^^^^^^^^^^^^^^^^^^^^^^^^^^^^^^^^^^^^^^^^^^^^
  File "/home/suyichn/miniconda3/envs/android_world/lib/python3.11/subprocess.py", line 571, in run
    raise CalledProcessError(retcode, process.args,
subprocess.CalledProcessError: Command '['/home/suyichn/Android/Sdk/platform-tools/adb', '-P', '5037', '-s', 'emulator-5554', 'shell', 'settings', 'put', 'global', 'auto_time', '0']' returned non-zero exit status 1.
E0813 10:18:16.724031 132979839951936 adb_controller.py:135] **stdout**:
E0813 10:18:16.724126 132979839951936 adb_controller.py:137]     b'adb.exe: device offline'
Initializing agent...
Starting eval with agent zero_shot and writing to /home/suyichn/android_world_results/mini_benchmark_zero_shot_20260813_101751/run_20260813T101821970123
Incremental results CSV: /home/suyichn/android_world_results/mini_benchmark_zero_shot_20260813_101751/results.csv
Benchmark config: mini-benchmark-v1; tasks=22; n_task_combinations=5; seed=30
Running task: OpenAppTaskEval
=============================
W0813 10:18:22.787940 132979839951936 task_eval.py:125] Skipping app snapshot loading : Snapshot not found in /data/data/android_world/snapshots/com.android.camera2.
W0813 10:18:23.000547 132979839951936 task_eval.py:125] Skipping app snapshot loading : Snapshot not found in /data/data/android_world/snapshots/com.google.android.deskclock.
W0813 10:18:23.212459 132979839951936 task_eval.py:125] Skipping app snapshot loading : Snapshot not found in /data/data/android_world/snapshots/com.google.android.contacts.
W0813 10:18:23.582335 132979839951936 task_eval.py:125] Skipping app snapshot loading : Snapshot not found in /data/data/android_world/snapshots/com.android.settings.
W0813 10:18:23.773885 132979839951936 task_eval.py:125] Skipping app snapshot loading : Snapshot not found in /data/data/android_world/snapshots/com.google.android.dialer.
Running task OpenAppTaskEval with goal "Open the contacts app. Clear any pop-ups that may appear by granting all permissions that are required."
W0813 10:18:24.200632 132979839951936 android_world_controller.py:98] Could not get a11y tree, retrying.
Completed step 1.
Completed step 2.
Completed step 3.
Environment ends episode.
Task Successful ✅;  Open the contacts app. Clear any pop-ups that may appear by granting all permissions that are required.
W0813 10:19:03.560398 132979839951936 task_eval.py:125] Skipping app snapshot loading : Snapshot not found in /data/data/android_world/snapshots/com.android.camera2.
W0813 10:19:03.697273 132979839951936 task_eval.py:125] Skipping app snapshot loading : Snapshot not found in /data/data/android_world/snapshots/com.google.android.deskclock.
W0813 10:19:03.910465 132979839951936 task_eval.py:125] Skipping app snapshot loading : Snapshot not found in /data/data/android_world/snapshots/com.google.android.contacts.
W0813 10:19:04.103913 132979839951936 task_eval.py:125] Skipping app snapshot loading : Snapshot not found in /data/data/android_world/snapshots/com.android.settings.
W0813 10:19:04.257647 132979839951936 task_eval.py:125] Skipping app snapshot loading : Snapshot not found in /data/data/android_world/snapshots/com.google.android.dialer.


                             task_num  num_complete_trials  mean_success_rate  mean_episode_length  total_runtime_s  num_fail_trials
task                                                                                                                                
OpenAppTaskEval                     0                  1.0                1.0                  3.0             41.4              0.0
========= Average =========         0                  1.0                1.0                  3.0             41.4              0.0


              mean_success_rate
difficulty                 easy
tags                           
parameterized               1.0
W0813 10:19:05.947148 132979839951936 task_eval.py:125] Skipping app snapshot loading : Snapshot not found in /data/data/android_world/snapshots/com.android.camera2.
W0813 10:19:06.126160 132979839951936 task_eval.py:125] Skipping app snapshot loading : Snapshot not found in /data/data/android_world/snapshots/com.google.android.deskclock.
W0813 10:19:06.303287 132979839951936 task_eval.py:125] Skipping app snapshot loading : Snapshot not found in /data/data/android_world/snapshots/com.google.android.contacts.
W0813 10:19:06.471185 132979839951936 task_eval.py:125] Skipping app snapshot loading : Snapshot not found in /data/data/android_world/snapshots/com.android.settings.
W0813 10:19:06.631079 132979839951936 task_eval.py:125] Skipping app snapshot loading : Snapshot not found in /data/data/android_world/snapshots/com.google.android.dialer.
Running task OpenAppTaskEval with goal "Open the contacts app. Clear any pop-ups that may appear by granting all permissions that are required."
Completed step 1.
Environment ends episode.
Task Successful ✅;  Open the contacts app. Clear any pop-ups that may appear by granting all permissions that are required.
W0813 10:19:29.318351 132979839951936 task_eval.py:125] Skipping app snapshot loading : Snapshot not found in /data/data/android_world/snapshots/com.android.camera2.
W0813 10:19:29.459348 132979839951936 task_eval.py:125] Skipping app snapshot loading : Snapshot not found in /data/data/android_world/snapshots/com.google.android.deskclock.
W0813 10:19:29.733745 132979839951936 task_eval.py:125] Skipping app snapshot loading : Snapshot not found in /data/data/android_world/snapshots/com.google.android.contacts.
W0813 10:19:29.895193 132979839951936 task_eval.py:125] Skipping app snapshot loading : Snapshot not found in /data/data/android_world/snapshots/com.android.settings.
W0813 10:19:30.038465 132979839951936 task_eval.py:125] Skipping app snapshot loading : Snapshot not found in /data/data/android_world/snapshots/com.google.android.dialer.


                             task_num  num_complete_trials  mean_success_rate  mean_episode_length  total_runtime_s  num_fail_trials
task                                                                                                                                
OpenAppTaskEval                     0                  2.0                1.0                  2.0             65.3              0.0
========= Average =========         0                  2.0                1.0                  2.0             65.3              0.0


              mean_success_rate
difficulty                 easy
tags                           
parameterized               1.0
W0813 10:19:31.458630 132979839951936 task_eval.py:125] Skipping app snapshot loading : Snapshot not found in /data/data/android_world/snapshots/com.android.camera2.
W0813 10:19:31.632846 132979839951936 task_eval.py:125] Skipping app snapshot loading : Snapshot not found in /data/data/android_world/snapshots/com.google.android.deskclock.
W0813 10:19:31.802284 132979839951936 task_eval.py:125] Skipping app snapshot loading : Snapshot not found in /data/data/android_world/snapshots/com.google.android.contacts.
W0813 10:19:32.000425 132979839951936 task_eval.py:125] Skipping app snapshot loading : Snapshot not found in /data/data/android_world/snapshots/com.android.settings.
W0813 10:19:32.185446 132979839951936 task_eval.py:125] Skipping app snapshot loading : Snapshot not found in /data/data/android_world/snapshots/com.google.android.dialer.
Running task OpenAppTaskEval with goal "Open the camera app. Clear any pop-ups that may appear by granting all permissions that are required."
Completed step 1.
Environment ends episode.
Task Successful ✅;  Open the camera app. Clear any pop-ups that may appear by granting all permissions that are required.
W0813 10:19:48.689604 132979839951936 task_eval.py:125] Skipping app snapshot loading : Snapshot not found in /data/data/android_world/snapshots/com.android.camera2.
W0813 10:19:48.872011 132979839951936 task_eval.py:125] Skipping app snapshot loading : Snapshot not found in /data/data/android_world/snapshots/com.google.android.deskclock.
W0813 10:19:49.015357 132979839951936 task_eval.py:125] Skipping app snapshot loading : Snapshot not found in /data/data/android_world/snapshots/com.google.android.contacts.
W0813 10:19:49.155425 132979839951936 task_eval.py:125] Skipping app snapshot loading : Snapshot not found in /data/data/android_world/snapshots/com.android.settings.
W0813 10:19:49.285212 132979839951936 task_eval.py:125] Skipping app snapshot loading : Snapshot not found in /data/data/android_world/snapshots/com.google.android.dialer.


                             task_num  num_complete_trials  mean_success_rate  mean_episode_length  total_runtime_s  num_fail_trials
task                                                                                                                                
OpenAppTaskEval                     0                  3.0                1.0                 1.67             82.9              0.0
========= Average =========         0                  3.0                1.0                 1.67             82.9              0.0


              mean_success_rate
difficulty                 easy
tags                           
parameterized               1.0
W0813 10:19:53.495146 132979839951936 task_eval.py:125] Skipping app snapshot loading : Snapshot not found in /data/data/android_world/snapshots/com.android.camera2.
W0813 10:19:53.650870 132979839951936 task_eval.py:125] Skipping app snapshot loading : Snapshot not found in /data/data/android_world/snapshots/com.google.android.deskclock.
W0813 10:19:53.787922 132979839951936 task_eval.py:125] Skipping app snapshot loading : Snapshot not found in /data/data/android_world/snapshots/com.google.android.contacts.
W0813 10:19:53.934917 132979839951936 task_eval.py:125] Skipping app snapshot loading : Snapshot not found in /data/data/android_world/snapshots/com.android.settings.
W0813 10:19:54.092621 132979839951936 task_eval.py:125] Skipping app snapshot loading : Snapshot not found in /data/data/android_world/snapshots/com.google.android.dialer.
Running task OpenAppTaskEval with goal "Open the camera app. Clear any pop-ups that may appear by granting all permissions that are required."
W0813 10:19:54.387016 132979839951936 android_world_controller.py:98] Could not get a11y tree, retrying.
W0813 10:19:55.387291 132979839951936 android_world_controller.py:98] Could not get a11y tree, retrying.
Completed step 1.
Environment ends episode.
Task Successful ✅;  Open the camera app. Clear any pop-ups that may appear by granting all permissions that are required.
W0813 10:20:12.996271 132979839951936 task_eval.py:125] Skipping app snapshot loading : Snapshot not found in /data/data/android_world/snapshots/com.android.camera2.
W0813 10:20:13.164696 132979839951936 task_eval.py:125] Skipping app snapshot loading : Snapshot not found in /data/data/android_world/snapshots/com.google.android.deskclock.
W0813 10:20:13.309806 132979839951936 task_eval.py:125] Skipping app snapshot loading : Snapshot not found in /data/data/android_world/snapshots/com.google.android.contacts.
W0813 10:20:13.455916 132979839951936 task_eval.py:125] Skipping app snapshot loading : Snapshot not found in /data/data/android_world/snapshots/com.android.settings.
W0813 10:20:13.594030 132979839951936 task_eval.py:125] Skipping app snapshot loading : Snapshot not found in /data/data/android_world/snapshots/com.google.android.dialer.


                             task_num  num_complete_trials  mean_success_rate  mean_episode_length  total_runtime_s  num_fail_trials
task                                                                                                                                
OpenAppTaskEval                     0                  4.0                1.0                  1.5            102.8              0.0
========= Average =========         0                  4.0                1.0                  1.5            102.8              0.0


              mean_success_rate
difficulty                 easy
tags                           
parameterized               1.0
W0813 10:20:14.915814 132979839951936 task_eval.py:125] Skipping app snapshot loading : Snapshot not found in /data/data/android_world/snapshots/com.android.camera2.
W0813 10:20:15.087803 132979839951936 task_eval.py:125] Skipping app snapshot loading : Snapshot not found in /data/data/android_world/snapshots/com.google.android.deskclock.
W0813 10:20:15.233059 132979839951936 task_eval.py:125] Skipping app snapshot loading : Snapshot not found in /data/data/android_world/snapshots/com.google.android.contacts.
W0813 10:20:15.408868 132979839951936 task_eval.py:125] Skipping app snapshot loading : Snapshot not found in /data/data/android_world/snapshots/com.android.settings.
W0813 10:20:15.555879 132979839951936 task_eval.py:125] Skipping app snapshot loading : Snapshot not found in /data/data/android_world/snapshots/com.google.android.dialer.
Running task OpenAppTaskEval with goal "Open the dialer app. Clear any pop-ups that may appear by granting all permissions that are required."
Completed step 1.
Environment ends episode.
Task Successful ✅;  Open the dialer app. Clear any pop-ups that may appear by granting all permissions that are required.
W0813 10:20:36.224943 132979839951936 task_eval.py:125] Skipping app snapshot loading : Snapshot not found in /data/data/android_world/snapshots/com.android.camera2.
W0813 10:20:36.357291 132979839951936 task_eval.py:125] Skipping app snapshot loading : Snapshot not found in /data/data/android_world/snapshots/com.google.android.deskclock.
W0813 10:20:36.491873 132979839951936 task_eval.py:125] Skipping app snapshot loading : Snapshot not found in /data/data/android_world/snapshots/com.google.android.contacts.
W0813 10:20:36.624192 132979839951936 task_eval.py:125] Skipping app snapshot loading : Snapshot not found in /data/data/android_world/snapshots/com.android.settings.
W0813 10:20:36.837380 132979839951936 task_eval.py:125] Skipping app snapshot loading : Snapshot not found in /data/data/android_world/snapshots/com.google.android.dialer.


                             task_num  num_complete_trials  mean_success_rate  mean_episode_length  total_runtime_s  num_fail_trials
task                                                                                                                                
OpenAppTaskEval                     0                  5.0                1.0                  1.4            124.6              0.0
========= Average =========         0                  5.0                1.0                  1.4            124.6              0.0


              mean_success_rate
difficulty                 easy
tags                           
parameterized               1.0

Running task: ClockStopWatchRunning
===================================
W0813 10:20:38.203069 132979839951936 task_eval.py:125] Skipping app snapshot loading : Snapshot not found in /data/data/android_world/snapshots/com.google.android.deskclock.
Running task ClockStopWatchRunning with goal "Run the stopwatch."
Completed step 1.
Completed step 2.
Completed step 3.
Environment ends episode.
Task Successful ✅;  Run the stopwatch.
W0813 10:21:32.903913 132979839951936 task_eval.py:125] Skipping app snapshot loading : Snapshot not found in /data/data/android_world/snapshots/com.google.android.deskclock.


                             task_num  num_complete_trials  mean_success_rate  mean_episode_length  total_runtime_s  num_fail_trials
task                                                                                                                                
ClockStopWatchRunning               0                  1.0                1.0                  3.0             55.2              0.0
OpenAppTaskEval                     1                  5.0                1.0                  1.4            124.6              0.0
========= Average =========         0                  3.0                1.0                  2.2             89.9              0.0


              mean_success_rate
difficulty                 easy
tags                           
parameterized               1.0
untagged                    1.0
W0813 10:21:34.532272 132979839951936 task_eval.py:125] Skipping app snapshot loading : Snapshot not found in /data/data/android_world/snapshots/com.google.android.deskclock.
Running task ClockStopWatchRunning with goal "Run the stopwatch."
Completed step 1.
Completed step 2.
Completed step 3.
Environment ends episode.
Task Successful ✅;  Run the stopwatch.
W0813 10:22:30.082848 132979839951936 task_eval.py:125] Skipping app snapshot loading : Snapshot not found in /data/data/android_world/snapshots/com.google.android.deskclock.


                             task_num  num_complete_trials  mean_success_rate  mean_episode_length  total_runtime_s  num_fail_trials
task                                                                                                                                
ClockStopWatchRunning               0                  2.0                1.0                  3.0           111.10              0.0
OpenAppTaskEval                     1                  5.0                1.0                  1.4           124.60              0.0
========= Average =========         0                  3.5                1.0                  2.2           117.85              0.0


              mean_success_rate
difficulty                 easy
tags                           
parameterized               1.0
untagged                    1.0
W0813 10:22:31.662756 132979839951936 task_eval.py:125] Skipping app snapshot loading : Snapshot not found in /data/data/android_world/snapshots/com.google.android.deskclock.
Running task ClockStopWatchRunning with goal "Run the stopwatch."
Completed step 1.
Completed step 2.
Completed step 3.
Completed step 4.
Environment ends episode.
Task Successful ✅;  Run the stopwatch.
W0813 10:23:42.834579 132979839951936 task_eval.py:125] Skipping app snapshot loading : Snapshot not found in /data/data/android_world/snapshots/com.google.android.deskclock.


                             task_num  num_complete_trials  mean_success_rate  mean_episode_length  total_runtime_s  num_fail_trials
task                                                                                                                                
ClockStopWatchRunning               0                  3.0                1.0                 3.33           182.70              0.0
OpenAppTaskEval                     1                  5.0                1.0                 1.40           124.60              0.0
========= Average =========         0                  4.0                1.0                 2.37           153.65              0.0


              mean_success_rate
difficulty                 easy
tags                           
parameterized               1.0
untagged                    1.0
W0813 10:23:44.688844 132979839951936 task_eval.py:125] Skipping app snapshot loading : Snapshot not found in /data/data/android_world/snapshots/com.google.android.deskclock.
Running task ClockStopWatchRunning with goal "Run the stopwatch."
W0813 10:23:45.133100 132979839951936 android_world_controller.py:98] Could not get a11y tree, retrying.
Completed step 1.
Completed step 2.
Completed step 3.
Environment ends episode.
Task Successful ✅;  Run the stopwatch.
W0813 10:24:39.221381 132979839951936 task_eval.py:125] Skipping app snapshot loading : Snapshot not found in /data/data/android_world/snapshots/com.google.android.deskclock.


                             task_num  num_complete_trials  mean_success_rate  mean_episode_length  total_runtime_s  num_fail_trials
task                                                                                                                                
ClockStopWatchRunning               0                  4.0                1.0                 3.25            237.6              0.0
OpenAppTaskEval                     1                  5.0                1.0                 1.40            124.6              0.0
========= Average =========         0                  4.5                1.0                 2.33            181.1              0.0


              mean_success_rate
difficulty                 easy
tags                           
parameterized               1.0
untagged                    1.0
W0813 10:24:40.761085 132979839951936 task_eval.py:125] Skipping app snapshot loading : Snapshot not found in /data/data/android_world/snapshots/com.google.android.deskclock.
Running task ClockStopWatchRunning with goal "Run the stopwatch."
Completed step 1.
Completed step 2.
Completed step 3.
Environment ends episode.
Task Successful ✅;  Run the stopwatch.
W0813 10:25:31.552744 132979839951936 task_eval.py:125] Skipping app snapshot loading : Snapshot not found in /data/data/android_world/snapshots/com.google.android.deskclock.


                             task_num  num_complete_trials  mean_success_rate  mean_episode_length  total_runtime_s  num_fail_trials
task                                                                                                                                
ClockStopWatchRunning               0                  5.0                1.0                  3.2            288.8              0.0
OpenAppTaskEval                     1                  5.0                1.0                  1.4            124.6              0.0
========= Average =========         0                  5.0                1.0                  2.3            206.7              0.0


              mean_success_rate
difficulty                 easy
tags                           
parameterized               1.0
untagged                    1.0

Running task: ClockStopWatchPausedVerify
========================================
W0813 10:25:33.150740 132979839951936 task_eval.py:125] Skipping app snapshot loading : Snapshot not found in /data/data/android_world/snapshots/com.google.android.deskclock.
Running task ClockStopWatchPausedVerify with goal "Pause the stopwatch."
Completed step 1.
Completed step 2.
Environment ends episode.
Task Successful ✅;  Pause the stopwatch.
W0813 10:26:09.258749 132979839951936 task_eval.py:125] Skipping app snapshot loading : Snapshot not found in /data/data/android_world/snapshots/com.google.android.deskclock.


                             task_num  num_complete_trials  mean_success_rate  mean_episode_length  total_runtime_s  num_fail_trials
task                                                                                                                                
ClockStopWatchPausedVerify          0                 1.00                1.0                  2.0            36.50              0.0
ClockStopWatchRunning               1                 5.00                1.0                  3.2           288.80              0.0
OpenAppTaskEval                     2                 5.00                1.0                  1.4           124.60              0.0
========= Average =========         0                 3.67                1.0                  2.2           149.97              0.0


              mean_success_rate
difficulty                 easy
tags                           
parameterized               1.0
untagged                    1.0
verification                1.0
W0813 10:26:10.755477 132979839951936 task_eval.py:125] Skipping app snapshot loading : Snapshot not found in /data/data/android_world/snapshots/com.google.android.deskclock.
Running task ClockStopWatchPausedVerify with goal "Pause the stopwatch."
Completed step 1.
Completed step 2.
Completed step 3.
Completed step 4.
Completed step 5.
Completed step 6.
Completed step 7.
Completed step 8.
Completed step 9.
Completed step 10.
Agent did not indicate task is done. Reached max number of steps.
Task Failed ❌;  Pause the stopwatch.
W0813 10:28:56.046303 132979839951936 task_eval.py:125] Skipping app snapshot loading : Snapshot not found in /data/data/android_world/snapshots/com.google.android.deskclock.


                             task_num  num_complete_trials  mean_success_rate  mean_episode_length  total_runtime_s  num_fail_trials
task                                                                                                                                
ClockStopWatchPausedVerify          0                  2.0               0.50                 6.00           202.30              0.0
ClockStopWatchRunning               1                  5.0               1.00                 3.20           288.80              0.0
OpenAppTaskEval                     2                  5.0               1.00                 1.40           124.60              0.0
========= Average =========         0                  4.0               0.83                 3.53           205.23              0.0


              mean_success_rate
difficulty                 easy
tags                           
parameterized               1.0
untagged                    1.0
verification                0.5
W0813 10:28:59.249691 132979839951936 task_eval.py:125] Skipping app snapshot loading : Snapshot not found in /data/data/android_world/snapshots/com.google.android.deskclock.
Running task ClockStopWatchPausedVerify with goal "Pause the stopwatch."
Completed step 1.
Completed step 2.
Environment ends episode.
Task Successful ✅;  Pause the stopwatch.
W0813 10:29:38.561829 132979839951936 task_eval.py:125] Skipping app snapshot loading : Snapshot not found in /data/data/android_world/snapshots/com.google.android.deskclock.


                             task_num  num_complete_trials  mean_success_rate  mean_episode_length  total_runtime_s  num_fail_trials
task                                                                                                                                
ClockStopWatchPausedVerify          0                 3.00               0.67                 4.67            242.1              0.0
ClockStopWatchRunning               1                 5.00               1.00                 3.20            288.8              0.0
OpenAppTaskEval                     2                 5.00               1.00                 1.40            124.6              0.0
========= Average =========         0                 4.33               0.89                 3.09            218.5              0.0


              mean_success_rate
difficulty                 easy
tags                           
parameterized              1.00
untagged                   1.00
verification               0.67
W0813 10:29:40.066332 132979839951936 task_eval.py:125] Skipping app snapshot loading : Snapshot not found in /data/data/android_world/snapshots/com.google.android.deskclock.
Running task ClockStopWatchPausedVerify with goal "Pause the stopwatch."
W0813 10:29:40.486931 132979839951936 android_world_controller.py:98] Could not get a11y tree, retrying.
Completed step 1.
Completed step 2.
Environment ends episode.
Task Successful ✅;  Pause the stopwatch.
W0813 10:30:16.388319 132979839951936 task_eval.py:125] Skipping app snapshot loading : Snapshot not found in /data/data/android_world/snapshots/com.google.android.deskclock.


                             task_num  num_complete_trials  mean_success_rate  mean_episode_length  total_runtime_s  num_fail_trials
task                                                                                                                                
ClockStopWatchPausedVerify          0                 4.00               0.75                 4.00           278.80              0.0
ClockStopWatchRunning               1                 5.00               1.00                 3.20           288.80              0.0
OpenAppTaskEval                     2                 5.00               1.00                 1.40           124.60              0.0
========= Average =========         0                 4.67               0.92                 2.87           230.73              0.0


              mean_success_rate
difficulty                 easy
tags                           
parameterized              1.00
untagged                   1.00
verification               0.75
W0813 10:30:17.950430 132979839951936 task_eval.py:125] Skipping app snapshot loading : Snapshot not found in /data/data/android_world/snapshots/com.google.android.deskclock.
Running task ClockStopWatchPausedVerify with goal "Pause the stopwatch."
W0813 10:30:18.355176 132979839951936 android_world_controller.py:98] Could not get a11y tree, retrying.
Completed step 1.
Completed step 2.
Completed step 3.
Completed step 4.
Completed step 5.
Completed step 6.
Completed step 7.
Completed step 8.
Environment ends episode.
Task Successful ✅;  Pause the stopwatch.
W0813 10:32:38.541143 132979839951936 task_eval.py:125] Skipping app snapshot loading : Snapshot not found in /data/data/android_world/snapshots/com.google.android.deskclock.


                             task_num  num_complete_trials  mean_success_rate  mean_episode_length  total_runtime_s  num_fail_trials
task                                                                                                                                
ClockStopWatchPausedVerify          0                  5.0               0.80                 4.80           419.80              0.0
ClockStopWatchRunning               1                  5.0               1.00                 3.20           288.80              0.0
OpenAppTaskEval                     2                  5.0               1.00                 1.40           124.60              0.0
========= Average =========         0                  5.0               0.93                 3.13           277.73              0.0


              mean_success_rate
difficulty                 easy
tags                           
parameterized               1.0
untagged                    1.0
verification                0.8

Running task: RecipeDeleteSingleRecipe
======================================
W0813 10:32:42.740259 132979839951936 task_eval.py:125] Skipping app snapshot loading : Snapshot not found in /data/data/android_world/snapshots/com.flauschcode.broccoli.
Running task RecipeDeleteSingleRecipe with goal "Delete the following recipes from Broccoli app: Thai Peanut Noodle Salad."
Completed step 1.
Completed step 2.
Completed step 3.
Completed step 4.
Completed step 5.
Completed step 6.
Completed step 7.
Completed step 8.
Completed step 9.
Environment ends episode.
Task Successful ✅;  Delete the following recipes from Broccoli app: Thai Peanut Noodle Salad.
W0813 10:35:19.584230 132979839951936 task_eval.py:125] Skipping app snapshot loading : Snapshot not found in /data/data/android_world/snapshots/com.flauschcode.broccoli.


                             task_num  num_complete_trials  mean_success_rate  mean_episode_length  total_runtime_s  num_fail_trials
task                                                                                                                                
ClockStopWatchPausedVerify          0                  5.0               0.80                  4.8           419.80              0.0
ClockStopWatchRunning               1                  5.0               1.00                  3.2           288.80              0.0
OpenAppTaskEval                     2                  5.0               1.00                  1.4           124.60              0.0
RecipeDeleteSingleRecipe            3                  1.0               1.00                  9.0           158.70              0.0
========= Average =========         0                  4.0               0.95                  4.6           247.98              0.0


              mean_success_rate
difficulty                 easy
tags                           
data_edit                   1.0
parameterized               1.0
search                      1.0
untagged                    1.0
verification                0.8
W0813 10:35:24.444368 132979839951936 task_eval.py:125] Skipping app snapshot loading : Snapshot not found in /data/data/android_world/snapshots/com.flauschcode.broccoli.
Running task RecipeDeleteSingleRecipe with goal "Delete the following recipes from Broccoli app: BBQ Chicken Quesadillas."
W0813 10:35:27.299943 132979839951936 android_world_controller.py:98] Could not get a11y tree, retrying.
Completed step 1.
Completed step 2.
Completed step 3.
Completed step 4.
Completed step 5.
Completed step 6.
Completed step 7.
Completed step 8.
Completed step 9.
Completed step 10.
Environment ends episode.
Task Successful ✅;  Delete the following recipes from Broccoli app: BBQ Chicken Quesadillas.
W0813 10:38:23.341202 132979839951936 task_eval.py:125] Skipping app snapshot loading : Snapshot not found in /data/data/android_world/snapshots/com.flauschcode.broccoli.


                             task_num  num_complete_trials  mean_success_rate  mean_episode_length  total_runtime_s  num_fail_trials
task                                                                                                                                
ClockStopWatchPausedVerify          0                 5.00               0.80                 4.80           419.80              0.0
ClockStopWatchRunning               1                 5.00               1.00                 3.20           288.80              0.0
OpenAppTaskEval                     2                 5.00               1.00                 1.40           124.60              0.0
RecipeDeleteSingleRecipe            3                 2.00               1.00                 9.50           339.30              0.0
========= Average =========         0                 4.25               0.95                 4.72           293.12              0.0


              mean_success_rate
difficulty                 easy
tags                           
data_edit                   1.0
parameterized               1.0
search                      1.0
untagged                    1.0
verification                0.8
W0813 10:38:29.281509 132979839951936 task_eval.py:125] Skipping app snapshot loading : Snapshot not found in /data/data/android_world/snapshots/com.flauschcode.broccoli.
Running task RecipeDeleteSingleRecipe with goal "Delete the following recipes from Broccoli app: Sweet Potato and Black Bean Tacos."
Completed step 1.
Completed step 2.
Completed step 3.
Completed step 4.
Completed step 5.
Completed step 6.
Completed step 7.
Completed step 8.
Completed step 9.
Completed step 10.
Agent did not indicate task is done. Reached max number of steps.
Task Failed ❌;  Delete the following recipes from Broccoli app: Sweet Potato and Black Bean Tacos.
W0813 10:41:17.624636 132979839951936 task_eval.py:125] Skipping app snapshot loading : Snapshot not found in /data/data/android_world/snapshots/com.flauschcode.broccoli.


                             task_num  num_complete_trials  mean_success_rate  mean_episode_length  total_runtime_s  num_fail_trials
task                                                                                                                                
ClockStopWatchPausedVerify          0                  5.0               0.80                 4.80           419.80              0.0
ClockStopWatchRunning               1                  5.0               1.00                 3.20           288.80              0.0
OpenAppTaskEval                     2                  5.0               1.00                 1.40           124.60              0.0
RecipeDeleteSingleRecipe            3                  3.0               0.67                 9.67           509.90              0.0
========= Average =========         0                  4.5               0.87                 4.77           335.77              0.0


              mean_success_rate
difficulty                 easy
tags                           
data_edit                  0.67
parameterized              0.83
search                     0.67
untagged                   1.00
verification               0.80
W0813 10:41:22.647473 132979839951936 task_eval.py:125] Skipping app snapshot loading : Snapshot not found in /data/data/android_world/snapshots/com.flauschcode.broccoli.
Running task RecipeDeleteSingleRecipe with goal "Delete the following recipes from Broccoli app: Spinach and Feta Stuffed Chicken."
Completed step 1.
Completed step 2.
Completed step 3.
Completed step 4.
Completed step 5.
Completed step 6.
Completed step 7.
Completed step 8.
Completed step 9.
Completed step 10.
Agent did not indicate task is done. Reached max number of steps.
Task Failed ❌;  Delete the following recipes from Broccoli app: Spinach and Feta Stuffed Chicken.
W0813 10:44:01.181835 132979839951936 task_eval.py:125] Skipping app snapshot loading : Snapshot not found in /data/data/android_world/snapshots/com.flauschcode.broccoli.


                             task_num  num_complete_trials  mean_success_rate  mean_episode_length  total_runtime_s  num_fail_trials
task                                                                                                                                
ClockStopWatchPausedVerify          0                 5.00               0.80                 4.80            419.8              0.0
ClockStopWatchRunning               1                 5.00               1.00                 3.20            288.8              0.0
OpenAppTaskEval                     2                 5.00               1.00                 1.40            124.6              0.0
RecipeDeleteSingleRecipe            3                 4.00               0.50                 9.75            670.0              0.0
========= Average =========         0                 4.75               0.82                 4.79            375.8              0.0


              mean_success_rate
difficulty                 easy
tags                           
data_edit                  0.50
parameterized              0.75
search                     0.50
untagged                   1.00
verification               0.80
W0813 10:44:06.315973 132979839951936 task_eval.py:125] Skipping app snapshot loading : Snapshot not found in /data/data/android_world/snapshots/com.flauschcode.broccoli.
Running task RecipeDeleteSingleRecipe with goal "Delete the following recipes from Broccoli app: Greek Salad Pita Pockets."
Completed step 1.
Completed step 2.
Completed step 3.
Completed step 4.
Completed step 5.
Completed step 6.
Completed step 7.
Completed step 8.
Completed step 9.
Completed step 10.
Agent did not indicate task is done. Reached max number of steps.
Task Failed ❌;  Delete the following recipes from Broccoli app: Greek Salad Pita Pockets.
W0813 10:47:02.568804 132979839951936 task_eval.py:125] Skipping app snapshot loading : Snapshot not found in /data/data/android_world/snapshots/com.flauschcode.broccoli.


                             task_num  num_complete_trials  mean_success_rate  mean_episode_length  total_runtime_s  num_fail_trials
task                                                                                                                                
ClockStopWatchPausedVerify          0                  5.0                0.8                  4.8            419.8              0.0
ClockStopWatchRunning               1                  5.0                1.0                  3.2            288.8              0.0
OpenAppTaskEval                     2                  5.0                1.0                  1.4            124.6              0.0
RecipeDeleteSingleRecipe            3                  5.0                0.4                  9.8            848.0              0.0
========= Average =========         0                  5.0                0.8                  4.8            420.3              0.0


              mean_success_rate
difficulty                 easy
tags                           
data_edit                   0.4
parameterized               0.7
search                      0.4
untagged                    1.0
verification                0.8

Running task: RecipeDeleteSingleWithRecipeWithNoise
===================================================
W0813 10:47:07.465697 132979839951936 task_eval.py:125] Skipping app snapshot loading : Snapshot not found in /data/data/android_world/snapshots/com.flauschcode.broccoli.
Running task RecipeDeleteSingleWithRecipeWithNoise with goal "Delete the following recipes from Broccoli app: Classic Margherita Pizza."
Completed step 1.
Completed step 2.
Completed step 3.
Completed step 4.
Completed step 5.
Completed step 6.
Completed step 7.
Completed step 8.
Completed step 9.
Completed step 10.
Completed step 11.
Completed step 12.
Completed step 13.
Completed step 14.
Completed step 15.
Completed step 16.
Completed step 17.
Completed step 18.
Completed step 19.
Completed step 20.
Agent did not indicate task is done. Reached max number of steps.
Task Failed ❌;  Delete the following recipes from Broccoli app: Classic Margherita Pizza.
W0813 10:56:16.244026 132979839951936 task_eval.py:125] Skipping app snapshot loading : Snapshot not found in /data/data/android_world/snapshots/com.flauschcode.broccoli.


                                       task_num  num_complete_trials  mean_success_rate  mean_episode_length  total_runtime_s  num_fail_trials
task                                                                                                                                          
ClockStopWatchPausedVerify                    0                  5.0               0.80                 4.80           419.80              0.0
ClockStopWatchRunning                         1                  5.0               1.00                 3.20           288.80              0.0
OpenAppTaskEval                               2                  5.0               1.00                 1.40           124.60              0.0
RecipeDeleteSingleRecipe                      3                  5.0               0.40                 9.80           848.00              0.0
RecipeDeleteSingleWithRecipeWithNoise         4                  1.0               0.00                20.00           550.50              0.0
========= Average =========                   0                  4.2               0.64                 7.84           446.34              0.0


               mean_success_rate
difficulty                  easy
tags                            
data_edit                   0.20
parameterized               0.47
screen_reading              0.00
search                      0.20
untagged                    1.00
verification                0.80
W0813 10:56:22.025037 132979839951936 task_eval.py:125] Skipping app snapshot loading : Snapshot not found in /data/data/android_world/snapshots/com.flauschcode.broccoli.
Running task RecipeDeleteSingleWithRecipeWithNoise with goal "Delete the following recipes from Broccoli app: Moroccan Chickpea Stew."
Completed step 1.
Completed step 2.
Completed step 3.
Completed step 4.
Completed step 5.
Completed step 6.
Completed step 7.
Completed step 8.
Completed step 9.
Completed step 10.
Completed step 11.
Completed step 12.
Completed step 13.
Completed step 14.
Completed step 15.
Completed step 16.
Completed step 17.
Completed step 18.
Completed step 19.
Completed step 20.
Agent did not indicate task is done. Reached max number of steps.
Task Failed ❌;  Delete the following recipes from Broccoli app: Moroccan Chickpea Stew.
W0813 11:05:43.914235 132979839951936 task_eval.py:125] Skipping app snapshot loading : Snapshot not found in /data/data/android_world/snapshots/com.flauschcode.broccoli.


                                       task_num  num_complete_trials  mean_success_rate  mean_episode_length  total_runtime_s  num_fail_trials
task                                                                                                                                          
ClockStopWatchPausedVerify                    0                  5.0               0.80                 4.80           419.80              0.0
ClockStopWatchRunning                         1                  5.0               1.00                 3.20           288.80              0.0
OpenAppTaskEval                               2                  5.0               1.00                 1.40           124.60              0.0
RecipeDeleteSingleRecipe                      3                  5.0               0.40                 9.80           848.00              0.0
RecipeDeleteSingleWithRecipeWithNoise         4                  2.0               0.00                20.00          1114.10              0.0
========= Average =========                   0                  4.4               0.64                 7.84           559.06              0.0


               mean_success_rate
difficulty                  easy
tags                            
data_edit                   0.20
parameterized               0.47
screen_reading              0.00
search                      0.20
untagged                    1.00
verification                0.80
W0813 11:05:49.945437 132979839951936 task_eval.py:125] Skipping app snapshot loading : Snapshot not found in /data/data/android_world/snapshots/com.flauschcode.broccoli.
Running task RecipeDeleteSingleWithRecipeWithNoise with goal "Delete the following recipes from Broccoli app: Spinach and Feta Stuffed Chicken."
W0813 11:05:53.506203 132979839951936 android_world_controller.py:98] Could not get a11y tree, retrying.
Completed step 1.
Completed step 2.
Completed step 3.
Completed step 4.
Completed step 5.
Completed step 6.
Completed step 7.
Completed step 8.
Completed step 9.
Completed step 10.
Completed step 11.
Completed step 12.
Completed step 13.
Completed step 14.
Completed step 15.
Completed step 16.
Completed step 17.
Completed step 18.
Completed step 19.
Completed step 20.
Agent did not indicate task is done. Reached max number of steps.
Task Failed ❌;  Delete the following recipes from Broccoli app: Spinach and Feta Stuffed Chicken.
W0813 11:14:18.848543 132979839951936 task_eval.py:125] Skipping app snapshot loading : Snapshot not found in /data/data/android_world/snapshots/com.flauschcode.broccoli.


                                       task_num  num_complete_trials  mean_success_rate  mean_episode_length  total_runtime_s  num_fail_trials
task                                                                                                                                          
ClockStopWatchPausedVerify                    0                  5.0               0.80                 4.80           419.80              0.0
ClockStopWatchRunning                         1                  5.0               1.00                 3.20           288.80              0.0
OpenAppTaskEval                               2                  5.0               1.00                 1.40           124.60              0.0
RecipeDeleteSingleRecipe                      3                  5.0               0.40                 9.80           848.00              0.0
RecipeDeleteSingleWithRecipeWithNoise         4                  3.0               0.00                20.00          1624.70              0.0
========= Average =========                   0                  4.6               0.64                 7.84           661.18              0.0


               mean_success_rate
difficulty                  easy
tags                            
data_edit                   0.20
parameterized               0.47
screen_reading              0.00
search                      0.20
untagged                    1.00
verification                0.80
W0813 11:14:27.574143 132979839951936 task_eval.py:125] Skipping app snapshot loading : Snapshot not found in /data/data/android_world/snapshots/com.flauschcode.broccoli.
Running task RecipeDeleteSingleWithRecipeWithNoise with goal "Delete the following recipes from Broccoli app: Pan-Seared Salmon with Quinoa."
W0813 11:14:31.103338 132979839951936 android_world_controller.py:98] Could not get a11y tree, retrying.
Completed step 1.
Completed step 2.
Completed step 3.
Completed step 4.
Completed step 5.
Completed step 6.
Completed step 7.
Completed step 8.
Completed step 9.
Completed step 10.
Completed step 11.
Completed step 12.
Completed step 13.
Completed step 14.
Completed step 15.
Completed step 16.
Completed step 17.
Completed step 18.
Completed step 19.
Completed step 20.
Agent did not indicate task is done. Reached max number of steps.
Task Failed ❌;  Delete the following recipes from Broccoli app: Pan-Seared Salmon with Quinoa.
W0813 11:20:39.185598 132979839951936 task_eval.py:125] Skipping app snapshot loading : Snapshot not found in /data/data/android_world/snapshots/com.flauschcode.broccoli.


                                       task_num  num_complete_trials  mean_success_rate  mean_episode_length  total_runtime_s  num_fail_trials
task                                                                                                                                          
ClockStopWatchPausedVerify                    0                  5.0               0.80                 4.80           419.80              0.0
ClockStopWatchRunning                         1                  5.0               1.00                 3.20           288.80              0.0
OpenAppTaskEval                               2                  5.0               1.00                 1.40           124.60              0.0
RecipeDeleteSingleRecipe                      3                  5.0               0.40                 9.80           848.00              0.0
RecipeDeleteSingleWithRecipeWithNoise         4                  4.0               0.00                20.00          1998.10              0.0
========= Average =========                   0                  4.8               0.64                 7.84           735.86              0.0


               mean_success_rate
difficulty                  easy
tags                            
data_edit                   0.20
parameterized               0.47
screen_reading              0.00
search                      0.20
untagged                    1.00
verification                0.80
W0813 11:20:45.048063 132979839951936 task_eval.py:125] Skipping app snapshot loading : Snapshot not found in /data/data/android_world/snapshots/com.flauschcode.broccoli.
Running task RecipeDeleteSingleWithRecipeWithNoise with goal "Delete the following recipes from Broccoli app: Vegetarian Chili."
W0813 11:20:51.782514 132979839951936 android_world_controller.py:98] Could not get a11y tree, retrying.
Completed step 1.
Completed step 2.
Completed step 3.
Completed step 4.
Completed step 5.
Completed step 6.
Completed step 7.
Completed step 8.
Completed step 9.
Completed step 10.
Completed step 11.
Completed step 12.
Completed step 13.
Completed step 14.
Completed step 15.
Completed step 16.
Completed step 17.
Completed step 18.
Completed step 19.
Completed step 20.
Agent did not indicate task is done. Reached max number of steps.
Task Failed ❌;  Delete the following recipes from Broccoli app: Vegetarian Chili.
W0813 11:28:03.870470 132979839951936 task_eval.py:125] Skipping app snapshot loading : Snapshot not found in /data/data/android_world/snapshots/com.flauschcode.broccoli.


                                       task_num  num_complete_trials  mean_success_rate  mean_episode_length  total_runtime_s  num_fail_trials
task                                                                                                                                          
ClockStopWatchPausedVerify                    0                  5.0               0.80                 4.80           419.80              0.0
ClockStopWatchRunning                         1                  5.0               1.00                 3.20           288.80              0.0
OpenAppTaskEval                               2                  5.0               1.00                 1.40           124.60              0.0
RecipeDeleteSingleRecipe                      3                  5.0               0.40                 9.80           848.00              0.0
RecipeDeleteSingleWithRecipeWithNoise         4                  5.0               0.00                20.00          2438.60              0.0
========= Average =========                   0                  5.0               0.64                 7.84           823.96              0.0


               mean_success_rate
difficulty                  easy
tags                            
data_edit                   0.20
parameterized               0.47
screen_reading              0.00
search                      0.20
untagged                    1.00
verification                0.80

Running task: AudioRecorderRecordAudio
======================================
W0813 11:28:08.394786 132979839951936 task_eval.py:125] Skipping app snapshot loading : Snapshot not found in /data/data/android_world/snapshots/com.dimowner.audiorecorder.
Running task AudioRecorderRecordAudio with goal "Record an audio clip using Audio Recorder app and save it."
W0813 11:28:08.947067 132979839951936 android_world_controller.py:98] Could not get a11y tree, retrying.
Completed step 1.
Completed step 2.
Completed step 3.
Completed step 4.
Completed step 5.
Completed step 6.
Completed step 7.
Completed step 8.
Completed step 9.
Completed step 10.
Completed step 11.
Completed step 12.
Agent did not indicate task is done. Reached max number of steps.
Task Failed ❌;  Record an audio clip using Audio Recorder app and save it.
W0813 11:31:04.650170 132979839951936 task_eval.py:125] Skipping app snapshot loading : Snapshot not found in /data/data/android_world/snapshots/com.dimowner.audiorecorder.


                                       task_num  num_complete_trials  mean_success_rate  mean_episode_length  total_runtime_s  num_fail_trials
task                                                                                                                                          
AudioRecorderRecordAudio                      0                 1.00               0.00                12.00           176.70              0.0
ClockStopWatchPausedVerify                    1                 5.00               0.80                 4.80           419.80              0.0
ClockStopWatchRunning                         2                 5.00               1.00                 3.20           288.80              0.0
OpenAppTaskEval                               3                 5.00               1.00                 1.40           124.60              0.0
RecipeDeleteSingleRecipe                      4                 5.00               0.40                 9.80           848.00              0.0
RecipeDeleteSingleWithRecipeWithNoise         5                 5.00               0.00                20.00          2438.60              0.0
========= Average =========                   0                 4.33               0.53                 8.53           716.08              0.0


               mean_success_rate
difficulty                  easy
tags                            
data_edit                   0.20
parameterized               0.47
requires_setup              0.00
screen_reading              0.00
search                      0.20
untagged                    1.00
verification                0.80
W0813 11:31:07.050635 132979839951936 task_eval.py:125] Skipping app snapshot loading : Snapshot not found in /data/data/android_world/snapshots/com.dimowner.audiorecorder.
Running task AudioRecorderRecordAudio with goal "Record an audio clip using Audio Recorder app and save it."
Completed step 1.
Completed step 2.
Completed step 3.
Completed step 4.
Completed step 5.
Completed step 6.
Completed step 7.
Completed step 8.
Completed step 9.
Completed step 10.
Completed step 11.
Completed step 12.
Agent did not indicate task is done. Reached max number of steps.
Task Failed ❌;  Record an audio clip using Audio Recorder app and save it.
W0813 11:34:04.151742 132979839951936 task_eval.py:125] Skipping app snapshot loading : Snapshot not found in /data/data/android_world/snapshots/com.dimowner.audiorecorder.


                                       task_num  num_complete_trials  mean_success_rate  mean_episode_length  total_runtime_s  num_fail_trials
task                                                                                                                                          
AudioRecorderRecordAudio                      0                  2.0               0.00                12.00            354.4              0.0
ClockStopWatchPausedVerify                    1                  5.0               0.80                 4.80            419.8              0.0
ClockStopWatchRunning                         2                  5.0               1.00                 3.20            288.8              0.0
OpenAppTaskEval                               3                  5.0               1.00                 1.40            124.6              0.0
RecipeDeleteSingleRecipe                      4                  5.0               0.40                 9.80            848.0              0.0
RecipeDeleteSingleWithRecipeWithNoise         5                  5.0               0.00                20.00           2438.6              0.0
========= Average =========                   0                  4.5               0.53                 8.53            745.7              0.0


               mean_success_rate
difficulty                  easy
tags                            
data_edit                   0.20
parameterized               0.47
requires_setup              0.00
screen_reading              0.00
search                      0.20
untagged                    1.00
verification                0.80
W0813 11:34:06.302137 132979839951936 task_eval.py:125] Skipping app snapshot loading : Snapshot not found in /data/data/android_world/snapshots/com.dimowner.audiorecorder.
Running task AudioRecorderRecordAudio with goal "Record an audio clip using Audio Recorder app and save it."
Completed step 1.
Completed step 2.
Completed step 3.
Completed step 4.
Completed step 5.
Completed step 6.
Completed step 7.
Completed step 8.
Completed step 9.
Completed step 10.
Completed step 11.
Completed step 12.
Agent did not indicate task is done. Reached max number of steps.
Task Failed ❌;  Record an audio clip using Audio Recorder app and save it.
W0813 11:40:14.494864 132979839951936 task_eval.py:125] Skipping app snapshot loading : Snapshot not found in /data/data/android_world/snapshots/com.dimowner.audiorecorder.


                                       task_num  num_complete_trials  mean_success_rate  mean_episode_length  total_runtime_s  num_fail_trials
task                                                                                                                                          
AudioRecorderRecordAudio                      0                 3.00               0.00                12.00           723.00              0.0
ClockStopWatchPausedVerify                    1                 5.00               0.80                 4.80           419.80              0.0
ClockStopWatchRunning                         2                 5.00               1.00                 3.20           288.80              0.0
OpenAppTaskEval                               3                 5.00               1.00                 1.40           124.60              0.0
RecipeDeleteSingleRecipe                      4                 5.00               0.40                 9.80           848.00              0.0
RecipeDeleteSingleWithRecipeWithNoise         5                 5.00               0.00                20.00          2438.60              0.0
========= Average =========                   0                 4.67               0.53                 8.53           807.13              0.0


               mean_success_rate
difficulty                  easy
tags                            
data_edit                   0.20
parameterized               0.47
requires_setup              0.00
screen_reading              0.00
search                      0.20
untagged                    1.00
verification                0.80
W0813 11:40:17.326958 132979839951936 task_eval.py:125] Skipping app snapshot loading : Snapshot not found in /data/data/android_world/snapshots/com.dimowner.audiorecorder.
Running task AudioRecorderRecordAudio with goal "Record an audio clip using Audio Recorder app and save it."
W0813 11:40:17.772506 132979839951936 android_world_controller.py:98] Could not get a11y tree, retrying.
Completed step 1.
Completed step 2.
Completed step 3.
Completed step 4.
Completed step 5.
Completed step 6.
Completed step 7.
Completed step 8.
Completed step 9.
Completed step 10.
Completed step 11.
Completed step 12.
Agent did not indicate task is done. Reached max number of steps.
Task Failed ❌;  Record an audio clip using Audio Recorder app and save it.
W0813 11:43:12.615581 132979839951936 task_eval.py:125] Skipping app snapshot loading : Snapshot not found in /data/data/android_world/snapshots/com.dimowner.audiorecorder.


                                       task_num  num_complete_trials  mean_success_rate  mean_episode_length  total_runtime_s  num_fail_trials
task                                                                                                                                          
AudioRecorderRecordAudio                      0                 4.00               0.00                12.00           898.80              0.0
ClockStopWatchPausedVerify                    1                 5.00               0.80                 4.80           419.80              0.0
ClockStopWatchRunning                         2                 5.00               1.00                 3.20           288.80              0.0
OpenAppTaskEval                               3                 5.00               1.00                 1.40           124.60              0.0
RecipeDeleteSingleRecipe                      4                 5.00               0.40                 9.80           848.00              0.0
RecipeDeleteSingleWithRecipeWithNoise         5                 5.00               0.00                20.00          2438.60              0.0
========= Average =========                   0                 4.83               0.53                 8.53           836.43              0.0


               mean_success_rate
difficulty                  easy
tags                            
data_edit                   0.20
parameterized               0.47
requires_setup              0.00
screen_reading              0.00
search                      0.20
untagged                    1.00
verification                0.80
W0813 11:43:14.805862 132979839951936 task_eval.py:125] Skipping app snapshot loading : Snapshot not found in /data/data/android_world/snapshots/com.dimowner.audiorecorder.
Running task AudioRecorderRecordAudio with goal "Record an audio clip using Audio Recorder app and save it."
W0813 11:43:15.233761 132979839951936 android_world_controller.py:98] Could not get a11y tree, retrying.
W0813 11:43:16.234042 132979839951936 android_world_controller.py:98] Could not get a11y tree, retrying.
W0813 11:43:17.234469 132979839951936 android_world_controller.py:98] Could not get a11y tree, retrying.
Completed step 1.
Completed step 2.
Completed step 3.
Completed step 4.
Completed step 5.
Completed step 6.
Completed step 7.
Completed step 8.
Completed step 9.
Completed step 10.
Completed step 11.
Completed step 12.
Agent did not indicate task is done. Reached max number of steps.
Task Failed ❌;  Record an audio clip using Audio Recorder app and save it.
W0813 11:46:15.475151 132979839951936 task_eval.py:125] Skipping app snapshot loading : Snapshot not found in /data/data/android_world/snapshots/com.dimowner.audiorecorder.


                                       task_num  num_complete_trials  mean_success_rate  mean_episode_length  total_runtime_s  num_fail_trials
task                                                                                                                                          
AudioRecorderRecordAudio                      0                  5.0               0.00                12.00          1079.90              0.0
ClockStopWatchPausedVerify                    1                  5.0               0.80                 4.80           419.80              0.0
ClockStopWatchRunning                         2                  5.0               1.00                 3.20           288.80              0.0
OpenAppTaskEval                               3                  5.0               1.00                 1.40           124.60              0.0
RecipeDeleteSingleRecipe                      4                  5.0               0.40                 9.80           848.00              0.0
RecipeDeleteSingleWithRecipeWithNoise         5                  5.0               0.00                20.00          2438.60              0.0
========= Average =========                   0                  5.0               0.53                 8.53           866.62              0.0


               mean_success_rate
difficulty                  easy
tags                            
data_edit                   0.20
parameterized               0.47
requires_setup              0.00
screen_reading              0.00
search                      0.20
untagged                    1.00
verification                0.80

Running task: BrowserDraw
=========================
W0813 11:46:18.477316 132979839951936 task_eval.py:125] Skipping app snapshot loading : Snapshot not found in /data/data/android_world/snapshots/com.android.chrome.
Running task BrowserDraw with goal "Open the file task.html in Downloads in the file manager; when prompted open it with Chrome. Then create a drawing using the three colors shown at the top and hit submit."
Completed step 1.
Completed step 2.
Completed step 3.
Completed step 4.
Completed step 5.
Completed step 6.
Completed step 7.
Completed step 8.
Completed step 9.
Completed step 10.
Completed step 11.
Completed step 12.
Completed step 13.
Completed step 14.
Completed step 15.
Completed step 16.
Completed step 17.
Completed step 18.
Completed step 19.
Completed step 20.
Agent did not indicate task is done. Reached max number of steps.
Task Failed ❌;  Open the file task.html in Downloads in the file manager; when prompted open it with Chrome. Then create a drawing using the three colors shown at the top and hit submit.
W0813 11:53:24.870657 132979839951936 task_eval.py:125] Skipping app snapshot loading : Snapshot not found in /data/data/android_world/snapshots/com.android.chrome.


                                       task_num  num_complete_trials  mean_success_rate  mean_episode_length  total_runtime_s  num_fail_trials
task                                                                                                                                          
AudioRecorderRecordAudio                      0                 5.00               0.00                12.00           1079.9              0.0
BrowserDraw                                   1                 1.00               0.00                20.00            427.6              0.0
ClockStopWatchPausedVerify                    2                 5.00               0.80                 4.80            419.8              0.0
ClockStopWatchRunning                         3                 5.00               1.00                 3.20            288.8              0.0
OpenAppTaskEval                               4                 5.00               1.00                 1.40            124.6              0.0
RecipeDeleteSingleRecipe                      5                 5.00               0.40                 9.80            848.0              0.0
RecipeDeleteSingleWithRecipeWithNoise         6                 5.00               0.00                20.00           2438.6              0.0
========= Average =========                   0                 4.43               0.46                10.17            803.9              0.0


               mean_success_rate
difficulty                  easy
tags                            
data_edit                   0.20
game_playing                0.00
parameterized               0.35
requires_setup              0.00
screen_reading              0.00
search                      0.20
untagged                    1.00
verification                0.80
W0813 11:53:32.006401 132979839951936 task_eval.py:125] Skipping app snapshot loading : Snapshot not found in /data/data/android_world/snapshots/com.android.chrome.
Running task BrowserDraw with goal "Open the file task.html in Downloads in the file manager; when prompted open it with Chrome. Then create a drawing using the three colors shown at the top and hit submit."
W0813 11:53:33.734170 132979839951936 android_world_controller.py:98] Could not get a11y tree, retrying.
Completed step 1.
Completed step 2.
Completed step 3.
Completed step 4.
Completed step 5.
Completed step 6.
Completed step 7.
Completed step 8.
Completed step 9.
Completed step 10.
Completed step 11.
Completed step 12.
Completed step 13.
Completed step 14.
Completed step 15.
Completed step 16.
Completed step 17.
Completed step 18.
Completed step 19.
Completed step 20.
Agent did not indicate task is done. Reached max number of steps.
Task Failed ❌;  Open the file task.html in Downloads in the file manager; when prompted open it with Chrome. Then create a drawing using the three colors shown at the top and hit submit.
W0813 12:00:35.673048 132979839951936 task_eval.py:125] Skipping app snapshot loading : Snapshot not found in /data/data/android_world/snapshots/com.android.chrome.


                                       task_num  num_complete_trials  mean_success_rate  mean_episode_length  total_runtime_s  num_fail_trials
task                                                                                                                                          
AudioRecorderRecordAudio                      0                 5.00               0.00                12.00          1079.90              0.0
BrowserDraw                                   1                 2.00               0.00                20.00           852.40              0.0
ClockStopWatchPausedVerify                    2                 5.00               0.80                 4.80           419.80              0.0
ClockStopWatchRunning                         3                 5.00               1.00                 3.20           288.80              0.0
OpenAppTaskEval                               4                 5.00               1.00                 1.40           124.60              0.0
RecipeDeleteSingleRecipe                      5                 5.00               0.40                 9.80           848.00              0.0
RecipeDeleteSingleWithRecipeWithNoise         6                 5.00               0.00                20.00          2438.60              0.0
========= Average =========                   0                 4.57               0.46                10.17           864.59              0.0


               mean_success_rate
difficulty                  easy
tags                            
data_edit                   0.20
game_playing                0.00
parameterized               0.35
requires_setup              0.00
screen_reading              0.00
search                      0.20
untagged                    1.00
verification                0.80
W0813 12:00:45.468168 132979839951936 task_eval.py:125] Skipping app snapshot loading : Snapshot not found in /data/data/android_world/snapshots/com.android.chrome.
Running task BrowserDraw with goal "Open the file task.html in Downloads in the file manager; when prompted open it with Chrome. Then create a drawing using the three colors shown at the top and hit submit."
Completed step 1.
Completed step 2.
Completed step 3.
Completed step 4.
Completed step 5.
Completed step 6.
Completed step 7.
Completed step 8.
Completed step 9.
Completed step 10.
Completed step 11.
Completed step 12.
Completed step 13.
Completed step 14.
Completed step 15.
Completed step 16.
Completed step 17.
Completed step 18.
Completed step 19.
Completed step 20.
Agent did not indicate task is done. Reached max number of steps.
Task Failed ❌;  Open the file task.html in Downloads in the file manager; when prompted open it with Chrome. Then create a drawing using the three colors shown at the top and hit submit.
W0813 12:07:58.976446 132979839951936 task_eval.py:125] Skipping app snapshot loading : Snapshot not found in /data/data/android_world/snapshots/com.android.chrome.


                                       task_num  num_complete_trials  mean_success_rate  mean_episode_length  total_runtime_s  num_fail_trials
task                                                                                                                                          
AudioRecorderRecordAudio                      0                 5.00               0.00                12.00           1079.9              0.0
BrowserDraw                                   1                 3.00               0.00                20.00           1290.0              0.0
ClockStopWatchPausedVerify                    2                 5.00               0.80                 4.80            419.8              0.0
ClockStopWatchRunning                         3                 5.00               1.00                 3.20            288.8              0.0
OpenAppTaskEval                               4                 5.00               1.00                 1.40            124.6              0.0
RecipeDeleteSingleRecipe                      5                 5.00               0.40                 9.80            848.0              0.0
RecipeDeleteSingleWithRecipeWithNoise         6                 5.00               0.00                20.00           2438.6              0.0
========= Average =========                   0                 4.71               0.46                10.17            927.1              0.0


               mean_success_rate
difficulty                  easy
tags                            
data_edit                   0.20
game_playing                0.00
parameterized               0.35
requires_setup              0.00
screen_reading              0.00
search                      0.20
untagged                    1.00
verification                0.80
W0813 12:08:06.024522 132979839951936 task_eval.py:125] Skipping app snapshot loading : Snapshot not found in /data/data/android_world/snapshots/com.android.chrome.
Running task BrowserDraw with goal "Open the file task.html in Downloads in the file manager; when prompted open it with Chrome. Then create a drawing using the three colors shown at the top and hit submit."
Completed step 1.
Completed step 2.
Completed step 3.
Completed step 4.
Completed step 5.
Completed step 6.
Completed step 7.
Completed step 8.
Completed step 9.
Completed step 10.
Completed step 11.
Completed step 12.
Completed step 13.
Completed step 14.
Completed step 15.
Completed step 16.
Completed step 17.
Completed step 18.
Completed step 19.
Completed step 20.
Agent did not indicate task is done. Reached max number of steps.
Task Failed ❌;  Open the file task.html in Downloads in the file manager; when prompted open it with Chrome. Then create a drawing using the three colors shown at the top and hit submit.
W0813 12:15:21.075617 132979839951936 task_eval.py:125] Skipping app snapshot loading : Snapshot not found in /data/data/android_world/snapshots/com.android.chrome.


                                       task_num  num_complete_trials  mean_success_rate  mean_episode_length  total_runtime_s  num_fail_trials
task                                                                                                                                          
AudioRecorderRecordAudio                      0                 5.00               0.00                12.00           1079.9              0.0
BrowserDraw                                   1                 4.00               0.00                20.00           1726.1              0.0
ClockStopWatchPausedVerify                    2                 5.00               0.80                 4.80            419.8              0.0
ClockStopWatchRunning                         3                 5.00               1.00                 3.20            288.8              0.0
OpenAppTaskEval                               4                 5.00               1.00                 1.40            124.6              0.0
RecipeDeleteSingleRecipe                      5                 5.00               0.40                 9.80            848.0              0.0
RecipeDeleteSingleWithRecipeWithNoise         6                 5.00               0.00                20.00           2438.6              0.0
========= Average =========                   0                 4.86               0.46                10.17            989.4              0.0


               mean_success_rate
difficulty                  easy
tags                            
data_edit                   0.20
game_playing                0.00
parameterized               0.35
requires_setup              0.00
screen_reading              0.00
search                      0.20
untagged                    1.00
verification                0.80
W0813 12:15:31.111818 132979839951936 task_eval.py:125] Skipping app snapshot loading : Snapshot not found in /data/data/android_world/snapshots/com.android.chrome.
Running task BrowserDraw with goal "Open the file task.html in Downloads in the file manager; when prompted open it with Chrome. Then create a drawing using the three colors shown at the top and hit submit."
Completed step 1.
Completed step 2.
Completed step 3.
Completed step 4.
Completed step 5.
Completed step 6.
Completed step 7.
Completed step 8.
Completed step 9.
Completed step 10.
Completed step 11.
Completed step 12.
Completed step 13.
Completed step 14.
Completed step 15.
Completed step 16.
Completed step 17.
Completed step 18.
Completed step 19.
Completed step 20.
Agent did not indicate task is done. Reached max number of steps.
Task Failed ❌;  Open the file task.html in Downloads in the file manager; when prompted open it with Chrome. Then create a drawing using the three colors shown at the top and hit submit.
W0813 12:21:26.980788 132979839951936 task_eval.py:125] Skipping app snapshot loading : Snapshot not found in /data/data/android_world/snapshots/com.android.chrome.


                                       task_num  num_complete_trials  mean_success_rate  mean_episode_length  total_runtime_s  num_fail_trials
task                                                                                                                                          
AudioRecorderRecordAudio                      0                  5.0               0.00                12.00           1079.9              0.0
BrowserDraw                                   1                  5.0               0.00                20.00           2083.1              0.0
ClockStopWatchPausedVerify                    2                  5.0               0.80                 4.80            419.8              0.0
ClockStopWatchRunning                         3                  5.0               1.00                 3.20            288.8              0.0
OpenAppTaskEval                               4                  5.0               1.00                 1.40            124.6              0.0
RecipeDeleteSingleRecipe                      5                  5.0               0.40                 9.80            848.0              0.0
RecipeDeleteSingleWithRecipeWithNoise         6                  5.0               0.00                20.00           2438.6              0.0
========= Average =========                   0                  5.0               0.46                10.17           1040.4              0.0


               mean_success_rate
difficulty                  easy
tags                            
data_edit                   0.20
game_playing                0.00
parameterized               0.35
requires_setup              0.00
screen_reading              0.00
search                      0.20
untagged                    1.00
verification                0.80

Running task: CameraTakePhoto
=============================
W0813 12:21:32.304004 132979839951936 task_eval.py:125] Skipping app snapshot loading : Snapshot not found in /data/data/android_world/snapshots/com.android.camera2.
Running task CameraTakePhoto with goal "Take one photo."
Completed step 1.
Completed step 2.
Completed step 3.
Completed step 4.
Completed step 5.
Completed step 6.
Completed step 7.
Completed step 8.
Completed step 9.
Completed step 10.
Agent did not indicate task is done. Reached max number of steps.
Task Failed ❌;  Take one photo.
W0813 12:23:27.997027 132979839951936 task_eval.py:125] Skipping app snapshot loading : Snapshot not found in /data/data/android_world/snapshots/com.android.camera2.


                                       task_num  num_complete_trials  mean_success_rate  mean_episode_length  total_runtime_s  num_fail_trials
task                                                                                                                                          
AudioRecorderRecordAudio                      0                  5.0                0.0                12.00          1079.90              0.0
BrowserDraw                                   1                  5.0                0.0                20.00          2083.10              0.0
CameraTakePhoto                               2                  1.0                0.0                10.00           116.10              0.0
ClockStopWatchPausedVerify                    3                  5.0                0.8                 4.80           419.80              0.0
ClockStopWatchRunning                         4                  5.0                1.0                 3.20           288.80              0.0
OpenAppTaskEval                               5                  5.0                1.0                 1.40           124.60              0.0
RecipeDeleteSingleRecipe                      6                  5.0                0.4                 9.80           848.00              0.0
RecipeDeleteSingleWithRecipeWithNoise         7                  5.0                0.0                20.00          2438.60              0.0
========= Average =========                   0                  4.5                0.4                10.15           924.86              0.0


               mean_success_rate
difficulty                  easy
tags                            
data_edit                   0.20
game_playing                0.00
parameterized               0.35
requires_setup              0.00
screen_reading              0.00
search                      0.20
untagged                    0.50
verification                0.80
W0813 12:23:30.544458 132979839951936 task_eval.py:125] Skipping app snapshot loading : Snapshot not found in /data/data/android_world/snapshots/com.android.camera2.
Running task CameraTakePhoto with goal "Take one photo."
Completed step 1.
Completed step 2.
Completed step 3.
Completed step 4.
Completed step 5.
Completed step 6.
Completed step 7.
Completed step 8.
Completed step 9.
Completed step 10.
Agent did not indicate task is done. Reached max number of steps.
Task Failed ❌;  Take one photo.
W0813 12:25:30.840419 132979839951936 task_eval.py:125] Skipping app snapshot loading : Snapshot not found in /data/data/android_world/snapshots/com.android.camera2.


                                       task_num  num_complete_trials  mean_success_rate  mean_episode_length  total_runtime_s  num_fail_trials
task                                                                                                                                          
AudioRecorderRecordAudio                      0                 5.00                0.0                12.00          1079.90              0.0
BrowserDraw                                   1                 5.00                0.0                20.00          2083.10              0.0
CameraTakePhoto                               2                 2.00                0.0                10.00           236.80              0.0
ClockStopWatchPausedVerify                    3                 5.00                0.8                 4.80           419.80              0.0
ClockStopWatchRunning                         4                 5.00                1.0                 3.20           288.80              0.0
OpenAppTaskEval                               5                 5.00                1.0                 1.40           124.60              0.0
RecipeDeleteSingleRecipe                      6                 5.00                0.4                 9.80           848.00              0.0
RecipeDeleteSingleWithRecipeWithNoise         7                 5.00                0.0                20.00          2438.60              0.0
========= Average =========                   0                 4.62                0.4                10.15           939.95              0.0


               mean_success_rate
difficulty                  easy
tags                            
data_edit                   0.20
game_playing                0.00
parameterized               0.35
requires_setup              0.00
screen_reading              0.00
search                      0.20
untagged                    0.50
verification                0.80
W0813 12:25:33.191066 132979839951936 task_eval.py:125] Skipping app snapshot loading : Snapshot not found in /data/data/android_world/snapshots/com.android.camera2.
Running task CameraTakePhoto with goal "Take one photo."
W0813 12:25:33.891263 132979839951936 android_world_controller.py:98] Could not get a11y tree, retrying.
Completed step 1.
Completed step 2.
Completed step 3.
Completed step 4.
Completed step 5.
Completed step 6.
Completed step 7.
Completed step 8.
Completed step 9.
Completed step 10.
Agent did not indicate task is done. Reached max number of steps.
Task Failed ❌;  Take one photo.
W0813 12:27:32.563051 132979839951936 task_eval.py:125] Skipping app snapshot loading : Snapshot not found in /data/data/android_world/snapshots/com.android.camera2.


                                       task_num  num_complete_trials  mean_success_rate  mean_episode_length  total_runtime_s  num_fail_trials
task                                                                                                                                          
AudioRecorderRecordAudio                      0                 5.00                0.0                12.00          1079.90              0.0
BrowserDraw                                   1                 5.00                0.0                20.00          2083.10              0.0
CameraTakePhoto                               2                 3.00                0.0                10.00           356.60              0.0
ClockStopWatchPausedVerify                    3                 5.00                0.8                 4.80           419.80              0.0
ClockStopWatchRunning                         4                 5.00                1.0                 3.20           288.80              0.0
OpenAppTaskEval                               5                 5.00                1.0                 1.40           124.60              0.0
RecipeDeleteSingleRecipe                      6                 5.00                0.4                 9.80           848.00              0.0
RecipeDeleteSingleWithRecipeWithNoise         7                 5.00                0.0                20.00          2438.60              0.0
========= Average =========                   0                 4.75                0.4                10.15           954.92              0.0


               mean_success_rate
difficulty                  easy
tags                            
data_edit                   0.20
game_playing                0.00
parameterized               0.35
requires_setup              0.00
screen_reading              0.00
search                      0.20
untagged                    0.50
verification                0.80
W0813 12:27:34.991756 132979839951936 task_eval.py:125] Skipping app snapshot loading : Snapshot not found in /data/data/android_world/snapshots/com.android.camera2.
Running task CameraTakePhoto with goal "Take one photo."
W0813 12:27:35.763677 132979839951936 android_world_controller.py:98] Could not get a11y tree, retrying.
W0813 12:27:36.763980 132979839951936 android_world_controller.py:98] Could not get a11y tree, retrying.
Completed step 1.
Completed step 2.
Completed step 3.
Completed step 4.
Completed step 5.
Completed step 6.
Completed step 7.
Completed step 8.
Completed step 9.
Completed step 10.
Agent did not indicate task is done. Reached max number of steps.
Task Failed ❌;  Take one photo.
W0813 12:29:33.330810 132979839951936 task_eval.py:125] Skipping app snapshot loading : Snapshot not found in /data/data/android_world/snapshots/com.android.camera2.


                                       task_num  num_complete_trials  mean_success_rate  mean_episode_length  total_runtime_s  num_fail_trials
task                                                                                                                                          
AudioRecorderRecordAudio                      0                 5.00                0.0                12.00          1079.90              0.0
BrowserDraw                                   1                 5.00                0.0                20.00          2083.10              0.0
CameraTakePhoto                               2                 4.00                0.0                10.00           475.30              0.0
ClockStopWatchPausedVerify                    3                 5.00                0.8                 4.80           419.80              0.0
ClockStopWatchRunning                         4                 5.00                1.0                 3.20           288.80              0.0
OpenAppTaskEval                               5                 5.00                1.0                 1.40           124.60              0.0
RecipeDeleteSingleRecipe                      6                 5.00                0.4                 9.80           848.00              0.0
RecipeDeleteSingleWithRecipeWithNoise         7                 5.00                0.0                20.00          2438.60              0.0
========= Average =========                   0                 4.88                0.4                10.15           969.76              0.0


               mean_success_rate
difficulty                  easy
tags                            
data_edit                   0.20
game_playing                0.00
parameterized               0.35
requires_setup              0.00
screen_reading              0.00
search                      0.20
untagged                    0.50
verification                0.80
W0813 12:29:35.742709 132979839951936 task_eval.py:125] Skipping app snapshot loading : Snapshot not found in /data/data/android_world/snapshots/com.android.camera2.
Running task CameraTakePhoto with goal "Take one photo."
Completed step 1.
Completed step 2.
Completed step 3.
Completed step 4.
Completed step 5.
Completed step 6.
Completed step 7.
Completed step 8.
Completed step 9.
Completed step 10.
Agent did not indicate task is done. Reached max number of steps.
Task Failed ❌;  Take one photo.
W0813 12:31:25.152698 132979839951936 task_eval.py:125] Skipping app snapshot loading : Snapshot not found in /data/data/android_world/snapshots/com.android.camera2.


                                       task_num  num_complete_trials  mean_success_rate  mean_episode_length  total_runtime_s  num_fail_trials
task                                                                                                                                          
AudioRecorderRecordAudio                      0                  5.0                0.0                12.00          1079.90              0.0
BrowserDraw                                   1                  5.0                0.0                20.00          2083.10              0.0
CameraTakePhoto                               2                  5.0                0.0                10.00           585.00              0.0
ClockStopWatchPausedVerify                    3                  5.0                0.8                 4.80           419.80              0.0
ClockStopWatchRunning                         4                  5.0                1.0                 3.20           288.80              0.0
OpenAppTaskEval                               5                  5.0                1.0                 1.40           124.60              0.0
RecipeDeleteSingleRecipe                      6                  5.0                0.4                 9.80           848.00              0.0
RecipeDeleteSingleWithRecipeWithNoise         7                  5.0                0.0                20.00          2438.60              0.0
========= Average =========                   0                  5.0                0.4                10.15           983.48              0.0


               mean_success_rate
difficulty                  easy
tags                            
data_edit                   0.20
game_playing                0.00
parameterized               0.35
requires_setup              0.00
screen_reading              0.00
search                      0.20
untagged                    0.50
verification                0.80

Running task: ContactsAddContact
================================
W0813 12:31:27.517908 132979839951936 task_eval.py:125] Skipping app snapshot loading : Snapshot not found in /data/data/android_world/snapshots/com.google.android.contacts.
Running task ContactsAddContact with goal "Create a new contact for Hugo Pereira. Their number is +13920741751."
W0813 12:31:28.075402 132979839951936 android_world_controller.py:98] Could not get a11y tree, retrying.
Completed step 1.
Completed step 2.
Completed step 3.
Completed step 4.
Completed step 5.
Completed step 6.
Completed step 7.
Completed step 8.
Completed step 9.
Completed step 10.
Completed step 11.
Completed step 12.
Agent did not indicate task is done. Reached max number of steps.
Task Failed ❌;  Create a new contact for Hugo Pereira. Their number is +13920741751.
W0813 12:34:27.923798 132979839951936 task_eval.py:125] Skipping app snapshot loading : Snapshot not found in /data/data/android_world/snapshots/com.google.android.contacts.


                                       task_num  num_complete_trials  mean_success_rate  mean_episode_length  total_runtime_s  num_fail_trials
task                                                                                                                                          
AudioRecorderRecordAudio                      0                 5.00               0.00                12.00           1079.9              0.0
BrowserDraw                                   1                 5.00               0.00                20.00           2083.1              0.0
CameraTakePhoto                               2                 5.00               0.00                10.00            585.0              0.0
ClockStopWatchPausedVerify                    3                 5.00               0.80                 4.80            419.8              0.0
ClockStopWatchRunning                         4                 5.00               1.00                 3.20            288.8              0.0
ContactsAddContact                            5                 1.00               0.00                12.00            180.9              0.0
OpenAppTaskEval                               6                 5.00               1.00                 1.40            124.6              0.0
RecipeDeleteSingleRecipe                      7                 5.00               0.40                 9.80            848.0              0.0
RecipeDeleteSingleWithRecipeWithNoise         8                 5.00               0.00                20.00           2438.6              0.0
========= Average =========                   0                 4.56               0.36                10.36            894.3              0.0


               mean_success_rate
difficulty                  easy
tags                            
data_edit                   0.20
data_entry                  0.00
game_playing                0.00
parameterized               0.28
requires_setup              0.00
screen_reading              0.00
search                      0.20
untagged                    0.50
verification                0.80
W0813 12:34:30.254760 132979839951936 task_eval.py:125] Skipping app snapshot loading : Snapshot not found in /data/data/android_world/snapshots/com.google.android.contacts.
Running task ContactsAddContact with goal "Create a new contact for Mariam Chen. Their number is +18332445674."
Completed step 1.
Completed step 2.
Completed step 3.
Completed step 4.
Completed step 5.
Completed step 6.
Completed step 7.
Completed step 8.
Completed step 9.
Completed step 10.
Completed step 11.
Completed step 12.
Agent did not indicate task is done. Reached max number of steps.
Task Failed ❌;  Create a new contact for Mariam Chen. Their number is +18332445674.
W0813 12:37:29.339373 132979839951936 task_eval.py:125] Skipping app snapshot loading : Snapshot not found in /data/data/android_world/snapshots/com.google.android.contacts.


                                       task_num  num_complete_trials  mean_success_rate  mean_episode_length  total_runtime_s  num_fail_trials
task                                                                                                                                          
AudioRecorderRecordAudio                      0                 5.00               0.00                12.00          1079.90              0.0
BrowserDraw                                   1                 5.00               0.00                20.00          2083.10              0.0
CameraTakePhoto                               2                 5.00               0.00                10.00           585.00              0.0
ClockStopWatchPausedVerify                    3                 5.00               0.80                 4.80           419.80              0.0
ClockStopWatchRunning                         4                 5.00               1.00                 3.20           288.80              0.0
ContactsAddContact                            5                 2.00               0.00                12.00           360.50              0.0
OpenAppTaskEval                               6                 5.00               1.00                 1.40           124.60              0.0
RecipeDeleteSingleRecipe                      7                 5.00               0.40                 9.80           848.00              0.0
RecipeDeleteSingleWithRecipeWithNoise         8                 5.00               0.00                20.00          2438.60              0.0
========= Average =========                   0                 4.67               0.36                10.36           914.26              0.0


               mean_success_rate
difficulty                  easy
tags                            
data_edit                   0.20
data_entry                  0.00
game_playing                0.00
parameterized               0.28
requires_setup              0.00
screen_reading              0.00
search                      0.20
untagged                    0.50
verification                0.80
W0813 12:37:31.750932 132979839951936 task_eval.py:125] Skipping app snapshot loading : Snapshot not found in /data/data/android_world/snapshots/com.google.android.contacts.
Running task ContactsAddContact with goal "Create a new contact for Isla Martin. Their number is +15256606183."
Completed step 1.
Completed step 2.
Completed step 3.
Completed step 4.
Completed step 5.
Completed step 6.
Completed step 7.
Completed step 8.
Completed step 9.
Completed step 10.
Completed step 11.
Completed step 12.
Agent did not indicate task is done. Reached max number of steps.
Task Failed ❌;  Create a new contact for Isla Martin. Their number is +15256606183.
W0813 12:40:30.461728 132979839951936 task_eval.py:125] Skipping app snapshot loading : Snapshot not found in /data/data/android_world/snapshots/com.google.android.contacts.


                                       task_num  num_complete_trials  mean_success_rate  mean_episode_length  total_runtime_s  num_fail_trials
task                                                                                                                                          
AudioRecorderRecordAudio                      0                 5.00               0.00                12.00          1079.90              0.0
BrowserDraw                                   1                 5.00               0.00                20.00          2083.10              0.0
CameraTakePhoto                               2                 5.00               0.00                10.00           585.00              0.0
ClockStopWatchPausedVerify                    3                 5.00               0.80                 4.80           419.80              0.0
ClockStopWatchRunning                         4                 5.00               1.00                 3.20           288.80              0.0
ContactsAddContact                            5                 3.00               0.00                12.00           539.70              0.0
OpenAppTaskEval                               6                 5.00               1.00                 1.40           124.60              0.0
RecipeDeleteSingleRecipe                      7                 5.00               0.40                 9.80           848.00              0.0
RecipeDeleteSingleWithRecipeWithNoise         8                 5.00               0.00                20.00          2438.60              0.0
========= Average =========                   0                 4.78               0.36                10.36           934.17              0.0


               mean_success_rate
difficulty                  easy
tags                            
data_edit                   0.20
data_entry                  0.00
game_playing                0.00
parameterized               0.28
requires_setup              0.00
screen_reading              0.00
search                      0.20
untagged                    0.50
verification                0.80
W0813 12:40:32.755375 132979839951936 task_eval.py:125] Skipping app snapshot loading : Snapshot not found in /data/data/android_world/snapshots/com.google.android.contacts.
Running task ContactsAddContact with goal "Create a new contact for Sophie Ahmed. Their number is +11555474287."
Completed step 1.
Completed step 2.
Completed step 3.
Completed step 4.
Completed step 5.
Completed step 6.
Completed step 7.
Completed step 8.
Completed step 9.
Completed step 10.
Completed step 11.
Completed step 12.
Agent did not indicate task is done. Reached max number of steps.
Task Failed ❌;  Create a new contact for Sophie Ahmed. Their number is +11555474287.
W0813 12:43:33.322127 132979839951936 task_eval.py:125] Skipping app snapshot loading : Snapshot not found in /data/data/android_world/snapshots/com.google.android.contacts.


                                       task_num  num_complete_trials  mean_success_rate  mean_episode_length  total_runtime_s  num_fail_trials
task                                                                                                                                          
AudioRecorderRecordAudio                      0                 5.00               0.00                12.00          1079.90              0.0
BrowserDraw                                   1                 5.00               0.00                20.00          2083.10              0.0
CameraTakePhoto                               2                 5.00               0.00                10.00           585.00              0.0
ClockStopWatchPausedVerify                    3                 5.00               0.80                 4.80           419.80              0.0
ClockStopWatchRunning                         4                 5.00               1.00                 3.20           288.80              0.0
ContactsAddContact                            5                 4.00               0.00                12.00           720.80              0.0
OpenAppTaskEval                               6                 5.00               1.00                 1.40           124.60              0.0
RecipeDeleteSingleRecipe                      7                 5.00               0.40                 9.80           848.00              0.0
RecipeDeleteSingleWithRecipeWithNoise         8                 5.00               0.00                20.00          2438.60              0.0
========= Average =========                   0                 4.89               0.36                10.36           954.29              0.0


               mean_success_rate
difficulty                  easy
tags                            
data_edit                   0.20
data_entry                  0.00
game_playing                0.00
parameterized               0.28
requires_setup              0.00
screen_reading              0.00
search                      0.20
untagged                    0.50
verification                0.80
W0813 12:43:35.712054 132979839951936 task_eval.py:125] Skipping app snapshot loading : Snapshot not found in /data/data/android_world/snapshots/com.google.android.contacts.
Running task ContactsAddContact with goal "Create a new contact for Sophia Zhang. Their number is +17890682839."
Completed step 1.
Completed step 2.
Completed step 3.
Completed step 4.
Completed step 5.
Completed step 6.
Completed step 7.
Completed step 8.
Completed step 9.
Completed step 10.
Completed step 11.
Completed step 12.
Agent did not indicate task is done. Reached max number of steps.
Task Failed ❌;  Create a new contact for Sophia Zhang. Their number is +17890682839.
W0813 12:46:32.810688 132979839951936 task_eval.py:125] Skipping app snapshot loading : Snapshot not found in /data/data/android_world/snapshots/com.google.android.contacts.


                                       task_num  num_complete_trials  mean_success_rate  mean_episode_length  total_runtime_s  num_fail_trials
task                                                                                                                                          
AudioRecorderRecordAudio                      0                  5.0               0.00                12.00          1079.90              0.0
BrowserDraw                                   1                  5.0               0.00                20.00          2083.10              0.0
CameraTakePhoto                               2                  5.0               0.00                10.00           585.00              0.0
ClockStopWatchPausedVerify                    3                  5.0               0.80                 4.80           419.80              0.0
ClockStopWatchRunning                         4                  5.0               1.00                 3.20           288.80              0.0
ContactsAddContact                            5                  5.0               0.00                12.00           898.40              0.0
OpenAppTaskEval                               6                  5.0               1.00                 1.40           124.60              0.0
RecipeDeleteSingleRecipe                      7                  5.0               0.40                 9.80           848.00              0.0
RecipeDeleteSingleWithRecipeWithNoise         8                  5.0               0.00                20.00          2438.60              0.0
========= Average =========                   0                  5.0               0.36                10.36           974.02              0.0


               mean_success_rate
difficulty                  easy
tags                            
data_edit                   0.20
data_entry                  0.00
game_playing                0.00
parameterized               0.28
requires_setup              0.00
screen_reading              0.00
search                      0.20
untagged                    0.50
verification                0.80

Running task: ExpenseAddSingle
==============================
W0813 12:46:36.848531 132979839951936 task_eval.py:125] Skipping app snapshot loading : Snapshot not found in /data/data/android_world/snapshots/com.arduia.expense.
Running task ExpenseAddSingle with goal "Add the following expenses into the pro expense:
Expense: Therapy Sessions
 amount_dollars: $307.01
 category_name: Health Care
 note: I may repeat this
"
W0813 12:46:40.228070 132979839951936 android_world_controller.py:98] Could not get a11y tree, retrying.
Completed step 1.
W0813 12:47:08.583673 132979839951936 sqlite_validators.py:168] Expected row Expense(name='Therapy Sessions', amount=30701, category=9, note='I may repeat this', created_date=1697097600000, modified_date=1697097600000, expense_id=-1) not found in the 'after' state.
Completed step 2.
W0813 12:47:30.428303 132979839951936 sqlite_validators.py:168] Expected row Expense(name='Therapy Sessions', amount=30701, category=9, note='I may repeat this', created_date=1697097600000, modified_date=1697097600000, expense_id=-1) not found in the 'after' state.
Completed step 3.
W0813 12:47:52.269328 132979839951936 sqlite_validators.py:168] Expected row Expense(name='Therapy Sessions', amount=30701, category=9, note='I may repeat this', created_date=1697097600000, modified_date=1697097600000, expense_id=-1) not found in the 'after' state.
Completed step 4.
W0813 12:48:16.739382 132979839951936 sqlite_validators.py:168] Expected row Expense(name='Therapy Sessions', amount=30701, category=9, note='I may repeat this', created_date=1697097600000, modified_date=1697097600000, expense_id=-1) not found in the 'after' state.
Completed step 5.
W0813 12:48:31.281506 132979839951936 sqlite_validators.py:168] Expected row Expense(name='Therapy Sessions', amount=30701, category=9, note='I may repeat this', created_date=1697097600000, modified_date=1697097600000, expense_id=-1) not found in the 'after' state.
Completed step 6.
W0813 12:48:44.837873 132979839951936 sqlite_validators.py:168] Expected row Expense(name='Therapy Sessions', amount=30701, category=9, note='I may repeat this', created_date=1697097600000, modified_date=1697097600000, expense_id=-1) not found in the 'after' state.
Completed step 7.
W0813 12:49:09.030028 132979839951936 sqlite_validators.py:168] Expected row Expense(name='Therapy Sessions', amount=30701, category=9, note='I may repeat this', created_date=1697097600000, modified_date=1697097600000, expense_id=-1) not found in the 'after' state.
Completed step 8.
W0813 12:49:33.034889 132979839951936 sqlite_validators.py:168] Expected row Expense(name='Therapy Sessions', amount=30701, category=9, note='I may repeat this', created_date=1697097600000, modified_date=1697097600000, expense_id=-1) not found in the 'after' state.
Completed step 9.
W0813 12:49:46.497247 132979839951936 sqlite_validators.py:168] Expected row Expense(name='Therapy Sessions', amount=30701, category=9, note='I may repeat this', created_date=1697097600000, modified_date=1697097600000, expense_id=-1) not found in the 'after' state.
Completed step 10.
W0813 12:50:10.459745 132979839951936 sqlite_validators.py:168] Expected row Expense(name='Therapy Sessions', amount=30701, category=9, note='I may repeat this', created_date=1697097600000, modified_date=1697097600000, expense_id=-1) not found in the 'after' state.
Completed step 11.
W0813 12:50:23.894823 132979839951936 sqlite_validators.py:168] Expected row Expense(name='Therapy Sessions', amount=30701, category=9, note='I may repeat this', created_date=1697097600000, modified_date=1697097600000, expense_id=-1) not found in the 'after' state.
Completed step 12.
W0813 12:50:40.345224 132979839951936 sqlite_validators.py:168] Expected row Expense(name='Therapy Sessions', amount=30701, category=9, note='I may repeat this', created_date=1697097600000, modified_date=1697097600000, expense_id=-1) not found in the 'after' state.
Agent did not indicate task is done. Reached max number of steps.
W0813 12:50:40.803291 132979839951936 sqlite_validators.py:168] Expected row Expense(name='Therapy Sessions', amount=30701, category=9, note='I may repeat this', created_date=1697097600000, modified_date=1697097600000, expense_id=-1) not found in the 'after' state.
Task Failed ❌;  Add the following expenses into the pro expense:
Expense: Therapy Sessions
 amount_dollars: $307.01
 category_name: Health Care
 note: I may repeat this

W0813 12:50:41.212658 132979839951936 task_eval.py:125] Skipping app snapshot loading : Snapshot not found in /data/data/android_world/snapshots/com.arduia.expense.


                                       task_num  num_complete_trials  mean_success_rate  mean_episode_length  total_runtime_s  num_fail_trials
task                                                                                                                                          
AudioRecorderRecordAudio                      0                  5.0               0.00                12.00          1079.90              0.0
BrowserDraw                                   1                  5.0               0.00                20.00          2083.10              0.0
CameraTakePhoto                               2                  5.0               0.00                10.00           585.00              0.0
ClockStopWatchPausedVerify                    3                  5.0               0.80                 4.80           419.80              0.0
ClockStopWatchRunning                         4                  5.0               1.00                 3.20           288.80              0.0
ContactsAddContact                            5                  5.0               0.00                12.00           898.40              0.0
ExpenseAddSingle                              6                  1.0               0.00                12.00           246.40              0.0
OpenAppTaskEval                               7                  5.0               1.00                 1.40           124.60              0.0
RecipeDeleteSingleRecipe                      8                  5.0               0.40                 9.80           848.00              0.0
RecipeDeleteSingleWithRecipeWithNoise         9                  5.0               0.00                20.00          2438.60              0.0
========= Average =========                   0                  4.6               0.32                10.52           901.26              0.0


               mean_success_rate
difficulty                  easy
tags                            
data_edit                   0.20
data_entry                  0.00
game_playing                0.00
parameterized               0.23
requires_setup              0.00
screen_reading              0.00
search                      0.13
untagged                    0.50
verification                0.80
W0813 12:50:46.977482 132979839951936 task_eval.py:125] Skipping app snapshot loading : Snapshot not found in /data/data/android_world/snapshots/com.arduia.expense.
Running task ExpenseAddSingle with goal "Add the following expenses into the pro expense:
Expense: Health Insurance
 amount_dollars: $317.47
 category_name: Health Care
 note: I may repeat this
"
Completed step 1.
W0813 12:51:16.274527 132979839951936 sqlite_validators.py:168] Expected row Expense(name='Health Insurance', amount=31747, category=9, note='I may repeat this', created_date=1696370400000, modified_date=1696370400000, expense_id=-1) not found in the 'after' state.
Completed step 2.
W0813 12:51:39.238380 132979839951936 sqlite_validators.py:168] Expected row Expense(name='Health Insurance', amount=31747, category=9, note='I may repeat this', created_date=1696370400000, modified_date=1696370400000, expense_id=-1) not found in the 'after' state.
Completed step 3.
W0813 12:52:07.025070 132979839951936 sqlite_validators.py:168] Expected row Expense(name='Health Insurance', amount=31747, category=9, note='I may repeat this', created_date=1696370400000, modified_date=1696370400000, expense_id=-1) not found in the 'after' state.
Completed step 4.
W0813 12:52:48.773120 132979839951936 sqlite_validators.py:168] Expected row Expense(name='Health Insurance', amount=31747, category=9, note='I may repeat this', created_date=1696370400000, modified_date=1696370400000, expense_id=-1) not found in the 'after' state.
Completed step 5.
W0813 12:53:38.199756 132979839951936 sqlite_validators.py:168] Expected row Expense(name='Health Insurance', amount=31747, category=9, note='I may repeat this', created_date=1696370400000, modified_date=1696370400000, expense_id=-1) not found in the 'after' state.
Completed step 6.
W0813 12:54:15.130108 132979839951936 sqlite_validators.py:168] Expected row Expense(name='Health Insurance', amount=31747, category=9, note='I may repeat this', created_date=1696370400000, modified_date=1696370400000, expense_id=-1) not found in the 'after' state.
Completed step 7.
W0813 12:54:50.794782 132979839951936 sqlite_validators.py:168] Expected row Expense(name='Health Insurance', amount=31747, category=9, note='I may repeat this', created_date=1696370400000, modified_date=1696370400000, expense_id=-1) not found in the 'after' state.
Completed step 8.
W0813 12:55:20.246209 132979839951936 sqlite_validators.py:168] Expected row Expense(name='Health Insurance', amount=31747, category=9, note='I may repeat this', created_date=1696370400000, modified_date=1696370400000, expense_id=-1) not found in the 'after' state.
Completed step 9.
W0813 12:55:39.691938 132979839951936 sqlite_validators.py:168] Expected row Expense(name='Health Insurance', amount=31747, category=9, note='I may repeat this', created_date=1696370400000, modified_date=1696370400000, expense_id=-1) not found in the 'after' state.
Completed step 10.
W0813 12:56:01.531461 132979839951936 sqlite_validators.py:168] Expected row Expense(name='Health Insurance', amount=31747, category=9, note='I may repeat this', created_date=1696370400000, modified_date=1696370400000, expense_id=-1) not found in the 'after' state.
Completed step 11.
W0813 12:56:21.809375 132979839951936 sqlite_validators.py:168] Expected row Expense(name='Health Insurance', amount=31747, category=9, note='I may repeat this', created_date=1696370400000, modified_date=1696370400000, expense_id=-1) not found in the 'after' state.
Completed step 12.
W0813 12:56:44.356069 132979839951936 sqlite_validators.py:168] Expected row Expense(name='Health Insurance', amount=31747, category=9, note='I may repeat this', created_date=1696370400000, modified_date=1696370400000, expense_id=-1) not found in the 'after' state.
Agent did not indicate task is done. Reached max number of steps.
W0813 12:56:44.822558 132979839951936 sqlite_validators.py:168] Expected row Expense(name='Health Insurance', amount=31747, category=9, note='I may repeat this', created_date=1696370400000, modified_date=1696370400000, expense_id=-1) not found in the 'after' state.
Task Failed ❌;  Add the following expenses into the pro expense:
Expense: Health Insurance
 amount_dollars: $317.47
 category_name: Health Care
 note: I may repeat this

W0813 12:56:45.100263 132979839951936 task_eval.py:125] Skipping app snapshot loading : Snapshot not found in /data/data/android_world/snapshots/com.arduia.expense.


                                       task_num  num_complete_trials  mean_success_rate  mean_episode_length  total_runtime_s  num_fail_trials
task                                                                                                                                          
AudioRecorderRecordAudio                      0                  5.0               0.00                12.00          1079.90              0.0
BrowserDraw                                   1                  5.0               0.00                20.00          2083.10              0.0
CameraTakePhoto                               2                  5.0               0.00                10.00           585.00              0.0
ClockStopWatchPausedVerify                    3                  5.0               0.80                 4.80           419.80              0.0
ClockStopWatchRunning                         4                  5.0               1.00                 3.20           288.80              0.0
ContactsAddContact                            5                  5.0               0.00                12.00           898.40              0.0
ExpenseAddSingle                              6                  2.0               0.00                12.00           606.70              0.0
OpenAppTaskEval                               7                  5.0               1.00                 1.40           124.60              0.0
RecipeDeleteSingleRecipe                      8                  5.0               0.40                 9.80           848.00              0.0
RecipeDeleteSingleWithRecipeWithNoise         9                  5.0               0.00                20.00          2438.60              0.0
========= Average =========                   0                  4.7               0.32                10.52           937.29              0.0


               mean_success_rate
difficulty                  easy
tags                            
data_edit                   0.20
data_entry                  0.00
game_playing                0.00
parameterized               0.23
requires_setup              0.00
screen_reading              0.00
search                      0.13
untagged                    0.50
verification                0.80
W0813 12:56:50.985938 132979839951936 task_eval.py:125] Skipping app snapshot loading : Snapshot not found in /data/data/android_world/snapshots/com.arduia.expense.
Running task ExpenseAddSingle with goal "Add the following expenses into the pro expense:
name|amount_dollars|category_name|note
Sportswear|$418.57|Clothes|A need"
W0813 12:56:54.355749 132979839951936 android_world_controller.py:98] Could not get a11y tree, retrying.
Completed step 1.
W0813 12:57:21.652518 132979839951936 sqlite_validators.py:168] Expected row Expense(name='Sportswear', amount=41857, category=8, note='A need', created_date=1697230800000, modified_date=1697230800000, expense_id=-1) not found in the 'after' state.
Completed step 2.
W0813 12:57:47.426434 132979839951936 sqlite_validators.py:168] Expected row Expense(name='Sportswear', amount=41857, category=8, note='A need', created_date=1697230800000, modified_date=1697230800000, expense_id=-1) not found in the 'after' state.
Completed step 3.
W0813 12:58:14.357953 132979839951936 sqlite_validators.py:168] Expected row Expense(name='Sportswear', amount=41857, category=8, note='A need', created_date=1697230800000, modified_date=1697230800000, expense_id=-1) not found in the 'after' state.
Completed step 4.
W0813 12:58:36.366738 132979839951936 sqlite_validators.py:168] Expected row Expense(name='Sportswear', amount=41857, category=8, note='A need', created_date=1697230800000, modified_date=1697230800000, expense_id=-1) not found in the 'after' state.
Completed step 5.
W0813 12:59:15.903986 132979839951936 sqlite_validators.py:168] Expected row Expense(name='Sportswear', amount=41857, category=8, note='A need', created_date=1697230800000, modified_date=1697230800000, expense_id=-1) not found in the 'after' state.
Completed step 6.
W0813 13:00:03.407885 132979839951936 sqlite_validators.py:168] Expected row Expense(name='Sportswear', amount=41857, category=8, note='A need', created_date=1697230800000, modified_date=1697230800000, expense_id=-1) not found in the 'after' state.
Completed step 7.
W0813 13:00:40.088712 132979839951936 sqlite_validators.py:168] Expected row Expense(name='Sportswear', amount=41857, category=8, note='A need', created_date=1697230800000, modified_date=1697230800000, expense_id=-1) not found in the 'after' state.
Completed step 8.
W0813 13:01:00.169755 132979839951936 sqlite_validators.py:168] Expected row Expense(name='Sportswear', amount=41857, category=8, note='A need', created_date=1697230800000, modified_date=1697230800000, expense_id=-1) not found in the 'after' state.
Completed step 9.
W0813 13:01:22.625267 132979839951936 sqlite_validators.py:168] Expected row Expense(name='Sportswear', amount=41857, category=8, note='A need', created_date=1697230800000, modified_date=1697230800000, expense_id=-1) not found in the 'after' state.
Completed step 10.
W0813 13:01:44.872531 132979839951936 sqlite_validators.py:168] Expected row Expense(name='Sportswear', amount=41857, category=8, note='A need', created_date=1697230800000, modified_date=1697230800000, expense_id=-1) not found in the 'after' state.
Completed step 11.
W0813 13:02:04.103751 132979839951936 sqlite_validators.py:168] Expected row Expense(name='Sportswear', amount=41857, category=8, note='A need', created_date=1697230800000, modified_date=1697230800000, expense_id=-1) not found in the 'after' state.
Completed step 12.
W0813 13:02:28.163381 132979839951936 sqlite_validators.py:168] Expected row Expense(name='Sportswear', amount=41857, category=8, note='A need', created_date=1697230800000, modified_date=1697230800000, expense_id=-1) not found in the 'after' state.
Agent did not indicate task is done. Reached max number of steps.
W0813 13:02:28.629580 132979839951936 sqlite_validators.py:168] Expected row Expense(name='Sportswear', amount=41857, category=8, note='A need', created_date=1697230800000, modified_date=1697230800000, expense_id=-1) not found in the 'after' state.
Task Failed ❌;  Add the following expenses into the pro expense:
name|amount_dollars|category_name|note
Sportswear|$418.57|Clothes|A need
W0813 13:02:28.907785 132979839951936 task_eval.py:125] Skipping app snapshot loading : Snapshot not found in /data/data/android_world/snapshots/com.arduia.expense.


                                       task_num  num_complete_trials  mean_success_rate  mean_episode_length  total_runtime_s  num_fail_trials
task                                                                                                                                          
AudioRecorderRecordAudio                      0                  5.0               0.00                12.00           1079.9              0.0
BrowserDraw                                   1                  5.0               0.00                20.00           2083.1              0.0
CameraTakePhoto                               2                  5.0               0.00                10.00            585.0              0.0
ClockStopWatchPausedVerify                    3                  5.0               0.80                 4.80            419.8              0.0
ClockStopWatchRunning                         4                  5.0               1.00                 3.20            288.8              0.0
ContactsAddContact                            5                  5.0               0.00                12.00            898.4              0.0
ExpenseAddSingle                              6                  3.0               0.00                12.00            946.8              0.0
OpenAppTaskEval                               7                  5.0               1.00                 1.40            124.6              0.0
RecipeDeleteSingleRecipe                      8                  5.0               0.40                 9.80            848.0              0.0
RecipeDeleteSingleWithRecipeWithNoise         9                  5.0               0.00                20.00           2438.6              0.0
========= Average =========                   0                  4.8               0.32                10.52            971.3              0.0


               mean_success_rate
difficulty                  easy
tags                            
data_edit                   0.20
data_entry                  0.00
game_playing                0.00
parameterized               0.23
requires_setup              0.00
screen_reading              0.00
search                      0.13
untagged                    0.50
verification                0.80
W0813 13:02:34.585220 132979839951936 task_eval.py:125] Skipping app snapshot loading : Snapshot not found in /data/data/android_world/snapshots/com.arduia.expense.
Running task ExpenseAddSingle with goal "Add the following expenses into the pro expense:
Expense: Seminars
 amount_dollars: $441.21
 category_name: Education
 note: I may repeat this
"
Completed step 1.
W0813 13:03:04.417003 132979839951936 sqlite_validators.py:168] Expected row Expense(name='Seminars', amount=44121, category=10, note='I may repeat this', created_date=1696230000000, modified_date=1696230000000, expense_id=-1) not found in the 'after' state.
Completed step 2.
W0813 13:03:41.256337 132979839951936 sqlite_validators.py:168] Expected row Expense(name='Seminars', amount=44121, category=10, note='I may repeat this', created_date=1696230000000, modified_date=1696230000000, expense_id=-1) not found in the 'after' state.
Completed step 3.
W0813 13:04:10.139294 132979839951936 sqlite_validators.py:168] Expected row Expense(name='Seminars', amount=44121, category=10, note='I may repeat this', created_date=1696230000000, modified_date=1696230000000, expense_id=-1) not found in the 'after' state.
Completed step 4.
W0813 13:04:50.875027 132979839951936 sqlite_validators.py:168] Expected row Expense(name='Seminars', amount=44121, category=10, note='I may repeat this', created_date=1696230000000, modified_date=1696230000000, expense_id=-1) not found in the 'after' state.
Completed step 5.
W0813 13:05:36.994479 132979839951936 sqlite_validators.py:168] Expected row Expense(name='Seminars', amount=44121, category=10, note='I may repeat this', created_date=1696230000000, modified_date=1696230000000, expense_id=-1) not found in the 'after' state.
Completed step 6.
W0813 13:06:13.677574 132979839951936 sqlite_validators.py:168] Expected row Expense(name='Seminars', amount=44121, category=10, note='I may repeat this', created_date=1696230000000, modified_date=1696230000000, expense_id=-1) not found in the 'after' state.
Completed step 7.
W0813 13:06:45.227066 132979839951936 sqlite_validators.py:168] Expected row Expense(name='Seminars', amount=44121, category=10, note='I may repeat this', created_date=1696230000000, modified_date=1696230000000, expense_id=-1) not found in the 'after' state.
Completed step 8.
W0813 13:07:13.590065 132979839951936 sqlite_validators.py:168] Expected row Expense(name='Seminars', amount=44121, category=10, note='I may repeat this', created_date=1696230000000, modified_date=1696230000000, expense_id=-1) not found in the 'after' state.
Completed step 9.
W0813 13:07:38.169861 132979839951936 sqlite_validators.py:168] Expected row Expense(name='Seminars', amount=44121, category=10, note='I may repeat this', created_date=1696230000000, modified_date=1696230000000, expense_id=-1) not found in the 'after' state.
Completed step 10.
W0813 13:08:07.757599 132979839951936 sqlite_validators.py:168] Expected row Expense(name='Seminars', amount=44121, category=10, note='I may repeat this', created_date=1696230000000, modified_date=1696230000000, expense_id=-1) not found in the 'after' state.
Completed step 11.
W0813 13:08:32.376574 132979839951936 sqlite_validators.py:168] Expected row Expense(name='Seminars', amount=44121, category=10, note='I may repeat this', created_date=1696230000000, modified_date=1696230000000, expense_id=-1) not found in the 'after' state.
Completed step 12.
W0813 13:08:56.608362 132979839951936 sqlite_validators.py:168] Expected row Expense(name='Seminars', amount=44121, category=10, note='I may repeat this', created_date=1696230000000, modified_date=1696230000000, expense_id=-1) not found in the 'after' state.
Agent did not indicate task is done. Reached max number of steps.
W0813 13:08:57.094134 132979839951936 sqlite_validators.py:168] Expected row Expense(name='Seminars', amount=44121, category=10, note='I may repeat this', created_date=1696230000000, modified_date=1696230000000, expense_id=-1) not found in the 'after' state.
Task Failed ❌;  Add the following expenses into the pro expense:
Expense: Seminars
 amount_dollars: $441.21
 category_name: Education
 note: I may repeat this

W0813 13:08:57.374634 132979839951936 task_eval.py:125] Skipping app snapshot loading : Snapshot not found in /data/data/android_world/snapshots/com.arduia.expense.


                                       task_num  num_complete_trials  mean_success_rate  mean_episode_length  total_runtime_s  num_fail_trials
task                                                                                                                                          
AudioRecorderRecordAudio                      0                  5.0               0.00                12.00          1079.90              0.0
BrowserDraw                                   1                  5.0               0.00                20.00          2083.10              0.0
CameraTakePhoto                               2                  5.0               0.00                10.00           585.00              0.0
ClockStopWatchPausedVerify                    3                  5.0               0.80                 4.80           419.80              0.0
ClockStopWatchRunning                         4                  5.0               1.00                 3.20           288.80              0.0
ContactsAddContact                            5                  5.0               0.00                12.00           898.40              0.0
ExpenseAddSingle                              6                  4.0               0.00                12.00          1331.70              0.0
OpenAppTaskEval                               7                  5.0               1.00                 1.40           124.60              0.0
RecipeDeleteSingleRecipe                      8                  5.0               0.40                 9.80           848.00              0.0
RecipeDeleteSingleWithRecipeWithNoise         9                  5.0               0.00                20.00          2438.60              0.0
========= Average =========                   0                  4.9               0.32                10.52          1009.79              0.0


               mean_success_rate
difficulty                  easy
tags                            
data_edit                   0.20
data_entry                  0.00
game_playing                0.00
parameterized               0.23
requires_setup              0.00
screen_reading              0.00
search                      0.13
untagged                    0.50
verification                0.80
W0813 13:09:03.630127 132979839951936 task_eval.py:125] Skipping app snapshot loading : Snapshot not found in /data/data/android_world/snapshots/com.arduia.expense.
Running task ExpenseAddSingle with goal "Add the following expenses into the pro expense:
name|amount_dollars|category_name|note
Shirt Purchase|$271.64|Clothes|Paid by card"
W0813 13:09:07.145780 132979839951936 android_world_controller.py:98] Could not get a11y tree, retrying.
Completed step 1.
W0813 13:09:35.422359 132979839951936 sqlite_validators.py:168] Expected row Expense(name='Shirt Purchase', amount=27164, category=8, note='Paid by card', created_date=1696233600000, modified_date=1696233600000, expense_id=-1) not found in the 'after' state.
Completed step 2.
W0813 13:10:02.364959 132979839951936 sqlite_validators.py:168] Expected row Expense(name='Shirt Purchase', amount=27164, category=8, note='Paid by card', created_date=1696233600000, modified_date=1696233600000, expense_id=-1) not found in the 'after' state.
Completed step 3.
W0813 13:10:28.312350 132979839951936 sqlite_validators.py:168] Expected row Expense(name='Shirt Purchase', amount=27164, category=8, note='Paid by card', created_date=1696233600000, modified_date=1696233600000, expense_id=-1) not found in the 'after' state.
Completed step 4.
W0813 13:11:12.308669 132979839951936 sqlite_validators.py:168] Expected row Expense(name='Shirt Purchase', amount=27164, category=8, note='Paid by card', created_date=1696233600000, modified_date=1696233600000, expense_id=-1) not found in the 'after' state.
Completed step 5.
W0813 13:12:00.414685 132979839951936 sqlite_validators.py:168] Expected row Expense(name='Shirt Purchase', amount=27164, category=8, note='Paid by card', created_date=1696233600000, modified_date=1696233600000, expense_id=-1) not found in the 'after' state.
Completed step 6.
W0813 13:12:47.932163 132979839951936 sqlite_validators.py:168] Expected row Expense(name='Shirt Purchase', amount=27164, category=8, note='Paid by card', created_date=1696233600000, modified_date=1696233600000, expense_id=-1) not found in the 'after' state.
Completed step 7.
W0813 13:13:37.296884 132979839951936 sqlite_validators.py:168] Expected row Expense(name='Shirt Purchase', amount=27164, category=8, note='Paid by card', created_date=1696233600000, modified_date=1696233600000, expense_id=-1) not found in the 'after' state.
Completed step 8.
W0813 13:14:23.408667 132979839951936 sqlite_validators.py:168] Expected row Expense(name='Shirt Purchase', amount=27164, category=8, note='Paid by card', created_date=1696233600000, modified_date=1696233600000, expense_id=-1) not found in the 'after' state.
Completed step 9.
W0813 13:15:09.945231 132979839951936 sqlite_validators.py:168] Expected row Expense(name='Shirt Purchase', amount=27164, category=8, note='Paid by card', created_date=1696233600000, modified_date=1696233600000, expense_id=-1) not found in the 'after' state.
Completed step 10.
W0813 13:15:59.234109 132979839951936 sqlite_validators.py:168] Expected row Expense(name='Shirt Purchase', amount=27164, category=8, note='Paid by card', created_date=1696233600000, modified_date=1696233600000, expense_id=-1) not found in the 'after' state.
Completed step 11.
W0813 13:16:45.231366 132979839951936 sqlite_validators.py:168] Expected row Expense(name='Shirt Purchase', amount=27164, category=8, note='Paid by card', created_date=1696233600000, modified_date=1696233600000, expense_id=-1) not found in the 'after' state.
Completed step 12.
W0813 13:17:34.129607 132979839951936 sqlite_validators.py:168] Expected row Expense(name='Shirt Purchase', amount=27164, category=8, note='Paid by card', created_date=1696233600000, modified_date=1696233600000, expense_id=-1) not found in the 'after' state.
Agent did not indicate task is done. Reached max number of steps.
W0813 13:17:34.601531 132979839951936 sqlite_validators.py:168] Expected row Expense(name='Shirt Purchase', amount=27164, category=8, note='Paid by card', created_date=1696233600000, modified_date=1696233600000, expense_id=-1) not found in the 'after' state.
Task Failed ❌;  Add the following expenses into the pro expense:
name|amount_dollars|category_name|note
Shirt Purchase|$271.64|Clothes|Paid by card
W0813 13:17:34.829389 132979839951936 task_eval.py:125] Skipping app snapshot loading : Snapshot not found in /data/data/android_world/snapshots/com.arduia.expense.


                                       task_num  num_complete_trials  mean_success_rate  mean_episode_length  total_runtime_s  num_fail_trials
task                                                                                                                                          
AudioRecorderRecordAudio                      0                  5.0               0.00                12.00          1079.90              0.0
BrowserDraw                                   1                  5.0               0.00                20.00          2083.10              0.0
CameraTakePhoto                               2                  5.0               0.00                10.00           585.00              0.0
ClockStopWatchPausedVerify                    3                  5.0               0.80                 4.80           419.80              0.0
ClockStopWatchRunning                         4                  5.0               1.00                 3.20           288.80              0.0
ContactsAddContact                            5                  5.0               0.00                12.00           898.40              0.0
ExpenseAddSingle                              6                  5.0               0.00                12.00          1845.30              0.0
OpenAppTaskEval                               7                  5.0               1.00                 1.40           124.60              0.0
RecipeDeleteSingleRecipe                      8                  5.0               0.40                 9.80           848.00              0.0
RecipeDeleteSingleWithRecipeWithNoise         9                  5.0               0.00                20.00          2438.60              0.0
========= Average =========                   0                  5.0               0.32                10.52          1061.15              0.0


               mean_success_rate
difficulty                  easy
tags                            
data_edit                   0.20
data_entry                  0.00
game_playing                0.00
parameterized               0.23
requires_setup              0.00
screen_reading              0.00
search                      0.13
untagged                    0.50
verification                0.80

Running task: FilesDeleteFile
=============================
W0813 13:17:39.170832 132979839951936 task_eval.py:125] Skipping app snapshot loading : Snapshot not found in /data/data/android_world/snapshots/com.google.android.documentsui.
Running task FilesDeleteFile with goal "Delete the file q2a8_fancy_banana.mp3 from the Android filesystem located in the Notifications folder within the sdk_gphone_x86_64 storage area."
W0813 13:17:45.389813 132979839951936 android_world_controller.py:98] Could not get a11y tree, retrying.
Completed step 1.
Completed step 2.
Completed step 3.
Completed step 4.
Completed step 5.
Completed step 6.
Completed step 7.
Completed step 8.
Completed step 9.
Completed step 10.
Completed step 11.
Completed step 12.
Completed step 13.
Completed step 14.
Completed step 15.
Completed step 16.
Completed step 17.
Completed step 18.
Completed step 19.
Completed step 20.
Completed step 21.
Completed step 22.
Agent did not indicate task is done. Reached max number of steps.
Task Failed ❌;  Delete the file q2a8_fancy_banana.mp3 from the Android filesystem located in the Notifications folder within the sdk_gphone_x86_64 storage area.
W0813 13:26:36.171069 132979839951936 task_eval.py:125] Skipping app snapshot loading : Snapshot not found in /data/data/android_world/snapshots/com.google.android.documentsui.


                                       task_num  num_complete_trials  mean_success_rate  mean_episode_length  total_runtime_s  num_fail_trials
task                                                                                                                                          
AudioRecorderRecordAudio                      0                 5.00               0.00                12.00          1079.90              0.0
BrowserDraw                                   1                 5.00               0.00                20.00          2083.10              0.0
CameraTakePhoto                               2                 5.00               0.00                10.00           585.00              0.0
ClockStopWatchPausedVerify                    3                 5.00               0.80                 4.80           419.80              0.0
ClockStopWatchRunning                         4                 5.00               1.00                 3.20           288.80              0.0
ContactsAddContact                            5                 5.00               0.00                12.00           898.40              0.0
ExpenseAddSingle                              6                 5.00               0.00                12.00          1845.30              0.0
FilesDeleteFile                               7                 1.00               0.00                22.00           537.40              0.0
OpenAppTaskEval                               8                 5.00               1.00                 1.40           124.60              0.0
RecipeDeleteSingleRecipe                      9                 5.00               0.40                 9.80           848.00              0.0
RecipeDeleteSingleWithRecipeWithNoise        10                 5.00               0.00                20.00          2438.60              0.0
========= Average =========                   0                 4.64               0.29                11.56          1013.54              0.0


               mean_success_rate       
difficulty                  easy medium
tags                                   
data_edit                   0.20    0.0
data_entry                  0.00      -
game_playing                0.00      -
parameterized               0.23    0.0
requires_setup              0.00      -
screen_reading              0.00      -
search                      0.13      -
untagged                    0.50      -
verification                0.80      -
W0813 13:26:42.187773 132979839951936 task_eval.py:125] Skipping app snapshot loading : Snapshot not found in /data/data/android_world/snapshots/com.google.android.documentsui.
Running task FilesDeleteFile with goal "Delete the file RtPP_cool_nest.mp3 from the Android filesystem located in the Ringtones folder within the sdk_gphone_x86_64 storage area."
Completed step 1.
Completed step 2.
Completed step 3.
Completed step 4.
Completed step 5.
Completed step 6.
Completed step 7.
Completed step 8.
Completed step 9.
Completed step 10.
Completed step 11.
Completed step 12.
Completed step 13.
Completed step 14.
Completed step 15.
Completed step 16.
Completed step 17.
Completed step 18.
Completed step 19.
Completed step 20.
Completed step 21.
Completed step 22.
Agent did not indicate task is done. Reached max number of steps.
Task Failed ❌;  Delete the file RtPP_cool_nest.mp3 from the Android filesystem located in the Ringtones folder within the sdk_gphone_x86_64 storage area.
W0813 13:34:19.784636 132979839951936 task_eval.py:125] Skipping app snapshot loading : Snapshot not found in /data/data/android_world/snapshots/com.google.android.documentsui.


                                       task_num  num_complete_trials  mean_success_rate  mean_episode_length  total_runtime_s  num_fail_trials
task                                                                                                                                          
AudioRecorderRecordAudio                      0                 5.00               0.00                12.00          1079.90              0.0
BrowserDraw                                   1                 5.00               0.00                20.00          2083.10              0.0
CameraTakePhoto                               2                 5.00               0.00                10.00           585.00              0.0
ClockStopWatchPausedVerify                    3                 5.00               0.80                 4.80           419.80              0.0
ClockStopWatchRunning                         4                 5.00               1.00                 3.20           288.80              0.0
ContactsAddContact                            5                 5.00               0.00                12.00           898.40              0.0
ExpenseAddSingle                              6                 5.00               0.00                12.00          1845.30              0.0
FilesDeleteFile                               7                 2.00               0.00                22.00           995.50              0.0
OpenAppTaskEval                               8                 5.00               1.00                 1.40           124.60              0.0
RecipeDeleteSingleRecipe                      9                 5.00               0.40                 9.80           848.00              0.0
RecipeDeleteSingleWithRecipeWithNoise        10                 5.00               0.00                20.00          2438.60              0.0
========= Average =========                   0                 4.73               0.29                11.56          1055.18              0.0


               mean_success_rate       
difficulty                  easy medium
tags                                   
data_edit                   0.20    0.0
data_entry                  0.00      -
game_playing                0.00      -
parameterized               0.23    0.0
requires_setup              0.00      -
screen_reading              0.00      -
search                      0.13      -
untagged                    0.50      -
verification                0.80      -
W0813 13:34:27.032148 132979839951936 task_eval.py:125] Skipping app snapshot loading : Snapshot not found in /data/data/android_world/snapshots/com.google.android.documentsui.
Running task FilesDeleteFile with goal "Delete the file wdv5_ready_unicorn.mp3 from the Android filesystem located in the Ringtones folder within the sdk_gphone_x86_64 storage area."
Completed step 1.
Completed step 2.
Completed step 3.
Completed step 4.
Completed step 5.
Completed step 6.
Completed step 7.
Completed step 8.
Completed step 9.
Completed step 10.
Completed step 11.
Completed step 12.
Completed step 13.
Completed step 14.
Completed step 15.
Completed step 16.
Completed step 17.
Completed step 18.
Completed step 19.
Completed step 20.
Completed step 21.
Completed step 22.
Agent did not indicate task is done. Reached max number of steps.
Task Failed ❌;  Delete the file wdv5_ready_unicorn.mp3 from the Android filesystem located in the Ringtones folder within the sdk_gphone_x86_64 storage area.
W0813 13:43:35.550762 132979839951936 task_eval.py:125] Skipping app snapshot loading : Snapshot not found in /data/data/android_world/snapshots/com.google.android.documentsui.


                                       task_num  num_complete_trials  mean_success_rate  mean_episode_length  total_runtime_s  num_fail_trials
task                                                                                                                                          
AudioRecorderRecordAudio                      0                 5.00               0.00                12.00          1079.90              0.0
BrowserDraw                                   1                 5.00               0.00                20.00          2083.10              0.0
CameraTakePhoto                               2                 5.00               0.00                10.00           585.00              0.0
ClockStopWatchPausedVerify                    3                 5.00               0.80                 4.80           419.80              0.0
ClockStopWatchRunning                         4                 5.00               1.00                 3.20           288.80              0.0
ContactsAddContact                            5                 5.00               0.00                12.00           898.40              0.0
ExpenseAddSingle                              6                 5.00               0.00                12.00          1845.30              0.0
FilesDeleteFile                               7                 3.00               0.00                22.00          1544.40              0.0
OpenAppTaskEval                               8                 5.00               1.00                 1.40           124.60              0.0
RecipeDeleteSingleRecipe                      9                 5.00               0.40                 9.80           848.00              0.0
RecipeDeleteSingleWithRecipeWithNoise        10                 5.00               0.00                20.00          2438.60              0.0
========= Average =========                   0                 4.82               0.29                11.56          1105.08              0.0


               mean_success_rate       
difficulty                  easy medium
tags                                   
data_edit                   0.20    0.0
data_entry                  0.00      -
game_playing                0.00      -
parameterized               0.23    0.0
requires_setup              0.00      -
screen_reading              0.00      -
search                      0.13      -
untagged                    0.50      -
verification                0.80      -
W0813 13:43:41.687718 132979839951936 task_eval.py:125] Skipping app snapshot loading : Snapshot not found in /data/data/android_world/snapshots/com.google.android.documentsui.
Running task FilesDeleteFile with goal "Delete the file copy_calm_yacht.mp4 from the Android filesystem located in the Movies folder within the sdk_gphone_x86_64 storage area."
Completed step 1.
Completed step 2.
Completed step 3.
Completed step 4.
Completed step 5.
Completed step 6.
Completed step 7.
Completed step 8.
Completed step 9.
Completed step 10.
Completed step 11.
Completed step 12.
Completed step 13.
Completed step 14.
Completed step 15.
Completed step 16.
Completed step 17.
Completed step 18.
Completed step 19.
Completed step 20.
Completed step 21.
Completed step 22.
Agent did not indicate task is done. Reached max number of steps.
Task Failed ❌;  Delete the file copy_calm_yacht.mp4 from the Android filesystem located in the Movies folder within the sdk_gphone_x86_64 storage area.
W0813 13:51:55.345817 132979839951936 task_eval.py:125] Skipping app snapshot loading : Snapshot not found in /data/data/android_world/snapshots/com.google.android.documentsui.


                                       task_num  num_complete_trials  mean_success_rate  mean_episode_length  total_runtime_s  num_fail_trials
task                                                                                                                                          
AudioRecorderRecordAudio                      0                 5.00               0.00                12.00          1079.90              0.0
BrowserDraw                                   1                 5.00               0.00                20.00          2083.10              0.0
CameraTakePhoto                               2                 5.00               0.00                10.00           585.00              0.0
ClockStopWatchPausedVerify                    3                 5.00               0.80                 4.80           419.80              0.0
ClockStopWatchRunning                         4                 5.00               1.00                 3.20           288.80              0.0
ContactsAddContact                            5                 5.00               0.00                12.00           898.40              0.0
ExpenseAddSingle                              6                 5.00               0.00                12.00          1845.30              0.0
FilesDeleteFile                               7                 4.00               0.00                22.00          2038.60              0.0
OpenAppTaskEval                               8                 5.00               1.00                 1.40           124.60              0.0
RecipeDeleteSingleRecipe                      9                 5.00               0.40                 9.80           848.00              0.0
RecipeDeleteSingleWithRecipeWithNoise        10                 5.00               0.00                20.00          2438.60              0.0
========= Average =========                   0                 4.91               0.29                11.56          1150.01              0.0


               mean_success_rate       
difficulty                  easy medium
tags                                   
data_edit                   0.20    0.0
data_entry                  0.00      -
game_playing                0.00      -
parameterized               0.23    0.0
requires_setup              0.00      -
screen_reading              0.00      -
search                      0.13      -
untagged                    0.50      -
verification                0.80      -
W0813 13:52:02.110052 132979839951936 task_eval.py:125] Skipping app snapshot loading : Snapshot not found in /data/data/android_world/snapshots/com.google.android.documentsui.
Running task FilesDeleteFile with goal "Delete the file 2023_02_28_strong_yacht.jpg from the Android filesystem located in the Pictures folder within the sdk_gphone_x86_64 storage area."
Completed step 1.
Completed step 2.
Completed step 3.
Completed step 4.
Completed step 5.
Completed step 6.
Completed step 7.
Completed step 8.
Completed step 9.
Completed step 10.
Completed step 11.
Completed step 12.
Completed step 13.
Completed step 14.
Completed step 15.
Completed step 16.
Completed step 17.
Completed step 18.
Completed step 19.
Completed step 20.
Completed step 21.
Completed step 22.
Agent did not indicate task is done. Reached max number of steps.
Task Failed ❌;  Delete the file 2023_02_28_strong_yacht.jpg from the Android filesystem located in the Pictures folder within the sdk_gphone_x86_64 storage area.
W0813 14:01:36.245623 132979839951936 task_eval.py:125] Skipping app snapshot loading : Snapshot not found in /data/data/android_world/snapshots/com.google.android.documentsui.


                                       task_num  num_complete_trials  mean_success_rate  mean_episode_length  total_runtime_s  num_fail_trials
task                                                                                                                                          
AudioRecorderRecordAudio                      0                  5.0               0.00                12.00          1079.90              0.0
BrowserDraw                                   1                  5.0               0.00                20.00          2083.10              0.0
CameraTakePhoto                               2                  5.0               0.00                10.00           585.00              0.0
ClockStopWatchPausedVerify                    3                  5.0               0.80                 4.80           419.80              0.0
ClockStopWatchRunning                         4                  5.0               1.00                 3.20           288.80              0.0
ContactsAddContact                            5                  5.0               0.00                12.00           898.40              0.0
ExpenseAddSingle                              6                  5.0               0.00                12.00          1845.30              0.0
FilesDeleteFile                               7                  5.0               0.00                22.00          2613.20              0.0
OpenAppTaskEval                               8                  5.0               1.00                 1.40           124.60              0.0
RecipeDeleteSingleRecipe                      9                  5.0               0.40                 9.80           848.00              0.0
RecipeDeleteSingleWithRecipeWithNoise        10                  5.0               0.00                20.00          2438.60              0.0
========= Average =========                   0                  5.0               0.29                11.56          1202.25              0.0


               mean_success_rate       
difficulty                  easy medium
tags                                   
data_edit                   0.20    0.0
data_entry                  0.00      -
game_playing                0.00      -
parameterized               0.23    0.0
requires_setup              0.00      -
screen_reading              0.00      -
search                      0.13      -
untagged                    0.50      -
verification                0.80      -

Running task: MarkorCreateFolder
================================
W0813 14:01:43.899305 132979839951936 task_eval.py:125] Skipping app snapshot loading : Snapshot not found in /data/data/android_world/snapshots/net.gsantner.markor.
Running task MarkorCreateFolder with goal "Create a new folder in Markor named folder_20260813_101821."
Completed step 1.
Completed step 2.
Completed step 3.
Completed step 4.
Completed step 5.
Completed step 6.
Completed step 7.
Completed step 8.
Completed step 9.
Completed step 10.
Agent did not indicate task is done. Reached max number of steps.
Task Failed ❌;  Create a new folder in Markor named folder_20260813_101821.
W0813 14:04:56.921128 132979839951936 task_eval.py:125] Skipping app snapshot loading : Snapshot not found in /data/data/android_world/snapshots/net.gsantner.markor.


                                       task_num  num_complete_trials  mean_success_rate  mean_episode_length  total_runtime_s  num_fail_trials
task                                                                                                                                          
AudioRecorderRecordAudio                      0                 5.00               0.00                12.00          1079.90              0.0
BrowserDraw                                   1                 5.00               0.00                20.00          2083.10              0.0
CameraTakePhoto                               2                 5.00               0.00                10.00           585.00              0.0
ClockStopWatchPausedVerify                    3                 5.00               0.80                 4.80           419.80              0.0
ClockStopWatchRunning                         4                 5.00               1.00                 3.20           288.80              0.0
ContactsAddContact                            5                 5.00               0.00                12.00           898.40              0.0
ExpenseAddSingle                              6                 5.00               0.00                12.00          1845.30              0.0
FilesDeleteFile                               7                 5.00               0.00                22.00          2613.20              0.0
MarkorCreateFolder                            8                 1.00               0.00                10.00           193.40              0.0
OpenAppTaskEval                               9                 5.00               1.00                 1.40           124.60              0.0
RecipeDeleteSingleRecipe                     10                 5.00               0.40                 9.80           848.00              0.0
RecipeDeleteSingleWithRecipeWithNoise        11                 5.00               0.00                20.00          2438.60              0.0
========= Average =========                   0                 4.67               0.27                11.43          1118.17              0.0


               mean_success_rate       
difficulty                  easy medium
tags                                   
data_edit                   0.20    0.0
data_entry                  0.00      -
game_playing                0.00      -
parameterized               0.20    0.0
requires_setup              0.00      -
screen_reading              0.00      -
search                      0.13      -
untagged                    0.50      -
verification                0.80      -
W0813 14:05:00.179646 132979839951936 task_eval.py:125] Skipping app snapshot loading : Snapshot not found in /data/data/android_world/snapshots/net.gsantner.markor.
Running task MarkorCreateFolder with goal "Create a new folder in Markor named folder_20260813_101821."
Completed step 1.
Completed step 2.
Completed step 3.
Completed step 4.
Completed step 5.
Completed step 6.
Completed step 7.
Completed step 8.
Completed step 9.
Completed step 10.
Agent did not indicate task is done. Reached max number of steps.
Task Failed ❌;  Create a new folder in Markor named folder_20260813_101821.
W0813 14:08:15.373886 132979839951936 task_eval.py:125] Skipping app snapshot loading : Snapshot not found in /data/data/android_world/snapshots/net.gsantner.markor.


                                       task_num  num_complete_trials  mean_success_rate  mean_episode_length  total_runtime_s  num_fail_trials
task                                                                                                                                          
AudioRecorderRecordAudio                      0                 5.00               0.00                12.00          1079.90              0.0
BrowserDraw                                   1                 5.00               0.00                20.00          2083.10              0.0
CameraTakePhoto                               2                 5.00               0.00                10.00           585.00              0.0
ClockStopWatchPausedVerify                    3                 5.00               0.80                 4.80           419.80              0.0
ClockStopWatchRunning                         4                 5.00               1.00                 3.20           288.80              0.0
ContactsAddContact                            5                 5.00               0.00                12.00           898.40              0.0
ExpenseAddSingle                              6                 5.00               0.00                12.00          1845.30              0.0
FilesDeleteFile                               7                 5.00               0.00                22.00          2613.20              0.0
MarkorCreateFolder                            8                 2.00               0.00                10.00           389.10              0.0
OpenAppTaskEval                               9                 5.00               1.00                 1.40           124.60              0.0
RecipeDeleteSingleRecipe                     10                 5.00               0.40                 9.80           848.00              0.0
RecipeDeleteSingleWithRecipeWithNoise        11                 5.00               0.00                20.00          2438.60              0.0
========= Average =========                   0                 4.75               0.27                11.43          1134.48              0.0


               mean_success_rate       
difficulty                  easy medium
tags                                   
data_edit                   0.20    0.0
data_entry                  0.00      -
game_playing                0.00      -
parameterized               0.20    0.0
requires_setup              0.00      -
screen_reading              0.00      -
search                      0.13      -
untagged                    0.50      -
verification                0.80      -
W0813 14:08:18.342545 132979839951936 task_eval.py:125] Skipping app snapshot loading : Snapshot not found in /data/data/android_world/snapshots/net.gsantner.markor.
Running task MarkorCreateFolder with goal "Create a new folder in Markor named folder_20260813_101821."
Completed step 1.
Completed step 2.
Completed step 3.
Completed step 4.
Completed step 5.
Completed step 6.
Completed step 7.
Completed step 8.
Completed step 9.
Completed step 10.
Agent did not indicate task is done. Reached max number of steps.
Task Failed ❌;  Create a new folder in Markor named folder_20260813_101821.
W0813 14:11:36.196809 132979839951936 task_eval.py:125] Skipping app snapshot loading : Snapshot not found in /data/data/android_world/snapshots/net.gsantner.markor.


                                       task_num  num_complete_trials  mean_success_rate  mean_episode_length  total_runtime_s  num_fail_trials
task                                                                                                                                          
AudioRecorderRecordAudio                      0                 5.00               0.00                12.00          1079.90              0.0
BrowserDraw                                   1                 5.00               0.00                20.00          2083.10              0.0
CameraTakePhoto                               2                 5.00               0.00                10.00           585.00              0.0
ClockStopWatchPausedVerify                    3                 5.00               0.80                 4.80           419.80              0.0
ClockStopWatchRunning                         4                 5.00               1.00                 3.20           288.80              0.0
ContactsAddContact                            5                 5.00               0.00                12.00           898.40              0.0
ExpenseAddSingle                              6                 5.00               0.00                12.00          1845.30              0.0
FilesDeleteFile                               7                 5.00               0.00                22.00          2613.20              0.0
MarkorCreateFolder                            8                 3.00               0.00                10.00           587.40              0.0
OpenAppTaskEval                               9                 5.00               1.00                 1.40           124.60              0.0
RecipeDeleteSingleRecipe                     10                 5.00               0.40                 9.80           848.00              0.0
RecipeDeleteSingleWithRecipeWithNoise        11                 5.00               0.00                20.00          2438.60              0.0
========= Average =========                   0                 4.83               0.27                11.43          1151.01              0.0


               mean_success_rate       
difficulty                  easy medium
tags                                   
data_edit                   0.20    0.0
data_entry                  0.00      -
game_playing                0.00      -
parameterized               0.20    0.0
requires_setup              0.00      -
screen_reading              0.00      -
search                      0.13      -
untagged                    0.50      -
verification                0.80      -
W0813 14:11:39.176099 132979839951936 task_eval.py:125] Skipping app snapshot loading : Snapshot not found in /data/data/android_world/snapshots/net.gsantner.markor.
Running task MarkorCreateFolder with goal "Create a new folder in Markor named folder_20260813_101821."
W0813 14:11:40.055930 132979839951936 android_world_controller.py:98] Could not get a11y tree, retrying.
Completed step 1.
Completed step 2.
Completed step 3.
Completed step 4.
Completed step 5.
Completed step 6.
Completed step 7.
Completed step 8.
Completed step 9.
Completed step 10.
Agent did not indicate task is done. Reached max number of steps.
Task Failed ❌;  Create a new folder in Markor named folder_20260813_101821.
W0813 14:15:56.881169 132979839951936 task_eval.py:125] Skipping app snapshot loading : Snapshot not found in /data/data/android_world/snapshots/net.gsantner.markor.


                                       task_num  num_complete_trials  mean_success_rate  mean_episode_length  total_runtime_s  num_fail_trials
task                                                                                                                                          
AudioRecorderRecordAudio                      0                 5.00               0.00                12.00          1079.90              0.0
BrowserDraw                                   1                 5.00               0.00                20.00          2083.10              0.0
CameraTakePhoto                               2                 5.00               0.00                10.00           585.00              0.0
ClockStopWatchPausedVerify                    3                 5.00               0.80                 4.80           419.80              0.0
ClockStopWatchRunning                         4                 5.00               1.00                 3.20           288.80              0.0
ContactsAddContact                            5                 5.00               0.00                12.00           898.40              0.0
ExpenseAddSingle                              6                 5.00               0.00                12.00          1845.30              0.0
FilesDeleteFile                               7                 5.00               0.00                22.00          2613.20              0.0
MarkorCreateFolder                            8                 4.00               0.00                10.00           845.60              0.0
OpenAppTaskEval                               9                 5.00               1.00                 1.40           124.60              0.0
RecipeDeleteSingleRecipe                     10                 5.00               0.40                 9.80           848.00              0.0
RecipeDeleteSingleWithRecipeWithNoise        11                 5.00               0.00                20.00          2438.60              0.0
========= Average =========                   0                 4.92               0.27                11.43          1172.53              0.0


               mean_success_rate       
difficulty                  easy medium
tags                                   
data_edit                   0.20    0.0
data_entry                  0.00      -
game_playing                0.00      -
parameterized               0.20    0.0
requires_setup              0.00      -
screen_reading              0.00      -
search                      0.13      -
untagged                    0.50      -
verification                0.80      -
W0813 14:15:59.977355 132979839951936 task_eval.py:125] Skipping app snapshot loading : Snapshot not found in /data/data/android_world/snapshots/net.gsantner.markor.
Running task MarkorCreateFolder with goal "Create a new folder in Markor named folder_20260813_101821."
Completed step 1.
Completed step 2.
Completed step 3.
Completed step 4.
Completed step 5.
Completed step 6.
Completed step 7.
Completed step 8.
Completed step 9.
Completed step 10.
Agent did not indicate task is done. Reached max number of steps.
Task Failed ❌;  Create a new folder in Markor named folder_20260813_101821.
W0813 14:17:40.299861 132979839951936 task_eval.py:125] Skipping app snapshot loading : Snapshot not found in /data/data/android_world/snapshots/net.gsantner.markor.


                                       task_num  num_complete_trials  mean_success_rate  mean_episode_length  total_runtime_s  num_fail_trials
task                                                                                                                                          
AudioRecorderRecordAudio                      0                  5.0               0.00                12.00          1079.90              0.0
BrowserDraw                                   1                  5.0               0.00                20.00          2083.10              0.0
CameraTakePhoto                               2                  5.0               0.00                10.00           585.00              0.0
ClockStopWatchPausedVerify                    3                  5.0               0.80                 4.80           419.80              0.0
ClockStopWatchRunning                         4                  5.0               1.00                 3.20           288.80              0.0
ContactsAddContact                            5                  5.0               0.00                12.00           898.40              0.0
ExpenseAddSingle                              6                  5.0               0.00                12.00          1845.30              0.0
FilesDeleteFile                               7                  5.0               0.00                22.00          2613.20              0.0
MarkorCreateFolder                            8                  5.0               0.00                10.00           946.60              0.0
OpenAppTaskEval                               9                  5.0               1.00                 1.40           124.60              0.0
RecipeDeleteSingleRecipe                     10                  5.0               0.40                 9.80           848.00              0.0
RecipeDeleteSingleWithRecipeWithNoise        11                  5.0               0.00                20.00          2438.60              0.0
========= Average =========                   0                  5.0               0.27                11.43          1180.94              0.0


               mean_success_rate       
difficulty                  easy medium
tags                                   
data_edit                   0.20    0.0
data_entry                  0.00      -
game_playing                0.00      -
parameterized               0.20    0.0
requires_setup              0.00      -
screen_reading              0.00      -
search                      0.13      -
untagged                    0.50      -
verification                0.80      -

Running task: NotesIsTodo
=========================
W0813 14:17:44.258238 132979839951936 task_eval.py:125] Skipping app snapshot loading : Snapshot not found in /data/data/android_world/snapshots/net.cozic.joplin.
Running task NotesIsTodo with goal "Is the note titled 'To-Do List' in the Joplin app marked as a todo item? Respond with either 'True' if it is a todo or 'False' if not."
Completed step 1.
Completed step 2.
Completed step 3.
Completed step 4.
Completed step 5.
Completed step 6.
Completed step 7.
Completed step 8.
Completed step 9.
Completed step 10.
Agent did not indicate task is done. Reached max number of steps.
Task Failed ❌;  Is the note titled 'To-Do List' in the Joplin app marked as a todo item? Respond with either 'True' if it is a todo or 'False' if not.
W0813 14:19:55.422447 132979839951936 task_eval.py:125] Skipping app snapshot loading : Snapshot not found in /data/data/android_world/snapshots/net.cozic.joplin.


                                       task_num  num_complete_trials  mean_success_rate  mean_episode_length  total_runtime_s  num_fail_trials
task                                                                                                                                          
AudioRecorderRecordAudio                      0                 5.00               0.00                12.00          1079.90              0.0
BrowserDraw                                   1                 5.00               0.00                20.00          2083.10              0.0
CameraTakePhoto                               2                 5.00               0.00                10.00           585.00              0.0
ClockStopWatchPausedVerify                    3                 5.00               0.80                 4.80           419.80              0.0
ClockStopWatchRunning                         4                 5.00               1.00                 3.20           288.80              0.0
ContactsAddContact                            5                 5.00               0.00                12.00           898.40              0.0
ExpenseAddSingle                              6                 5.00               0.00                12.00          1845.30              0.0
FilesDeleteFile                               7                 5.00               0.00                22.00          2613.20              0.0
MarkorCreateFolder                            8                 5.00               0.00                10.00           946.60              0.0
NotesIsTodo                                   9                 1.00               0.00                10.00           127.50              0.0
OpenAppTaskEval                              10                 5.00               1.00                 1.40           124.60              0.0
RecipeDeleteSingleRecipe                     11                 5.00               0.40                 9.80           848.00              0.0
RecipeDeleteSingleWithRecipeWithNoise        12                 5.00               0.00                20.00          2438.60              0.0
========= Average =========                   0                 4.69               0.25                11.32          1099.91              0.0


                      mean_success_rate       
difficulty                         easy medium
tags                                          
data_edit                          0.20    0.0
data_entry                         0.00      -
game_playing                       0.00      -
information_retrieval              0.00      -
parameterized                      0.17    0.0
requires_setup                     0.00      -
screen_reading                     0.00      -
search                             0.13      -
untagged                           0.50      -
verification                       0.80      -
W0813 14:19:59.203640 132979839951936 task_eval.py:125] Skipping app snapshot loading : Snapshot not found in /data/data/android_world/snapshots/net.cozic.joplin.
Running task NotesIsTodo with goal "Is the note titled 'Research Notes' in the Joplin app marked as a todo item? Respond with either 'True' if it is a todo or 'False' if not."
Completed step 1.
Completed step 2.
Completed step 3.
Completed step 4.
Completed step 5.
Completed step 6.
Completed step 7.
Completed step 8.
Completed step 9.
Completed step 10.
Agent did not indicate task is done. Reached max number of steps.
Task Failed ❌;  Is the note titled 'Research Notes' in the Joplin app marked as a todo item? Respond with either 'True' if it is a todo or 'False' if not.
W0813 14:21:58.492424 132979839951936 task_eval.py:125] Skipping app snapshot loading : Snapshot not found in /data/data/android_world/snapshots/net.cozic.joplin.


                                       task_num  num_complete_trials  mean_success_rate  mean_episode_length  total_runtime_s  num_fail_trials
task                                                                                                                                          
AudioRecorderRecordAudio                      0                 5.00               0.00                12.00          1079.90              0.0
BrowserDraw                                   1                 5.00               0.00                20.00          2083.10              0.0
CameraTakePhoto                               2                 5.00               0.00                10.00           585.00              0.0
ClockStopWatchPausedVerify                    3                 5.00               0.80                 4.80           419.80              0.0
ClockStopWatchRunning                         4                 5.00               1.00                 3.20           288.80              0.0
ContactsAddContact                            5                 5.00               0.00                12.00           898.40              0.0
ExpenseAddSingle                              6                 5.00               0.00                12.00          1845.30              0.0
FilesDeleteFile                               7                 5.00               0.00                22.00          2613.20              0.0
MarkorCreateFolder                            8                 5.00               0.00                10.00           946.60              0.0
NotesIsTodo                                   9                 2.00               0.00                10.00           243.50              0.0
OpenAppTaskEval                              10                 5.00               1.00                 1.40           124.60              0.0
RecipeDeleteSingleRecipe                     11                 5.00               0.40                 9.80           848.00              0.0
RecipeDeleteSingleWithRecipeWithNoise        12                 5.00               0.00                20.00          2438.60              0.0
========= Average =========                   0                 4.77               0.25                11.32          1108.83              0.0


                      mean_success_rate       
difficulty                         easy medium
tags                                          
data_edit                          0.20    0.0
data_entry                         0.00      -
game_playing                       0.00      -
information_retrieval              0.00      -
parameterized                      0.17    0.0
requires_setup                     0.00      -
screen_reading                     0.00      -
search                             0.13      -
untagged                           0.50      -
verification                       0.80      -
W0813 14:22:04.830091 132979839951936 task_eval.py:125] Skipping app snapshot loading : Snapshot not found in /data/data/android_world/snapshots/net.cozic.joplin.
Running task NotesIsTodo with goal "Is the note titled 'Budget Spreadsheet' in the Joplin app marked as a todo item? Respond with either 'True' if it is a todo or 'False' if not."
Completed step 1.
Completed step 2.
Completed step 3.
Completed step 4.
Completed step 5.
Completed step 6.
Completed step 7.
Completed step 8.
Completed step 9.
Completed step 10.
Agent did not indicate task is done. Reached max number of steps.
Task Failed ❌;  Is the note titled 'Budget Spreadsheet' in the Joplin app marked as a todo item? Respond with either 'True' if it is a todo or 'False' if not.
W0813 14:23:58.968159 132979839951936 task_eval.py:125] Skipping app snapshot loading : Snapshot not found in /data/data/android_world/snapshots/net.cozic.joplin.


                                       task_num  num_complete_trials  mean_success_rate  mean_episode_length  total_runtime_s  num_fail_trials
task                                                                                                                                          
AudioRecorderRecordAudio                      0                 5.00               0.00                12.00          1079.90              0.0
BrowserDraw                                   1                 5.00               0.00                20.00          2083.10              0.0
CameraTakePhoto                               2                 5.00               0.00                10.00           585.00              0.0
ClockStopWatchPausedVerify                    3                 5.00               0.80                 4.80           419.80              0.0
ClockStopWatchRunning                         4                 5.00               1.00                 3.20           288.80              0.0
ContactsAddContact                            5                 5.00               0.00                12.00           898.40              0.0
ExpenseAddSingle                              6                 5.00               0.00                12.00          1845.30              0.0
FilesDeleteFile                               7                 5.00               0.00                22.00          2613.20              0.0
MarkorCreateFolder                            8                 5.00               0.00                10.00           946.60              0.0
NotesIsTodo                                   9                 3.00               0.00                10.00           357.10              0.0
OpenAppTaskEval                              10                 5.00               1.00                 1.40           124.60              0.0
RecipeDeleteSingleRecipe                     11                 5.00               0.40                 9.80           848.00              0.0
RecipeDeleteSingleWithRecipeWithNoise        12                 5.00               0.00                20.00          2438.60              0.0
========= Average =========                   0                 4.85               0.25                11.32          1117.57              0.0


                      mean_success_rate       
difficulty                         easy medium
tags                                          
data_edit                          0.20    0.0
data_entry                         0.00      -
game_playing                       0.00      -
information_retrieval              0.00      -
parameterized                      0.17    0.0
requires_setup                     0.00      -
screen_reading                     0.00      -
search                             0.13      -
untagged                           0.50      -
verification                       0.80      -
W0813 14:24:02.450127 132979839951936 task_eval.py:125] Skipping app snapshot loading : Snapshot not found in /data/data/android_world/snapshots/net.cozic.joplin.
Running task NotesIsTodo with goal "Is the note titled 'Travel Itinerary' in the Joplin app marked as a todo item? Respond with either 'True' if it is a todo or 'False' if not."
W0813 14:24:28.366658 132979839951936 android_world_controller.py:98] Could not get a11y tree, retrying.
Completed step 1.
Completed step 2.
Completed step 3.
Completed step 4.
Completed step 5.
Completed step 6.
Completed step 7.
Completed step 8.
Completed step 9.
Completed step 10.
Agent did not indicate task is done. Reached max number of steps.
Task Failed ❌;  Is the note titled 'Travel Itinerary' in the Joplin app marked as a todo item? Respond with either 'True' if it is a todo or 'False' if not.
W0813 14:25:59.082008 132979839951936 task_eval.py:125] Skipping app snapshot loading : Snapshot not found in /data/data/android_world/snapshots/net.cozic.joplin.


                                       task_num  num_complete_trials  mean_success_rate  mean_episode_length  total_runtime_s  num_fail_trials
task                                                                                                                                          
AudioRecorderRecordAudio                      0                 5.00               0.00                12.00          1079.90              0.0
BrowserDraw                                   1                 5.00               0.00                20.00          2083.10              0.0
CameraTakePhoto                               2                 5.00               0.00                10.00           585.00              0.0
ClockStopWatchPausedVerify                    3                 5.00               0.80                 4.80           419.80              0.0
ClockStopWatchRunning                         4                 5.00               1.00                 3.20           288.80              0.0
ContactsAddContact                            5                 5.00               0.00                12.00           898.40              0.0
ExpenseAddSingle                              6                 5.00               0.00                12.00          1845.30              0.0
FilesDeleteFile                               7                 5.00               0.00                22.00          2613.20              0.0
MarkorCreateFolder                            8                 5.00               0.00                10.00           946.60              0.0
NotesIsTodo                                   9                 4.00               0.00                10.00           470.40              0.0
OpenAppTaskEval                              10                 5.00               1.00                 1.40           124.60              0.0
RecipeDeleteSingleRecipe                     11                 5.00               0.40                 9.80           848.00              0.0
RecipeDeleteSingleWithRecipeWithNoise        12                 5.00               0.00                20.00          2438.60              0.0
========= Average =========                   0                 4.92               0.25                11.32          1126.28              0.0


                      mean_success_rate       
difficulty                         easy medium
tags                                          
data_edit                          0.20    0.0
data_entry                         0.00      -
game_playing                       0.00      -
information_retrieval              0.00      -
parameterized                      0.17    0.0
requires_setup                     0.00      -
screen_reading                     0.00      -
search                             0.13      -
untagged                           0.50      -
verification                       0.80      -
W0813 14:26:02.584682 132979839951936 task_eval.py:125] Skipping app snapshot loading : Snapshot not found in /data/data/android_world/snapshots/net.cozic.joplin.
Running task NotesIsTodo with goal "Is the note titled 'Daily Journal' in the Joplin app marked as a todo item? Respond with either 'True' if it is a todo or 'False' if not."
Completed step 1.
Completed step 2.
Completed step 3.
Completed step 4.
Completed step 5.
Completed step 6.
Completed step 7.
Completed step 8.
Completed step 9.
Completed step 10.
Agent did not indicate task is done. Reached max number of steps.
Task Failed ❌;  Is the note titled 'Daily Journal' in the Joplin app marked as a todo item? Respond with either 'True' if it is a todo or 'False' if not.
W0813 14:28:11.423008 132979839951936 task_eval.py:125] Skipping app snapshot loading : Snapshot not found in /data/data/android_world/snapshots/net.cozic.joplin.


                                       task_num  num_complete_trials  mean_success_rate  mean_episode_length  total_runtime_s  num_fail_trials
task                                                                                                                                          
AudioRecorderRecordAudio                      0                  5.0               0.00                12.00          1079.90              0.0
BrowserDraw                                   1                  5.0               0.00                20.00          2083.10              0.0
CameraTakePhoto                               2                  5.0               0.00                10.00           585.00              0.0
ClockStopWatchPausedVerify                    3                  5.0               0.80                 4.80           419.80              0.0
ClockStopWatchRunning                         4                  5.0               1.00                 3.20           288.80              0.0
ContactsAddContact                            5                  5.0               0.00                12.00           898.40              0.0
ExpenseAddSingle                              6                  5.0               0.00                12.00          1845.30              0.0
FilesDeleteFile                               7                  5.0               0.00                22.00          2613.20              0.0
MarkorCreateFolder                            8                  5.0               0.00                10.00           946.60              0.0
NotesIsTodo                                   9                  5.0               0.00                10.00           595.50              0.0
OpenAppTaskEval                              10                  5.0               1.00                 1.40           124.60              0.0
RecipeDeleteSingleRecipe                     11                  5.0               0.40                 9.80           848.00              0.0
RecipeDeleteSingleWithRecipeWithNoise        12                  5.0               0.00                20.00          2438.60              0.0
========= Average =========                   0                  5.0               0.25                11.32          1135.91              0.0


                      mean_success_rate       
difficulty                         easy medium
tags                                          
data_edit                          0.20    0.0
data_entry                         0.00      -
game_playing                       0.00      -
information_retrieval              0.00      -
parameterized                      0.17    0.0
requires_setup                     0.00      -
screen_reading                     0.00      -
search                             0.13      -
untagged                           0.50      -
verification                       0.80      -

Running task: OsmAndFavorite
============================
W0813 14:28:15.068401 132979839951936 task_eval.py:125] Skipping app snapshot loading : Snapshot not found in /data/data/android_world/snapshots/net.osmand.
W0813 14:28:15.294482 132979839951936 osmand.py:197] Favorites file /data/media/0/Android/data/net.osmand/files/favorites/favorites.gpx not found during cleanup.
W0813 14:28:15.403866 132979839951936 osmand.py:197] Favorites file /data/data/net.osmand/files/favourites_bak.gpx not found during cleanup.
Running task OsmAndFavorite with goal "Add a favorite location marker for 47.1303814, 9.5930117 in the OsmAnd maps app."
Completed step 1.
W0813 14:28:24.053596 132979839951936 osmand.py:230] Favorites file /data/media/0/Android/data/net.osmand/files/favorites/favorites.gpx not found.
Completed step 2.
W0813 14:28:35.351509 132979839951936 osmand.py:230] Favorites file /data/media/0/Android/data/net.osmand/files/favorites/favorites.gpx not found.
Completed step 3.
W0813 14:28:43.802903 132979839951936 osmand.py:230] Favorites file /data/media/0/Android/data/net.osmand/files/favorites/favorites.gpx not found.
Completed step 4.
W0813 14:28:52.077161 132979839951936 osmand.py:230] Favorites file /data/media/0/Android/data/net.osmand/files/favorites/favorites.gpx not found.
Completed step 5.
W0813 14:29:00.333739 132979839951936 osmand.py:230] Favorites file /data/media/0/Android/data/net.osmand/files/favorites/favorites.gpx not found.
Completed step 6.
W0813 14:29:11.666199 132979839951936 osmand.py:230] Favorites file /data/media/0/Android/data/net.osmand/files/favorites/favorites.gpx not found.
Completed step 7.
W0813 14:29:20.007638 132979839951936 osmand.py:230] Favorites file /data/media/0/Android/data/net.osmand/files/favorites/favorites.gpx not found.
Completed step 8.
W0813 14:29:28.495173 132979839951936 osmand.py:230] Favorites file /data/media/0/Android/data/net.osmand/files/favorites/favorites.gpx not found.
Completed step 9.
W0813 14:29:36.856617 132979839951936 osmand.py:230] Favorites file /data/media/0/Android/data/net.osmand/files/favorites/favorites.gpx not found.
Completed step 10.
W0813 14:29:48.249165 132979839951936 osmand.py:230] Favorites file /data/media/0/Android/data/net.osmand/files/favorites/favorites.gpx not found.
Completed step 11.
W0813 14:29:56.700385 132979839951936 osmand.py:230] Favorites file /data/media/0/Android/data/net.osmand/files/favorites/favorites.gpx not found.
Completed step 12.
W0813 14:30:05.176716 132979839951936 osmand.py:230] Favorites file /data/media/0/Android/data/net.osmand/files/favorites/favorites.gpx not found.
Completed step 13.
W0813 14:30:13.579818 132979839951936 osmand.py:230] Favorites file /data/media/0/Android/data/net.osmand/files/favorites/favorites.gpx not found.
Agent did not indicate task is done. Reached max number of steps.
W0813 14:30:13.667892 132979839951936 osmand.py:230] Favorites file /data/media/0/Android/data/net.osmand/files/favorites/favorites.gpx not found.
Task Failed ❌;  Add a favorite location marker for 47.1303814, 9.5930117 in the OsmAnd maps app.
W0813 14:30:13.842048 132979839951936 osmand.py:197] Favorites file /data/media/0/Android/data/net.osmand/files/favorites/favorites.gpx not found during cleanup.
W0813 14:30:13.920542 132979839951936 osmand.py:197] Favorites file /data/data/net.osmand/files/favourites_bak.gpx not found during cleanup.
W0813 14:30:14.107835 132979839951936 task_eval.py:125] Skipping app snapshot loading : Snapshot not found in /data/data/android_world/snapshots/net.osmand.


                                       task_num  num_complete_trials  mean_success_rate  mean_episode_length  total_runtime_s  num_fail_trials
task                                                                                                                                          
AudioRecorderRecordAudio                      0                 5.00               0.00                12.00          1079.90              0.0
BrowserDraw                                   1                 5.00               0.00                20.00          2083.10              0.0
CameraTakePhoto                               2                 5.00               0.00                10.00           585.00              0.0
ClockStopWatchPausedVerify                    3                 5.00               0.80                 4.80           419.80              0.0
ClockStopWatchRunning                         4                 5.00               1.00                 3.20           288.80              0.0
ContactsAddContact                            5                 5.00               0.00                12.00           898.40              0.0
ExpenseAddSingle                              6                 5.00               0.00                12.00          1845.30              0.0
FilesDeleteFile                               7                 5.00               0.00                22.00          2613.20              0.0
MarkorCreateFolder                            8                 5.00               0.00                10.00           946.60              0.0
NotesIsTodo                                   9                 5.00               0.00                10.00           595.50              0.0
OpenAppTaskEval                              10                 5.00               1.00                 1.40           124.60              0.0
OsmAndFavorite                               11                 1.00               0.00                13.00           119.50              0.0
RecipeDeleteSingleRecipe                     12                 5.00               0.40                 9.80           848.00              0.0
RecipeDeleteSingleWithRecipeWithNoise        13                 5.00               0.00                20.00          2438.60              0.0
========= Average =========                   0                 4.71               0.23                11.44          1063.31              0.0


                         mean_success_rate       
difficulty                            easy medium
tags                                             
complex_ui_understanding                 -    0.0
data_edit                              0.2    0.0
data_entry                             0.0      -
game_playing                           0.0      -
information_retrieval                  0.0      -
parameterized                         0.17    0.0
requires_setup                         0.0      -
screen_reading                         0.0      -
search                                0.13    0.0
untagged                               0.5      -
verification                           0.8      -
W0813 14:30:21.360421 132979839951936 task_eval.py:125] Skipping app snapshot loading : Snapshot not found in /data/data/android_world/snapshots/net.osmand.
W0813 14:30:21.560166 132979839951936 osmand.py:197] Favorites file /data/media/0/Android/data/net.osmand/files/favorites/favorites.gpx not found during cleanup.
W0813 14:30:21.658479 132979839951936 osmand.py:197] Favorites file /data/data/net.osmand/files/favourites_bak.gpx not found during cleanup.
Running task OsmAndFavorite with goal "Add a favorite location marker for Malbun, Liechtenstein in the OsmAnd maps app."
Completed step 1.
W0813 14:30:30.627087 132979839951936 osmand.py:230] Favorites file /data/media/0/Android/data/net.osmand/files/favorites/favorites.gpx not found.
Completed step 2.
W0813 14:30:39.009983 132979839951936 osmand.py:230] Favorites file /data/media/0/Android/data/net.osmand/files/favorites/favorites.gpx not found.
Completed step 3.
W0813 14:30:47.597276 132979839951936 osmand.py:230] Favorites file /data/media/0/Android/data/net.osmand/files/favorites/favorites.gpx not found.
Completed step 4.
W0813 14:30:58.980860 132979839951936 osmand.py:230] Favorites file /data/media/0/Android/data/net.osmand/files/favorites/favorites.gpx not found.
Completed step 5.
W0813 14:31:08.499115 132979839951936 osmand.py:230] Favorites file /data/media/0/Android/data/net.osmand/files/favorites/favorites.gpx not found.
Completed step 6.
W0813 14:31:16.913567 132979839951936 osmand.py:230] Favorites file /data/media/0/Android/data/net.osmand/files/favorites/favorites.gpx not found.
Completed step 7.
W0813 14:31:28.397262 132979839951936 osmand.py:230] Favorites file /data/media/0/Android/data/net.osmand/files/favorites/favorites.gpx not found.
Completed step 8.
W0813 14:31:36.824141 132979839951936 osmand.py:230] Favorites file /data/media/0/Android/data/net.osmand/files/favorites/favorites.gpx not found.
Completed step 9.
W0813 14:31:45.519199 132979839951936 osmand.py:230] Favorites file /data/media/0/Android/data/net.osmand/files/favorites/favorites.gpx not found.
Completed step 10.
W0813 14:31:53.958975 132979839951936 osmand.py:230] Favorites file /data/media/0/Android/data/net.osmand/files/favorites/favorites.gpx not found.
Completed step 11.
W0813 14:32:05.416102 132979839951936 osmand.py:230] Favorites file /data/media/0/Android/data/net.osmand/files/favorites/favorites.gpx not found.
Completed step 12.
W0813 14:32:14.003571 132979839951936 osmand.py:230] Favorites file /data/media/0/Android/data/net.osmand/files/favorites/favorites.gpx not found.
Completed step 13.
W0813 14:32:22.529457 132979839951936 osmand.py:230] Favorites file /data/media/0/Android/data/net.osmand/files/favorites/favorites.gpx not found.
Agent did not indicate task is done. Reached max number of steps.
W0813 14:32:22.606262 132979839951936 osmand.py:230] Favorites file /data/media/0/Android/data/net.osmand/files/favorites/favorites.gpx not found.
Task Failed ❌;  Add a favorite location marker for Malbun, Liechtenstein in the OsmAnd maps app.
W0813 14:32:22.782258 132979839951936 osmand.py:197] Favorites file /data/media/0/Android/data/net.osmand/files/favorites/favorites.gpx not found during cleanup.
W0813 14:32:22.869114 132979839951936 osmand.py:197] Favorites file /data/data/net.osmand/files/favourites_bak.gpx not found during cleanup.
W0813 14:32:23.048940 132979839951936 task_eval.py:125] Skipping app snapshot loading : Snapshot not found in /data/data/android_world/snapshots/net.osmand.


                                       task_num  num_complete_trials  mean_success_rate  mean_episode_length  total_runtime_s  num_fail_trials
task                                                                                                                                          
AudioRecorderRecordAudio                      0                 5.00               0.00                12.00          1079.90              0.0
BrowserDraw                                   1                 5.00               0.00                20.00          2083.10              0.0
CameraTakePhoto                               2                 5.00               0.00                10.00           585.00              0.0
ClockStopWatchPausedVerify                    3                 5.00               0.80                 4.80           419.80              0.0
ClockStopWatchRunning                         4                 5.00               1.00                 3.20           288.80              0.0
ContactsAddContact                            5                 5.00               0.00                12.00           898.40              0.0
ExpenseAddSingle                              6                 5.00               0.00                12.00          1845.30              0.0
FilesDeleteFile                               7                 5.00               0.00                22.00          2613.20              0.0
MarkorCreateFolder                            8                 5.00               0.00                10.00           946.60              0.0
NotesIsTodo                                   9                 5.00               0.00                10.00           595.50              0.0
OpenAppTaskEval                              10                 5.00               1.00                 1.40           124.60              0.0
OsmAndFavorite                               11                 2.00               0.00                13.00           241.60              0.0
RecipeDeleteSingleRecipe                     12                 5.00               0.40                 9.80           848.00              0.0
RecipeDeleteSingleWithRecipeWithNoise        13                 5.00               0.00                20.00          2438.60              0.0
========= Average =========                   0                 4.79               0.23                11.44          1072.03              0.0


                         mean_success_rate       
difficulty                            easy medium
tags                                             
complex_ui_understanding                 -    0.0
data_edit                              0.2    0.0
data_entry                             0.0      -
game_playing                           0.0      -
information_retrieval                  0.0      -
parameterized                         0.17    0.0
requires_setup                         0.0      -
screen_reading                         0.0      -
search                                0.13    0.0
untagged                               0.5      -
verification                           0.8      -
W0813 14:32:27.403562 132979839951936 task_eval.py:125] Skipping app snapshot loading : Snapshot not found in /data/data/android_world/snapshots/net.osmand.
W0813 14:32:27.590330 132979839951936 osmand.py:197] Favorites file /data/media/0/Android/data/net.osmand/files/favorites/favorites.gpx not found during cleanup.
W0813 14:32:27.731016 132979839951936 osmand.py:197] Favorites file /data/data/net.osmand/files/favourites_bak.gpx not found during cleanup.
Running task OsmAndFavorite with goal "Add a favorite location marker for 47.23976, 9.5262837 in the OsmAnd maps app."
Completed step 1.
W0813 14:32:39.653119 132979839951936 osmand.py:230] Favorites file /data/media/0/Android/data/net.osmand/files/favorites/favorites.gpx not found.
Completed step 2.
W0813 14:32:48.225675 132979839951936 osmand.py:230] Favorites file /data/media/0/Android/data/net.osmand/files/favorites/favorites.gpx not found.
Completed step 3.
W0813 14:32:56.653575 132979839951936 osmand.py:230] Favorites file /data/media/0/Android/data/net.osmand/files/favorites/favorites.gpx not found.
Completed step 4.
W0813 14:33:05.241236 132979839951936 osmand.py:230] Favorites file /data/media/0/Android/data/net.osmand/files/favorites/favorites.gpx not found.
Completed step 5.
W0813 14:33:16.551254 132979839951936 osmand.py:230] Favorites file /data/media/0/Android/data/net.osmand/files/favorites/favorites.gpx not found.
Completed step 6.
W0813 14:33:25.119697 132979839951936 osmand.py:230] Favorites file /data/media/0/Android/data/net.osmand/files/favorites/favorites.gpx not found.
Completed step 7.
W0813 14:33:34.390656 132979839951936 osmand.py:230] Favorites file /data/media/0/Android/data/net.osmand/files/favorites/favorites.gpx not found.
Completed step 8.
W0813 14:33:43.487839 132979839951936 osmand.py:230] Favorites file /data/media/0/Android/data/net.osmand/files/favorites/favorites.gpx not found.
Completed step 9.
W0813 14:33:54.966571 132979839951936 osmand.py:230] Favorites file /data/media/0/Android/data/net.osmand/files/favorites/favorites.gpx not found.
Completed step 10.
W0813 14:34:03.294030 132979839951936 osmand.py:230] Favorites file /data/media/0/Android/data/net.osmand/files/favorites/favorites.gpx not found.
Completed step 11.
W0813 14:34:11.853165 132979839951936 osmand.py:230] Favorites file /data/media/0/Android/data/net.osmand/files/favorites/favorites.gpx not found.
Completed step 12.
W0813 14:34:20.296267 132979839951936 osmand.py:230] Favorites file /data/media/0/Android/data/net.osmand/files/favorites/favorites.gpx not found.
Completed step 13.
W0813 14:34:31.646325 132979839951936 osmand.py:230] Favorites file /data/media/0/Android/data/net.osmand/files/favorites/favorites.gpx not found.
Agent did not indicate task is done. Reached max number of steps.
W0813 14:34:31.734540 132979839951936 osmand.py:230] Favorites file /data/media/0/Android/data/net.osmand/files/favorites/favorites.gpx not found.
Task Failed ❌;  Add a favorite location marker for 47.23976, 9.5262837 in the OsmAnd maps app.
W0813 14:34:31.907263 132979839951936 osmand.py:197] Favorites file /data/media/0/Android/data/net.osmand/files/favorites/favorites.gpx not found during cleanup.
W0813 14:34:32.014240 132979839951936 osmand.py:197] Favorites file /data/data/net.osmand/files/favourites_bak.gpx not found during cleanup.
W0813 14:34:32.210378 132979839951936 task_eval.py:125] Skipping app snapshot loading : Snapshot not found in /data/data/android_world/snapshots/net.osmand.


                                       task_num  num_complete_trials  mean_success_rate  mean_episode_length  total_runtime_s  num_fail_trials
task                                                                                                                                          
AudioRecorderRecordAudio                      0                 5.00               0.00                12.00          1079.90              0.0
BrowserDraw                                   1                 5.00               0.00                20.00          2083.10              0.0
CameraTakePhoto                               2                 5.00               0.00                10.00           585.00              0.0
ClockStopWatchPausedVerify                    3                 5.00               0.80                 4.80           419.80              0.0
ClockStopWatchRunning                         4                 5.00               1.00                 3.20           288.80              0.0
ContactsAddContact                            5                 5.00               0.00                12.00           898.40              0.0
ExpenseAddSingle                              6                 5.00               0.00                12.00          1845.30              0.0
FilesDeleteFile                               7                 5.00               0.00                22.00          2613.20              0.0
MarkorCreateFolder                            8                 5.00               0.00                10.00           946.60              0.0
NotesIsTodo                                   9                 5.00               0.00                10.00           595.50              0.0
OpenAppTaskEval                              10                 5.00               1.00                 1.40           124.60              0.0
OsmAndFavorite                               11                 3.00               0.00                13.00           366.80              0.0
RecipeDeleteSingleRecipe                     12                 5.00               0.40                 9.80           848.00              0.0
RecipeDeleteSingleWithRecipeWithNoise        13                 5.00               0.00                20.00          2438.60              0.0
========= Average =========                   0                 4.86               0.23                11.44          1080.97              0.0


                         mean_success_rate       
difficulty                            easy medium
tags                                             
complex_ui_understanding                 -    0.0
data_edit                              0.2    0.0
data_entry                             0.0      -
game_playing                           0.0      -
information_retrieval                  0.0      -
parameterized                         0.17    0.0
requires_setup                         0.0      -
screen_reading                         0.0      -
search                                0.13    0.0
untagged                               0.5      -
verification                           0.8      -
W0813 14:34:36.556436 132979839951936 task_eval.py:125] Skipping app snapshot loading : Snapshot not found in /data/data/android_world/snapshots/net.osmand.
W0813 14:34:36.766793 132979839951936 osmand.py:197] Favorites file /data/media/0/Android/data/net.osmand/files/favorites/favorites.gpx not found during cleanup.
W0813 14:34:36.869227 132979839951936 osmand.py:197] Favorites file /data/data/net.osmand/files/favourites_bak.gpx not found during cleanup.
Running task OsmAndFavorite with goal "Add a favorite location marker for Malbun, Liechtenstein in the OsmAnd maps app."
Completed step 1.
W0813 14:34:46.359249 132979839951936 osmand.py:230] Favorites file /data/media/0/Android/data/net.osmand/files/favorites/favorites.gpx not found.
Completed step 2.
W0813 14:34:54.782408 132979839951936 osmand.py:230] Favorites file /data/media/0/Android/data/net.osmand/files/favorites/favorites.gpx not found.
Completed step 3.
W0813 14:35:06.273198 132979839951936 osmand.py:230] Favorites file /data/media/0/Android/data/net.osmand/files/favorites/favorites.gpx not found.
Completed step 4.
W0813 14:35:14.719418 132979839951936 osmand.py:230] Favorites file /data/media/0/Android/data/net.osmand/files/favorites/favorites.gpx not found.
Completed step 5.
W0813 14:35:23.156213 132979839951936 osmand.py:230] Favorites file /data/media/0/Android/data/net.osmand/files/favorites/favorites.gpx not found.
Completed step 6.
W0813 14:35:34.457584 132979839951936 osmand.py:230] Favorites file /data/media/0/Android/data/net.osmand/files/favorites/favorites.gpx not found.
Completed step 7.
W0813 14:35:43.013621 132979839951936 osmand.py:230] Favorites file /data/media/0/Android/data/net.osmand/files/favorites/favorites.gpx not found.
Completed step 8.
W0813 14:35:51.398787 132979839951936 osmand.py:230] Favorites file /data/media/0/Android/data/net.osmand/files/favorites/favorites.gpx not found.
Completed step 9.
W0813 14:35:59.554581 132979839951936 osmand.py:230] Favorites file /data/media/0/Android/data/net.osmand/files/favorites/favorites.gpx not found.
Completed step 10.
W0813 14:36:11.065860 132979839951936 osmand.py:230] Favorites file /data/media/0/Android/data/net.osmand/files/favorites/favorites.gpx not found.
Completed step 11.
W0813 14:36:19.524703 132979839951936 osmand.py:230] Favorites file /data/media/0/Android/data/net.osmand/files/favorites/favorites.gpx not found.
Completed step 12.
W0813 14:36:27.849329 132979839951936 osmand.py:230] Favorites file /data/media/0/Android/data/net.osmand/files/favorites/favorites.gpx not found.
Completed step 13.
W0813 14:36:36.505131 132979839951936 osmand.py:230] Favorites file /data/media/0/Android/data/net.osmand/files/favorites/favorites.gpx not found.
Agent did not indicate task is done. Reached max number of steps.
W0813 14:36:36.590958 132979839951936 osmand.py:230] Favorites file /data/media/0/Android/data/net.osmand/files/favorites/favorites.gpx not found.
Task Failed ❌;  Add a favorite location marker for Malbun, Liechtenstein in the OsmAnd maps app.
W0813 14:36:36.762081 132979839951936 osmand.py:197] Favorites file /data/media/0/Android/data/net.osmand/files/favorites/favorites.gpx not found during cleanup.
W0813 14:36:36.839335 132979839951936 osmand.py:197] Favorites file /data/data/net.osmand/files/favourites_bak.gpx not found during cleanup.
W0813 14:36:37.030968 132979839951936 task_eval.py:125] Skipping app snapshot loading : Snapshot not found in /data/data/android_world/snapshots/net.osmand.


                                       task_num  num_complete_trials  mean_success_rate  mean_episode_length  total_runtime_s  num_fail_trials
task                                                                                                                                          
AudioRecorderRecordAudio                      0                 5.00               0.00                12.00          1079.90              0.0
BrowserDraw                                   1                 5.00               0.00                20.00          2083.10              0.0
CameraTakePhoto                               2                 5.00               0.00                10.00           585.00              0.0
ClockStopWatchPausedVerify                    3                 5.00               0.80                 4.80           419.80              0.0
ClockStopWatchRunning                         4                 5.00               1.00                 3.20           288.80              0.0
ContactsAddContact                            5                 5.00               0.00                12.00           898.40              0.0
ExpenseAddSingle                              6                 5.00               0.00                12.00          1845.30              0.0
FilesDeleteFile                               7                 5.00               0.00                22.00          2613.20              0.0
MarkorCreateFolder                            8                 5.00               0.00                10.00           946.60              0.0
NotesIsTodo                                   9                 5.00               0.00                10.00           595.50              0.0
OpenAppTaskEval                              10                 5.00               1.00                 1.40           124.60              0.0
OsmAndFavorite                               11                 4.00               0.00                13.00           487.70              0.0
RecipeDeleteSingleRecipe                     12                 5.00               0.40                 9.80           848.00              0.0
RecipeDeleteSingleWithRecipeWithNoise        13                 5.00               0.00                20.00          2438.60              0.0
========= Average =========                   0                 4.93               0.23                11.44          1089.61              0.0


                         mean_success_rate       
difficulty                            easy medium
tags                                             
complex_ui_understanding                 -    0.0
data_edit                              0.2    0.0
data_entry                             0.0      -
game_playing                           0.0      -
information_retrieval                  0.0      -
parameterized                         0.17    0.0
requires_setup                         0.0      -
screen_reading                         0.0      -
search                                0.13    0.0
untagged                               0.5      -
verification                           0.8      -
W0813 14:36:41.339957 132979839951936 task_eval.py:125] Skipping app snapshot loading : Snapshot not found in /data/data/android_world/snapshots/net.osmand.
W0813 14:36:44.467905 132979839951936 osmand.py:197] Favorites file /data/media/0/Android/data/net.osmand/files/favorites/favorites.gpx not found during cleanup.
W0813 14:36:44.585289 132979839951936 osmand.py:197] Favorites file /data/data/net.osmand/files/favourites_bak.gpx not found during cleanup.
Running task OsmAndFavorite with goal "Add a favorite location marker for 47.1858882, 9.5452201 in the OsmAnd maps app."
Completed step 1.
W0813 14:36:53.533961 132979839951936 osmand.py:230] Favorites file /data/media/0/Android/data/net.osmand/files/favorites/favorites.gpx not found.
Completed step 2.
W0813 14:37:01.957887 132979839951936 osmand.py:230] Favorites file /data/media/0/Android/data/net.osmand/files/favorites/favorites.gpx not found.
Completed step 3.
W0813 14:37:11.155441 132979839951936 osmand.py:230] Favorites file /data/media/0/Android/data/net.osmand/files/favorites/favorites.gpx not found.
Completed step 4.
W0813 14:37:23.109536 132979839951936 osmand.py:230] Favorites file /data/media/0/Android/data/net.osmand/files/favorites/favorites.gpx not found.
Completed step 5.
W0813 14:37:31.536442 132979839951936 osmand.py:230] Favorites file /data/media/0/Android/data/net.osmand/files/favorites/favorites.gpx not found.
Completed step 6.
W0813 14:37:40.342174 132979839951936 osmand.py:230] Favorites file /data/media/0/Android/data/net.osmand/files/favorites/favorites.gpx not found.
Completed step 7.
W0813 14:37:48.865718 132979839951936 osmand.py:230] Favorites file /data/media/0/Android/data/net.osmand/files/favorites/favorites.gpx not found.
Completed step 8.
W0813 14:38:00.232794 132979839951936 osmand.py:230] Favorites file /data/media/0/Android/data/net.osmand/files/favorites/favorites.gpx not found.
Completed step 9.
W0813 14:38:08.794364 132979839951936 osmand.py:230] Favorites file /data/media/0/Android/data/net.osmand/files/favorites/favorites.gpx not found.
Completed step 10.
W0813 14:38:18.136698 132979839951936 osmand.py:230] Favorites file /data/media/0/Android/data/net.osmand/files/favorites/favorites.gpx not found.
Completed step 11.
W0813 14:38:26.576666 132979839951936 osmand.py:230] Favorites file /data/media/0/Android/data/net.osmand/files/favorites/favorites.gpx not found.
Completed step 12.
W0813 14:38:38.092978 132979839951936 osmand.py:230] Favorites file /data/media/0/Android/data/net.osmand/files/favorites/favorites.gpx not found.
Completed step 13.
W0813 14:38:48.102687 132979839951936 osmand.py:230] Favorites file /data/media/0/Android/data/net.osmand/files/favorites/favorites.gpx not found.
Agent did not indicate task is done. Reached max number of steps.
W0813 14:38:48.183707 132979839951936 osmand.py:230] Favorites file /data/media/0/Android/data/net.osmand/files/favorites/favorites.gpx not found.
Task Failed ❌;  Add a favorite location marker for 47.1858882, 9.5452201 in the OsmAnd maps app.
W0813 14:38:48.347400 132979839951936 osmand.py:197] Favorites file /data/media/0/Android/data/net.osmand/files/favorites/favorites.gpx not found during cleanup.
W0813 14:38:48.440357 132979839951936 osmand.py:197] Favorites file /data/data/net.osmand/files/favourites_bak.gpx not found during cleanup.
W0813 14:38:48.642702 132979839951936 task_eval.py:125] Skipping app snapshot loading : Snapshot not found in /data/data/android_world/snapshots/net.osmand.


                                       task_num  num_complete_trials  mean_success_rate  mean_episode_length  total_runtime_s  num_fail_trials
task                                                                                                                                          
AudioRecorderRecordAudio                      0                  5.0               0.00                12.00          1079.90              0.0
BrowserDraw                                   1                  5.0               0.00                20.00          2083.10              0.0
CameraTakePhoto                               2                  5.0               0.00                10.00           585.00              0.0
ClockStopWatchPausedVerify                    3                  5.0               0.80                 4.80           419.80              0.0
ClockStopWatchRunning                         4                  5.0               1.00                 3.20           288.80              0.0
ContactsAddContact                            5                  5.0               0.00                12.00           898.40              0.0
ExpenseAddSingle                              6                  5.0               0.00                12.00          1845.30              0.0
FilesDeleteFile                               7                  5.0               0.00                22.00          2613.20              0.0
MarkorCreateFolder                            8                  5.0               0.00                10.00           946.60              0.0
NotesIsTodo                                   9                  5.0               0.00                10.00           595.50              0.0
OpenAppTaskEval                              10                  5.0               1.00                 1.40           124.60              0.0
OsmAndFavorite                               11                  5.0               0.00                13.00           615.40              0.0
RecipeDeleteSingleRecipe                     12                  5.0               0.40                 9.80           848.00              0.0
RecipeDeleteSingleWithRecipeWithNoise        13                  5.0               0.00                20.00          2438.60              0.0
========= Average =========                   0                  5.0               0.23                11.44          1098.73              0.0


                         mean_success_rate       
difficulty                            easy medium
tags                                             
complex_ui_understanding                 -    0.0
data_edit                              0.2    0.0
data_entry                             0.0      -
game_playing                           0.0      -
information_retrieval                  0.0      -
parameterized                         0.17    0.0
requires_setup                         0.0      -
screen_reading                         0.0      -
search                                0.13    0.0
untagged                               0.5      -
verification                           0.8      -

Running task: RetroPlayingQueue
===============================
W0813 14:38:54.817224 132979839951936 task_eval.py:125] Skipping app snapshot loading : Snapshot not found in /data/data/android_world/snapshots/code.name.monkey.retromusic.
Running task RetroPlayingQueue with goal "Add the following songs, in order, Through the Storm, Hidden Paths, Forever Young, Whispers of the Past, Heartbeat Away to my playing queue in Retro music."
Completed step 1.
~~~~~~~~~~~~~~~~~~~~~~~~~~~~~~~~~~~~~~~~~~~~~~~~~~~~~~~~~~~~~~~~~~~~~~~~~~~~~~~~
SKIPPING RetroPlayingQueue.
E0813 14:39:20.213235 132979839951936 suite_utils.py:302] Logging exception and skipping task. Will keep running. Task: RetroPlayingQueue: no such table: playing_queue
Traceback (most recent call last):
  File "/home/suyichn/projects/android_world/android_world/suite_utils.py", line 296, in _run_task
    interaction_results = run_episode(task)
                          ^^^^^^^^^^^^^^^^^
  File "/home/suyichn/projects/android_world/android_world/suite_utils.py", line 517, in run_episode
    return episode_runner.run_episode(
           ^^^^^^^^^^^^^^^^^^^^^^^^^^^
  File "/home/suyichn/projects/android_world/android_world/episode_runner.py", line 85, in run_episode
    if termination_fn(agent.env):
       ^^^^^^^^^^^^^^^^^^^^^^^^^
  File "/home/suyichn/projects/android_world/android_world/task_evals/single/retro_music.py", line 204, in is_successful
    queue = _get_playing_queue(env)
            ^^^^^^^^^^^^^^^^^^^^^^^
  File "/home/suyichn/projects/android_world/android_world/task_evals/single/retro_music.py", line 92, in _get_playing_queue
    result = sqlite_utils.execute_query(
             ^^^^^^^^^^^^^^^^^^^^^^^^^^^
  File "/home/suyichn/projects/android_world/android_world/task_evals/utils/sqlite_utils.py", line 46, in execute_query
    raw_rows = cursor.execute(query).fetchall()
               ^^^^^^^^^^^^^^^^^^^^^
pysqlite3.dbapi2.OperationalError: no such table: playing_queue
Traceback (most recent call last):
  File "/home/suyichn/projects/android_world/android_world/suite_utils.py", line 296, in _run_task
    interaction_results = run_episode(task)
                          ^^^^^^^^^^^^^^^^^
  File "/home/suyichn/projects/android_world/android_world/suite_utils.py", line 517, in run_episode
    return episode_runner.run_episode(
           ^^^^^^^^^^^^^^^^^^^^^^^^^^^
  File "/home/suyichn/projects/android_world/android_world/episode_runner.py", line 85, in run_episode
    if termination_fn(agent.env):
       ^^^^^^^^^^^^^^^^^^^^^^^^^
  File "/home/suyichn/projects/android_world/android_world/task_evals/single/retro_music.py", line 204, in is_successful
    queue = _get_playing_queue(env)
            ^^^^^^^^^^^^^^^^^^^^^^^
  File "/home/suyichn/projects/android_world/android_world/task_evals/single/retro_music.py", line 92, in _get_playing_queue
    result = sqlite_utils.execute_query(
             ^^^^^^^^^^^^^^^^^^^^^^^^^^^
  File "/home/suyichn/projects/android_world/android_world/task_evals/utils/sqlite_utils.py", line 46, in execute_query
    raw_rows = cursor.execute(query).fetchall()
               ^^^^^^^^^^^^^^^^^^^^^
pysqlite3.dbapi2.OperationalError: no such table: playing_queue


                                       task_num  num_complete_trials  mean_success_rate  mean_episode_length  total_runtime_s  num_fail_trials
task                                                                                                                                          
AudioRecorderRecordAudio                      0                 5.00               0.00                12.00          1079.90             0.00
BrowserDraw                                   1                 5.00               0.00                20.00          2083.10             0.00
CameraTakePhoto                               2                 5.00               0.00                10.00           585.00             0.00
ClockStopWatchPausedVerify                    3                 5.00               0.80                 4.80           419.80             0.00
ClockStopWatchRunning                         4                 5.00               1.00                 3.20           288.80             0.00
ContactsAddContact                            5                 5.00               0.00                12.00           898.40             0.00
ExpenseAddSingle                              6                 5.00               0.00                12.00          1845.30             0.00
FilesDeleteFile                               7                 5.00               0.00                22.00          2613.20             0.00
MarkorCreateFolder                            8                 5.00               0.00                10.00           946.60             0.00
NotesIsTodo                                   9                 5.00               0.00                10.00           595.50             0.00
OpenAppTaskEval                              10                 5.00               1.00                 1.40           124.60             0.00
OsmAndFavorite                               11                 5.00               0.00                13.00           615.40             0.00
RecipeDeleteSingleRecipe                     12                 5.00               0.40                 9.80           848.00             0.00
RecipeDeleteSingleWithRecipeWithNoise        13                 5.00               0.00                20.00          2438.60             0.00
RetroPlayingQueue                            14                 0.00                NaN                  NaN            27.70             1.00
========= Average =========                   0                 4.67               0.23                11.44          1027.33             0.07


                         mean_success_rate       
difficulty                            easy medium
tags                                             
complex_ui_understanding                 -    0.0
data_edit                              0.2    0.0
data_entry                             0.0      -
game_playing                           0.0      -
information_retrieval                  0.0      -
parameterized                         0.17    0.0
requires_setup                         0.0      -
screen_reading                         0.0      -
search                                0.13    0.0
untagged                               0.5      -
verification                           0.8      -
W0813 14:39:21.130908 132979839951936 task_eval.py:125] Skipping app snapshot loading : Snapshot not found in /data/data/android_world/snapshots/code.name.monkey.retromusic.
Running task RetroPlayingQueue with goal "Add the following songs, in order, Forever Young, City of Stars, Twilight Calling, Lost in the Echo, Return to Paradise to my playing queue in Retro music."
Completed step 1.
~~~~~~~~~~~~~~~~~~~~~~~~~~~~~~~~~~~~~~~~~~~~~~~~~~~~~~~~~~~~~~~~~~~~~~~~~~~~~~~~
SKIPPING RetroPlayingQueue.
E0813 14:39:42.157725 132979839951936 suite_utils.py:302] Logging exception and skipping task. Will keep running. Task: RetroPlayingQueue: no such table: playing_queue
Traceback (most recent call last):
  File "/home/suyichn/projects/android_world/android_world/suite_utils.py", line 296, in _run_task
    interaction_results = run_episode(task)
                          ^^^^^^^^^^^^^^^^^
  File "/home/suyichn/projects/android_world/android_world/suite_utils.py", line 517, in run_episode
    return episode_runner.run_episode(
           ^^^^^^^^^^^^^^^^^^^^^^^^^^^
  File "/home/suyichn/projects/android_world/android_world/episode_runner.py", line 85, in run_episode
    if termination_fn(agent.env):
       ^^^^^^^^^^^^^^^^^^^^^^^^^
  File "/home/suyichn/projects/android_world/android_world/task_evals/single/retro_music.py", line 204, in is_successful
    queue = _get_playing_queue(env)
            ^^^^^^^^^^^^^^^^^^^^^^^
  File "/home/suyichn/projects/android_world/android_world/task_evals/single/retro_music.py", line 92, in _get_playing_queue
    result = sqlite_utils.execute_query(
             ^^^^^^^^^^^^^^^^^^^^^^^^^^^
  File "/home/suyichn/projects/android_world/android_world/task_evals/utils/sqlite_utils.py", line 46, in execute_query
    raw_rows = cursor.execute(query).fetchall()
               ^^^^^^^^^^^^^^^^^^^^^
pysqlite3.dbapi2.OperationalError: no such table: playing_queue
Traceback (most recent call last):
  File "/home/suyichn/projects/android_world/android_world/suite_utils.py", line 296, in _run_task
    interaction_results = run_episode(task)
                          ^^^^^^^^^^^^^^^^^
  File "/home/suyichn/projects/android_world/android_world/suite_utils.py", line 517, in run_episode
    return episode_runner.run_episode(
           ^^^^^^^^^^^^^^^^^^^^^^^^^^^
  File "/home/suyichn/projects/android_world/android_world/episode_runner.py", line 85, in run_episode
    if termination_fn(agent.env):
       ^^^^^^^^^^^^^^^^^^^^^^^^^
  File "/home/suyichn/projects/android_world/android_world/task_evals/single/retro_music.py", line 204, in is_successful
    queue = _get_playing_queue(env)
            ^^^^^^^^^^^^^^^^^^^^^^^
  File "/home/suyichn/projects/android_world/android_world/task_evals/single/retro_music.py", line 92, in _get_playing_queue
    result = sqlite_utils.execute_query(
             ^^^^^^^^^^^^^^^^^^^^^^^^^^^
  File "/home/suyichn/projects/android_world/android_world/task_evals/utils/sqlite_utils.py", line 46, in execute_query
    raw_rows = cursor.execute(query).fetchall()
               ^^^^^^^^^^^^^^^^^^^^^
pysqlite3.dbapi2.OperationalError: no such table: playing_queue


                                       task_num  num_complete_trials  mean_success_rate  mean_episode_length  total_runtime_s  num_fail_trials
task                                                                                                                                          
AudioRecorderRecordAudio                      0                 5.00               0.00                12.00          1079.90             0.00
BrowserDraw                                   1                 5.00               0.00                20.00          2083.10             0.00
CameraTakePhoto                               2                 5.00               0.00                10.00           585.00             0.00
ClockStopWatchPausedVerify                    3                 5.00               0.80                 4.80           419.80             0.00
ClockStopWatchRunning                         4                 5.00               1.00                 3.20           288.80             0.00
ContactsAddContact                            5                 5.00               0.00                12.00           898.40             0.00
ExpenseAddSingle                              6                 5.00               0.00                12.00          1845.30             0.00
FilesDeleteFile                               7                 5.00               0.00                22.00          2613.20             0.00
MarkorCreateFolder                            8                 5.00               0.00                10.00           946.60             0.00
NotesIsTodo                                   9                 5.00               0.00                10.00           595.50             0.00
OpenAppTaskEval                              10                 5.00               1.00                 1.40           124.60             0.00
OsmAndFavorite                               11                 5.00               0.00                13.00           615.40             0.00
RecipeDeleteSingleRecipe                     12                 5.00               0.40                 9.80           848.00             0.00
RecipeDeleteSingleWithRecipeWithNoise        13                 5.00               0.00                20.00          2438.60             0.00
RetroPlayingQueue                            14                 0.00                NaN                  NaN            49.60             2.00
========= Average =========                   0                 4.67               0.23                11.44          1028.79             0.13


                         mean_success_rate       
difficulty                            easy medium
tags                                             
complex_ui_understanding                 -    0.0
data_edit                              0.2    0.0
data_entry                             0.0      -
game_playing                           0.0      -
information_retrieval                  0.0      -
parameterized                         0.17    0.0
requires_setup                         0.0      -
screen_reading                         0.0      -
search                                0.13    0.0
untagged                               0.5      -
verification                           0.8      -
W0813 14:39:43.149860 132979839951936 task_eval.py:125] Skipping app snapshot loading : Snapshot not found in /data/data/android_world/snapshots/code.name.monkey.retromusic.
Running task RetroPlayingQueue with goal "Add the following songs, in order, Waves of Change, Forever Young, Whispering Wind to my playing queue in Retro music."
Completed step 1.
~~~~~~~~~~~~~~~~~~~~~~~~~~~~~~~~~~~~~~~~~~~~~~~~~~~~~~~~~~~~~~~~~~~~~~~~~~~~~~~~
SKIPPING RetroPlayingQueue.
E0813 14:40:01.300581 132979839951936 suite_utils.py:302] Logging exception and skipping task. Will keep running. Task: RetroPlayingQueue: no such table: playing_queue
Traceback (most recent call last):
  File "/home/suyichn/projects/android_world/android_world/suite_utils.py", line 296, in _run_task
    interaction_results = run_episode(task)
                          ^^^^^^^^^^^^^^^^^
  File "/home/suyichn/projects/android_world/android_world/suite_utils.py", line 517, in run_episode
    return episode_runner.run_episode(
           ^^^^^^^^^^^^^^^^^^^^^^^^^^^
  File "/home/suyichn/projects/android_world/android_world/episode_runner.py", line 85, in run_episode
    if termination_fn(agent.env):
       ^^^^^^^^^^^^^^^^^^^^^^^^^
  File "/home/suyichn/projects/android_world/android_world/task_evals/single/retro_music.py", line 204, in is_successful
    queue = _get_playing_queue(env)
            ^^^^^^^^^^^^^^^^^^^^^^^
  File "/home/suyichn/projects/android_world/android_world/task_evals/single/retro_music.py", line 92, in _get_playing_queue
    result = sqlite_utils.execute_query(
             ^^^^^^^^^^^^^^^^^^^^^^^^^^^
  File "/home/suyichn/projects/android_world/android_world/task_evals/utils/sqlite_utils.py", line 46, in execute_query
    raw_rows = cursor.execute(query).fetchall()
               ^^^^^^^^^^^^^^^^^^^^^
pysqlite3.dbapi2.OperationalError: no such table: playing_queue
Traceback (most recent call last):
  File "/home/suyichn/projects/android_world/android_world/suite_utils.py", line 296, in _run_task
    interaction_results = run_episode(task)
                          ^^^^^^^^^^^^^^^^^
  File "/home/suyichn/projects/android_world/android_world/suite_utils.py", line 517, in run_episode
    return episode_runner.run_episode(
           ^^^^^^^^^^^^^^^^^^^^^^^^^^^
  File "/home/suyichn/projects/android_world/android_world/episode_runner.py", line 85, in run_episode
    if termination_fn(agent.env):
       ^^^^^^^^^^^^^^^^^^^^^^^^^
  File "/home/suyichn/projects/android_world/android_world/task_evals/single/retro_music.py", line 204, in is_successful
    queue = _get_playing_queue(env)
            ^^^^^^^^^^^^^^^^^^^^^^^
  File "/home/suyichn/projects/android_world/android_world/task_evals/single/retro_music.py", line 92, in _get_playing_queue
    result = sqlite_utils.execute_query(
             ^^^^^^^^^^^^^^^^^^^^^^^^^^^
  File "/home/suyichn/projects/android_world/android_world/task_evals/utils/sqlite_utils.py", line 46, in execute_query
    raw_rows = cursor.execute(query).fetchall()
               ^^^^^^^^^^^^^^^^^^^^^
pysqlite3.dbapi2.OperationalError: no such table: playing_queue


                                       task_num  num_complete_trials  mean_success_rate  mean_episode_length  total_runtime_s  num_fail_trials
task                                                                                                                                          
AudioRecorderRecordAudio                      0                 5.00               0.00                12.00          1079.90              0.0
BrowserDraw                                   1                 5.00               0.00                20.00          2083.10              0.0
CameraTakePhoto                               2                 5.00               0.00                10.00           585.00              0.0
ClockStopWatchPausedVerify                    3                 5.00               0.80                 4.80           419.80              0.0
ClockStopWatchRunning                         4                 5.00               1.00                 3.20           288.80              0.0
ContactsAddContact                            5                 5.00               0.00                12.00           898.40              0.0
ExpenseAddSingle                              6                 5.00               0.00                12.00          1845.30              0.0
FilesDeleteFile                               7                 5.00               0.00                22.00          2613.20              0.0
MarkorCreateFolder                            8                 5.00               0.00                10.00           946.60              0.0
NotesIsTodo                                   9                 5.00               0.00                10.00           595.50              0.0
OpenAppTaskEval                              10                 5.00               1.00                 1.40           124.60              0.0
OsmAndFavorite                               11                 5.00               0.00                13.00           615.40              0.0
RecipeDeleteSingleRecipe                     12                 5.00               0.40                 9.80           848.00              0.0
RecipeDeleteSingleWithRecipeWithNoise        13                 5.00               0.00                20.00          2438.60              0.0
RetroPlayingQueue                            14                 0.00                NaN                  NaN            68.70              3.0
========= Average =========                   0                 4.67               0.23                11.44          1030.06              0.2


                         mean_success_rate       
difficulty                            easy medium
tags                                             
complex_ui_understanding                 -    0.0
data_edit                              0.2    0.0
data_entry                             0.0      -
game_playing                           0.0      -
information_retrieval                  0.0      -
parameterized                         0.17    0.0
requires_setup                         0.0      -
screen_reading                         0.0      -
search                                0.13    0.0
untagged                               0.5      -
verification                           0.8      -
W0813 14:40:02.286674 132979839951936 task_eval.py:125] Skipping app snapshot loading : Snapshot not found in /data/data/android_world/snapshots/code.name.monkey.retromusic.
Running task RetroPlayingQueue with goal "Add the following songs, in order, Under the Sky, Chasing Shadows, Whispering Wind, City of Stars, Shadows of Time to my playing queue in Retro music."
Completed step 1.
~~~~~~~~~~~~~~~~~~~~~~~~~~~~~~~~~~~~~~~~~~~~~~~~~~~~~~~~~~~~~~~~~~~~~~~~~~~~~~~~
SKIPPING RetroPlayingQueue.
E0813 14:40:23.880269 132979839951936 suite_utils.py:302] Logging exception and skipping task. Will keep running. Task: RetroPlayingQueue: no such table: playing_queue
Traceback (most recent call last):
  File "/home/suyichn/projects/android_world/android_world/suite_utils.py", line 296, in _run_task
    interaction_results = run_episode(task)
                          ^^^^^^^^^^^^^^^^^
  File "/home/suyichn/projects/android_world/android_world/suite_utils.py", line 517, in run_episode
    return episode_runner.run_episode(
           ^^^^^^^^^^^^^^^^^^^^^^^^^^^
  File "/home/suyichn/projects/android_world/android_world/episode_runner.py", line 85, in run_episode
    if termination_fn(agent.env):
       ^^^^^^^^^^^^^^^^^^^^^^^^^
  File "/home/suyichn/projects/android_world/android_world/task_evals/single/retro_music.py", line 204, in is_successful
    queue = _get_playing_queue(env)
            ^^^^^^^^^^^^^^^^^^^^^^^
  File "/home/suyichn/projects/android_world/android_world/task_evals/single/retro_music.py", line 92, in _get_playing_queue
    result = sqlite_utils.execute_query(
             ^^^^^^^^^^^^^^^^^^^^^^^^^^^
  File "/home/suyichn/projects/android_world/android_world/task_evals/utils/sqlite_utils.py", line 46, in execute_query
    raw_rows = cursor.execute(query).fetchall()
               ^^^^^^^^^^^^^^^^^^^^^
pysqlite3.dbapi2.OperationalError: no such table: playing_queue
Traceback (most recent call last):
  File "/home/suyichn/projects/android_world/android_world/suite_utils.py", line 296, in _run_task
    interaction_results = run_episode(task)
                          ^^^^^^^^^^^^^^^^^
  File "/home/suyichn/projects/android_world/android_world/suite_utils.py", line 517, in run_episode
    return episode_runner.run_episode(
           ^^^^^^^^^^^^^^^^^^^^^^^^^^^
  File "/home/suyichn/projects/android_world/android_world/episode_runner.py", line 85, in run_episode
    if termination_fn(agent.env):
       ^^^^^^^^^^^^^^^^^^^^^^^^^
  File "/home/suyichn/projects/android_world/android_world/task_evals/single/retro_music.py", line 204, in is_successful
    queue = _get_playing_queue(env)
            ^^^^^^^^^^^^^^^^^^^^^^^
  File "/home/suyichn/projects/android_world/android_world/task_evals/single/retro_music.py", line 92, in _get_playing_queue
    result = sqlite_utils.execute_query(
             ^^^^^^^^^^^^^^^^^^^^^^^^^^^
  File "/home/suyichn/projects/android_world/android_world/task_evals/utils/sqlite_utils.py", line 46, in execute_query
    raw_rows = cursor.execute(query).fetchall()
               ^^^^^^^^^^^^^^^^^^^^^
pysqlite3.dbapi2.OperationalError: no such table: playing_queue


                                       task_num  num_complete_trials  mean_success_rate  mean_episode_length  total_runtime_s  num_fail_trials
task                                                                                                                                          
AudioRecorderRecordAudio                      0                 5.00               0.00                12.00          1079.90             0.00
BrowserDraw                                   1                 5.00               0.00                20.00          2083.10             0.00
CameraTakePhoto                               2                 5.00               0.00                10.00           585.00             0.00
ClockStopWatchPausedVerify                    3                 5.00               0.80                 4.80           419.80             0.00
ClockStopWatchRunning                         4                 5.00               1.00                 3.20           288.80             0.00
ContactsAddContact                            5                 5.00               0.00                12.00           898.40             0.00
ExpenseAddSingle                              6                 5.00               0.00                12.00          1845.30             0.00
FilesDeleteFile                               7                 5.00               0.00                22.00          2613.20             0.00
MarkorCreateFolder                            8                 5.00               0.00                10.00           946.60             0.00
NotesIsTodo                                   9                 5.00               0.00                10.00           595.50             0.00
OpenAppTaskEval                              10                 5.00               1.00                 1.40           124.60             0.00
OsmAndFavorite                               11                 5.00               0.00                13.00           615.40             0.00
RecipeDeleteSingleRecipe                     12                 5.00               0.40                 9.80           848.00             0.00
RecipeDeleteSingleWithRecipeWithNoise        13                 5.00               0.00                20.00          2438.60             0.00
RetroPlayingQueue                            14                 0.00                NaN                  NaN            91.30             4.00
========= Average =========                   0                 4.67               0.23                11.44          1031.57             0.27


                         mean_success_rate       
difficulty                            easy medium
tags                                             
complex_ui_understanding                 -    0.0
data_edit                              0.2    0.0
data_entry                             0.0      -
game_playing                           0.0      -
information_retrieval                  0.0      -
parameterized                         0.17    0.0
requires_setup                         0.0      -
screen_reading                         0.0      -
search                                0.13    0.0
untagged                               0.5      -
verification                           0.8      -
W0813 14:40:24.843986 132979839951936 task_eval.py:125] Skipping app snapshot loading : Snapshot not found in /data/data/android_world/snapshots/code.name.monkey.retromusic.
Running task RetroPlayingQueue with goal "Add the following songs, in order, Shadows of Time, Beyond the Horizon, Orbiting Stars, Moonlight Sonata, Night Drive to my playing queue in Retro music."
Completed step 1.
~~~~~~~~~~~~~~~~~~~~~~~~~~~~~~~~~~~~~~~~~~~~~~~~~~~~~~~~~~~~~~~~~~~~~~~~~~~~~~~~
SKIPPING RetroPlayingQueue.
E0813 14:40:43.181954 132979839951936 suite_utils.py:302] Logging exception and skipping task. Will keep running. Task: RetroPlayingQueue: no such table: playing_queue
Traceback (most recent call last):
  File "/home/suyichn/projects/android_world/android_world/suite_utils.py", line 296, in _run_task
    interaction_results = run_episode(task)
                          ^^^^^^^^^^^^^^^^^
  File "/home/suyichn/projects/android_world/android_world/suite_utils.py", line 517, in run_episode
    return episode_runner.run_episode(
           ^^^^^^^^^^^^^^^^^^^^^^^^^^^
  File "/home/suyichn/projects/android_world/android_world/episode_runner.py", line 85, in run_episode
    if termination_fn(agent.env):
       ^^^^^^^^^^^^^^^^^^^^^^^^^
  File "/home/suyichn/projects/android_world/android_world/task_evals/single/retro_music.py", line 204, in is_successful
    queue = _get_playing_queue(env)
            ^^^^^^^^^^^^^^^^^^^^^^^
  File "/home/suyichn/projects/android_world/android_world/task_evals/single/retro_music.py", line 92, in _get_playing_queue
    result = sqlite_utils.execute_query(
             ^^^^^^^^^^^^^^^^^^^^^^^^^^^
  File "/home/suyichn/projects/android_world/android_world/task_evals/utils/sqlite_utils.py", line 46, in execute_query
    raw_rows = cursor.execute(query).fetchall()
               ^^^^^^^^^^^^^^^^^^^^^
pysqlite3.dbapi2.OperationalError: no such table: playing_queue
Traceback (most recent call last):
  File "/home/suyichn/projects/android_world/android_world/suite_utils.py", line 296, in _run_task
    interaction_results = run_episode(task)
                          ^^^^^^^^^^^^^^^^^
  File "/home/suyichn/projects/android_world/android_world/suite_utils.py", line 517, in run_episode
    return episode_runner.run_episode(
           ^^^^^^^^^^^^^^^^^^^^^^^^^^^
  File "/home/suyichn/projects/android_world/android_world/episode_runner.py", line 85, in run_episode
    if termination_fn(agent.env):
       ^^^^^^^^^^^^^^^^^^^^^^^^^
  File "/home/suyichn/projects/android_world/android_world/task_evals/single/retro_music.py", line 204, in is_successful
    queue = _get_playing_queue(env)
            ^^^^^^^^^^^^^^^^^^^^^^^
  File "/home/suyichn/projects/android_world/android_world/task_evals/single/retro_music.py", line 92, in _get_playing_queue
    result = sqlite_utils.execute_query(
             ^^^^^^^^^^^^^^^^^^^^^^^^^^^
  File "/home/suyichn/projects/android_world/android_world/task_evals/utils/sqlite_utils.py", line 46, in execute_query
    raw_rows = cursor.execute(query).fetchall()
               ^^^^^^^^^^^^^^^^^^^^^
pysqlite3.dbapi2.OperationalError: no such table: playing_queue


                                       task_num  num_complete_trials  mean_success_rate  mean_episode_length  total_runtime_s  num_fail_trials
task                                                                                                                                          
AudioRecorderRecordAudio                      0                 5.00               0.00                12.00          1079.90             0.00
BrowserDraw                                   1                 5.00               0.00                20.00          2083.10             0.00
CameraTakePhoto                               2                 5.00               0.00                10.00           585.00             0.00
ClockStopWatchPausedVerify                    3                 5.00               0.80                 4.80           419.80             0.00
ClockStopWatchRunning                         4                 5.00               1.00                 3.20           288.80             0.00
ContactsAddContact                            5                 5.00               0.00                12.00           898.40             0.00
ExpenseAddSingle                              6                 5.00               0.00                12.00          1845.30             0.00
FilesDeleteFile                               7                 5.00               0.00                22.00          2613.20             0.00
MarkorCreateFolder                            8                 5.00               0.00                10.00           946.60             0.00
NotesIsTodo                                   9                 5.00               0.00                10.00           595.50             0.00
OpenAppTaskEval                              10                 5.00               1.00                 1.40           124.60             0.00
OsmAndFavorite                               11                 5.00               0.00                13.00           615.40             0.00
RecipeDeleteSingleRecipe                     12                 5.00               0.40                 9.80           848.00             0.00
RecipeDeleteSingleWithRecipeWithNoise        13                 5.00               0.00                20.00          2438.60             0.00
RetroPlayingQueue                            14                 0.00                NaN                  NaN           110.60             5.00
========= Average =========                   0                 4.67               0.23                11.44          1032.85             0.33


                         mean_success_rate       
difficulty                            easy medium
tags                                             
complex_ui_understanding                 -    0.0
data_edit                              0.2    0.0
data_entry                             0.0      -
game_playing                           0.0      -
information_retrieval                  0.0      -
parameterized                         0.17    0.0
requires_setup                         0.0      -
screen_reading                         0.0      -
search                                0.13    0.0
untagged                               0.5      -
verification                           0.8      -

Running task: SimpleCalendarAddOneEventTomorrow
===============================================
W0813 14:40:46.383912 132979839951936 task_eval.py:125] Skipping app snapshot loading : Snapshot not found in /data/data/android_world/snapshots/com.simplemobiletools.calendar.pro.
Running task SimpleCalendarAddOneEventTomorrow with goal "In Simple Calendar Pro, create a calendar event for tomorrow at 20h with the title 'Call with the Team' and the description 'We will prepare for team roles.'. The event should last for 30 mins."
Completed step 1.
W0813 14:41:02.172017 132979839951936 sqlite_validators.py:168] Expected row CalendarEvent(start_ts=1697486400, end_ts=1697488200, title='Call with the Team', location='', description='We will prepare for team roles.', repeat_interval=0, repeat_rule=0, reminder_1_minutes=-1, reminder_2_minutes=-1, reminder_3_minutes=-1, reminder_1_type=0, reminder_2_type=0, reminder_3_type=0, repeat_limit=0, repetition_exceptions='[]', attendees='', import_id='', time_zone='UTC', flags=0, event_type=1, parent_id=0, last_updated=0, source='imported-ics', availability=0, color=0, type=0, id=-1) not found in the 'after' state.
Completed step 2.
W0813 14:41:11.263784 132979839951936 sqlite_validators.py:168] Expected row CalendarEvent(start_ts=1697486400, end_ts=1697488200, title='Call with the Team', location='', description='We will prepare for team roles.', repeat_interval=0, repeat_rule=0, reminder_1_minutes=-1, reminder_2_minutes=-1, reminder_3_minutes=-1, reminder_1_type=0, reminder_2_type=0, reminder_3_type=0, repeat_limit=0, repetition_exceptions='[]', attendees='', import_id='', time_zone='UTC', flags=0, event_type=1, parent_id=0, last_updated=0, source='imported-ics', availability=0, color=0, type=0, id=-1) not found in the 'after' state.
Completed step 3.
W0813 14:41:20.091138 132979839951936 sqlite_validators.py:168] Expected row CalendarEvent(start_ts=1697486400, end_ts=1697488200, title='Call with the Team', location='', description='We will prepare for team roles.', repeat_interval=0, repeat_rule=0, reminder_1_minutes=-1, reminder_2_minutes=-1, reminder_3_minutes=-1, reminder_1_type=0, reminder_2_type=0, reminder_3_type=0, repeat_limit=0, repetition_exceptions='[]', attendees='', import_id='', time_zone='UTC', flags=0, event_type=1, parent_id=0, last_updated=0, source='imported-ics', availability=0, color=0, type=0, id=-1) not found in the 'after' state.
Completed step 4.
W0813 14:41:31.754912 132979839951936 sqlite_validators.py:168] Expected row CalendarEvent(start_ts=1697486400, end_ts=1697488200, title='Call with the Team', location='', description='We will prepare for team roles.', repeat_interval=0, repeat_rule=0, reminder_1_minutes=-1, reminder_2_minutes=-1, reminder_3_minutes=-1, reminder_1_type=0, reminder_2_type=0, reminder_3_type=0, repeat_limit=0, repetition_exceptions='[]', attendees='', import_id='', time_zone='UTC', flags=0, event_type=1, parent_id=0, last_updated=0, source='imported-ics', availability=0, color=0, type=0, id=-1) not found in the 'after' state.
Completed step 5.
W0813 14:41:40.620692 132979839951936 sqlite_validators.py:168] Expected row CalendarEvent(start_ts=1697486400, end_ts=1697488200, title='Call with the Team', location='', description='We will prepare for team roles.', repeat_interval=0, repeat_rule=0, reminder_1_minutes=-1, reminder_2_minutes=-1, reminder_3_minutes=-1, reminder_1_type=0, reminder_2_type=0, reminder_3_type=0, repeat_limit=0, repetition_exceptions='[]', attendees='', import_id='', time_zone='UTC', flags=0, event_type=1, parent_id=0, last_updated=0, source='imported-ics', availability=0, color=0, type=0, id=-1) not found in the 'after' state.
Completed step 6.
W0813 14:41:49.494572 132979839951936 sqlite_validators.py:168] Expected row CalendarEvent(start_ts=1697486400, end_ts=1697488200, title='Call with the Team', location='', description='We will prepare for team roles.', repeat_interval=0, repeat_rule=0, reminder_1_minutes=-1, reminder_2_minutes=-1, reminder_3_minutes=-1, reminder_1_type=0, reminder_2_type=0, reminder_3_type=0, repeat_limit=0, repetition_exceptions='[]', attendees='', import_id='', time_zone='UTC', flags=0, event_type=1, parent_id=0, last_updated=0, source='imported-ics', availability=0, color=0, type=0, id=-1) not found in the 'after' state.
Completed step 7.
W0813 14:42:01.214406 132979839951936 sqlite_validators.py:168] Expected row CalendarEvent(start_ts=1697486400, end_ts=1697488200, title='Call with the Team', location='', description='We will prepare for team roles.', repeat_interval=0, repeat_rule=0, reminder_1_minutes=-1, reminder_2_minutes=-1, reminder_3_minutes=-1, reminder_1_type=0, reminder_2_type=0, reminder_3_type=0, repeat_limit=0, repetition_exceptions='[]', attendees='', import_id='', time_zone='UTC', flags=0, event_type=1, parent_id=0, last_updated=0, source='imported-ics', availability=0, color=0, type=0, id=-1) not found in the 'after' state.
Completed step 8.
W0813 14:42:10.082411 132979839951936 sqlite_validators.py:168] Expected row CalendarEvent(start_ts=1697486400, end_ts=1697488200, title='Call with the Team', location='', description='We will prepare for team roles.', repeat_interval=0, repeat_rule=0, reminder_1_minutes=-1, reminder_2_minutes=-1, reminder_3_minutes=-1, reminder_1_type=0, reminder_2_type=0, reminder_3_type=0, repeat_limit=0, repetition_exceptions='[]', attendees='', import_id='', time_zone='UTC', flags=0, event_type=1, parent_id=0, last_updated=0, source='imported-ics', availability=0, color=0, type=0, id=-1) not found in the 'after' state.
Completed step 9.
W0813 14:42:18.886146 132979839951936 sqlite_validators.py:168] Expected row CalendarEvent(start_ts=1697486400, end_ts=1697488200, title='Call with the Team', location='', description='We will prepare for team roles.', repeat_interval=0, repeat_rule=0, reminder_1_minutes=-1, reminder_2_minutes=-1, reminder_3_minutes=-1, reminder_1_type=0, reminder_2_type=0, reminder_3_type=0, repeat_limit=0, repetition_exceptions='[]', attendees='', import_id='', time_zone='UTC', flags=0, event_type=1, parent_id=0, last_updated=0, source='imported-ics', availability=0, color=0, type=0, id=-1) not found in the 'after' state.
Completed step 10.
W0813 14:42:27.757520 132979839951936 sqlite_validators.py:168] Expected row CalendarEvent(start_ts=1697486400, end_ts=1697488200, title='Call with the Team', location='', description='We will prepare for team roles.', repeat_interval=0, repeat_rule=0, reminder_1_minutes=-1, reminder_2_minutes=-1, reminder_3_minutes=-1, reminder_1_type=0, reminder_2_type=0, reminder_3_type=0, repeat_limit=0, repetition_exceptions='[]', attendees='', import_id='', time_zone='UTC', flags=0, event_type=1, parent_id=0, last_updated=0, source='imported-ics', availability=0, color=0, type=0, id=-1) not found in the 'after' state.
Completed step 11.
W0813 14:42:39.490193 132979839951936 sqlite_validators.py:168] Expected row CalendarEvent(start_ts=1697486400, end_ts=1697488200, title='Call with the Team', location='', description='We will prepare for team roles.', repeat_interval=0, repeat_rule=0, reminder_1_minutes=-1, reminder_2_minutes=-1, reminder_3_minutes=-1, reminder_1_type=0, reminder_2_type=0, reminder_3_type=0, repeat_limit=0, repetition_exceptions='[]', attendees='', import_id='', time_zone='UTC', flags=0, event_type=1, parent_id=0, last_updated=0, source='imported-ics', availability=0, color=0, type=0, id=-1) not found in the 'after' state.
Completed step 12.
W0813 14:42:48.353020 132979839951936 sqlite_validators.py:168] Expected row CalendarEvent(start_ts=1697486400, end_ts=1697488200, title='Call with the Team', location='', description='We will prepare for team roles.', repeat_interval=0, repeat_rule=0, reminder_1_minutes=-1, reminder_2_minutes=-1, reminder_3_minutes=-1, reminder_1_type=0, reminder_2_type=0, reminder_3_type=0, repeat_limit=0, repetition_exceptions='[]', attendees='', import_id='', time_zone='UTC', flags=0, event_type=1, parent_id=0, last_updated=0, source='imported-ics', availability=0, color=0, type=0, id=-1) not found in the 'after' state.
Completed step 13.
W0813 14:42:57.183449 132979839951936 sqlite_validators.py:168] Expected row CalendarEvent(start_ts=1697486400, end_ts=1697488200, title='Call with the Team', location='', description='We will prepare for team roles.', repeat_interval=0, repeat_rule=0, reminder_1_minutes=-1, reminder_2_minutes=-1, reminder_3_minutes=-1, reminder_1_type=0, reminder_2_type=0, reminder_3_type=0, repeat_limit=0, repetition_exceptions='[]', attendees='', import_id='', time_zone='UTC', flags=0, event_type=1, parent_id=0, last_updated=0, source='imported-ics', availability=0, color=0, type=0, id=-1) not found in the 'after' state.
Completed step 14.
W0813 14:43:06.090428 132979839951936 sqlite_validators.py:168] Expected row CalendarEvent(start_ts=1697486400, end_ts=1697488200, title='Call with the Team', location='', description='We will prepare for team roles.', repeat_interval=0, repeat_rule=0, reminder_1_minutes=-1, reminder_2_minutes=-1, reminder_3_minutes=-1, reminder_1_type=0, reminder_2_type=0, reminder_3_type=0, repeat_limit=0, repetition_exceptions='[]', attendees='', import_id='', time_zone='UTC', flags=0, event_type=1, parent_id=0, last_updated=0, source='imported-ics', availability=0, color=0, type=0, id=-1) not found in the 'after' state.
Completed step 15.
W0813 14:43:17.838913 132979839951936 sqlite_validators.py:168] Expected row CalendarEvent(start_ts=1697486400, end_ts=1697488200, title='Call with the Team', location='', description='We will prepare for team roles.', repeat_interval=0, repeat_rule=0, reminder_1_minutes=-1, reminder_2_minutes=-1, reminder_3_minutes=-1, reminder_1_type=0, reminder_2_type=0, reminder_3_type=0, repeat_limit=0, repetition_exceptions='[]', attendees='', import_id='', time_zone='UTC', flags=0, event_type=1, parent_id=0, last_updated=0, source='imported-ics', availability=0, color=0, type=0, id=-1) not found in the 'after' state.
Completed step 16.
W0813 14:43:26.684650 132979839951936 sqlite_validators.py:168] Expected row CalendarEvent(start_ts=1697486400, end_ts=1697488200, title='Call with the Team', location='', description='We will prepare for team roles.', repeat_interval=0, repeat_rule=0, reminder_1_minutes=-1, reminder_2_minutes=-1, reminder_3_minutes=-1, reminder_1_type=0, reminder_2_type=0, reminder_3_type=0, repeat_limit=0, repetition_exceptions='[]', attendees='', import_id='', time_zone='UTC', flags=0, event_type=1, parent_id=0, last_updated=0, source='imported-ics', availability=0, color=0, type=0, id=-1) not found in the 'after' state.
Completed step 17.
W0813 14:43:35.481856 132979839951936 sqlite_validators.py:168] Expected row CalendarEvent(start_ts=1697486400, end_ts=1697488200, title='Call with the Team', location='', description='We will prepare for team roles.', repeat_interval=0, repeat_rule=0, reminder_1_minutes=-1, reminder_2_minutes=-1, reminder_3_minutes=-1, reminder_1_type=0, reminder_2_type=0, reminder_3_type=0, repeat_limit=0, repetition_exceptions='[]', attendees='', import_id='', time_zone='UTC', flags=0, event_type=1, parent_id=0, last_updated=0, source='imported-ics', availability=0, color=0, type=0, id=-1) not found in the 'after' state.
Completed step 18.
W0813 14:43:47.292528 132979839951936 sqlite_validators.py:168] Expected row CalendarEvent(start_ts=1697486400, end_ts=1697488200, title='Call with the Team', location='', description='We will prepare for team roles.', repeat_interval=0, repeat_rule=0, reminder_1_minutes=-1, reminder_2_minutes=-1, reminder_3_minutes=-1, reminder_1_type=0, reminder_2_type=0, reminder_3_type=0, repeat_limit=0, repetition_exceptions='[]', attendees='', import_id='', time_zone='UTC', flags=0, event_type=1, parent_id=0, last_updated=0, source='imported-ics', availability=0, color=0, type=0, id=-1) not found in the 'after' state.
Completed step 19.
W0813 14:43:56.059349 132979839951936 sqlite_validators.py:168] Expected row CalendarEvent(start_ts=1697486400, end_ts=1697488200, title='Call with the Team', location='', description='We will prepare for team roles.', repeat_interval=0, repeat_rule=0, reminder_1_minutes=-1, reminder_2_minutes=-1, reminder_3_minutes=-1, reminder_1_type=0, reminder_2_type=0, reminder_3_type=0, repeat_limit=0, repetition_exceptions='[]', attendees='', import_id='', time_zone='UTC', flags=0, event_type=1, parent_id=0, last_updated=0, source='imported-ics', availability=0, color=0, type=0, id=-1) not found in the 'after' state.
Completed step 20.
W0813 14:44:04.894548 132979839951936 sqlite_validators.py:168] Expected row CalendarEvent(start_ts=1697486400, end_ts=1697488200, title='Call with the Team', location='', description='We will prepare for team roles.', repeat_interval=0, repeat_rule=0, reminder_1_minutes=-1, reminder_2_minutes=-1, reminder_3_minutes=-1, reminder_1_type=0, reminder_2_type=0, reminder_3_type=0, repeat_limit=0, repetition_exceptions='[]', attendees='', import_id='', time_zone='UTC', flags=0, event_type=1, parent_id=0, last_updated=0, source='imported-ics', availability=0, color=0, type=0, id=-1) not found in the 'after' state.
Completed step 21.
W0813 14:44:13.686812 132979839951936 sqlite_validators.py:168] Expected row CalendarEvent(start_ts=1697486400, end_ts=1697488200, title='Call with the Team', location='', description='We will prepare for team roles.', repeat_interval=0, repeat_rule=0, reminder_1_minutes=-1, reminder_2_minutes=-1, reminder_3_minutes=-1, reminder_1_type=0, reminder_2_type=0, reminder_3_type=0, repeat_limit=0, repetition_exceptions='[]', attendees='', import_id='', time_zone='UTC', flags=0, event_type=1, parent_id=0, last_updated=0, source='imported-ics', availability=0, color=0, type=0, id=-1) not found in the 'after' state.
Completed step 22.
W0813 14:44:25.798181 132979839951936 sqlite_validators.py:168] Expected row CalendarEvent(start_ts=1697486400, end_ts=1697488200, title='Call with the Team', location='', description='We will prepare for team roles.', repeat_interval=0, repeat_rule=0, reminder_1_minutes=-1, reminder_2_minutes=-1, reminder_3_minutes=-1, reminder_1_type=0, reminder_2_type=0, reminder_3_type=0, repeat_limit=0, repetition_exceptions='[]', attendees='', import_id='', time_zone='UTC', flags=0, event_type=1, parent_id=0, last_updated=0, source='imported-ics', availability=0, color=0, type=0, id=-1) not found in the 'after' state.
Completed step 23.
W0813 14:44:34.667493 132979839951936 sqlite_validators.py:168] Expected row CalendarEvent(start_ts=1697486400, end_ts=1697488200, title='Call with the Team', location='', description='We will prepare for team roles.', repeat_interval=0, repeat_rule=0, reminder_1_minutes=-1, reminder_2_minutes=-1, reminder_3_minutes=-1, reminder_1_type=0, reminder_2_type=0, reminder_3_type=0, repeat_limit=0, repetition_exceptions='[]', attendees='', import_id='', time_zone='UTC', flags=0, event_type=1, parent_id=0, last_updated=0, source='imported-ics', availability=0, color=0, type=0, id=-1) not found in the 'after' state.
Completed step 24.
W0813 14:44:45.058239 132979839951936 sqlite_validators.py:168] Expected row CalendarEvent(start_ts=1697486400, end_ts=1697488200, title='Call with the Team', location='', description='We will prepare for team roles.', repeat_interval=0, repeat_rule=0, reminder_1_minutes=-1, reminder_2_minutes=-1, reminder_3_minutes=-1, reminder_1_type=0, reminder_2_type=0, reminder_3_type=0, repeat_limit=0, repetition_exceptions='[]', attendees='', import_id='', time_zone='UTC', flags=0, event_type=1, parent_id=0, last_updated=0, source='imported-ics', availability=0, color=0, type=0, id=-1) not found in the 'after' state.
Completed step 25.
W0813 14:44:53.275634 132979839951936 sqlite_validators.py:168] Expected row CalendarEvent(start_ts=1697486400, end_ts=1697488200, title='Call with the Team', location='', description='We will prepare for team roles.', repeat_interval=0, repeat_rule=0, reminder_1_minutes=-1, reminder_2_minutes=-1, reminder_3_minutes=-1, reminder_1_type=0, reminder_2_type=0, reminder_3_type=0, repeat_limit=0, repetition_exceptions='[]', attendees='', import_id='', time_zone='UTC', flags=0, event_type=1, parent_id=0, last_updated=0, source='imported-ics', availability=0, color=0, type=0, id=-1) not found in the 'after' state.
Completed step 26.
W0813 14:45:07.147809 132979839951936 sqlite_validators.py:168] Expected row CalendarEvent(start_ts=1697486400, end_ts=1697488200, title='Call with the Team', location='', description='We will prepare for team roles.', repeat_interval=0, repeat_rule=0, reminder_1_minutes=-1, reminder_2_minutes=-1, reminder_3_minutes=-1, reminder_1_type=0, reminder_2_type=0, reminder_3_type=0, repeat_limit=0, repetition_exceptions='[]', attendees='', import_id='', time_zone='UTC', flags=0, event_type=1, parent_id=0, last_updated=0, source='imported-ics', availability=0, color=0, type=0, id=-1) not found in the 'after' state.
Completed step 27.
W0813 14:45:17.193200 132979839951936 sqlite_validators.py:168] Expected row CalendarEvent(start_ts=1697486400, end_ts=1697488200, title='Call with the Team', location='', description='We will prepare for team roles.', repeat_interval=0, repeat_rule=0, reminder_1_minutes=-1, reminder_2_minutes=-1, reminder_3_minutes=-1, reminder_1_type=0, reminder_2_type=0, reminder_3_type=0, repeat_limit=0, repetition_exceptions='[]', attendees='', import_id='', time_zone='UTC', flags=0, event_type=1, parent_id=0, last_updated=0, source='imported-ics', availability=0, color=0, type=0, id=-1) not found in the 'after' state.
Completed step 28.
W0813 14:45:25.763840 132979839951936 sqlite_validators.py:168] Expected row CalendarEvent(start_ts=1697486400, end_ts=1697488200, title='Call with the Team', location='', description='We will prepare for team roles.', repeat_interval=0, repeat_rule=0, reminder_1_minutes=-1, reminder_2_minutes=-1, reminder_3_minutes=-1, reminder_1_type=0, reminder_2_type=0, reminder_3_type=0, repeat_limit=0, repetition_exceptions='[]', attendees='', import_id='', time_zone='UTC', flags=0, event_type=1, parent_id=0, last_updated=0, source='imported-ics', availability=0, color=0, type=0, id=-1) not found in the 'after' state.
Completed step 29.
W0813 14:45:37.560094 132979839951936 sqlite_validators.py:168] Expected row CalendarEvent(start_ts=1697486400, end_ts=1697488200, title='Call with the Team', location='', description='We will prepare for team roles.', repeat_interval=0, repeat_rule=0, reminder_1_minutes=-1, reminder_2_minutes=-1, reminder_3_minutes=-1, reminder_1_type=0, reminder_2_type=0, reminder_3_type=0, repeat_limit=0, repetition_exceptions='[]', attendees='', import_id='', time_zone='UTC', flags=0, event_type=1, parent_id=0, last_updated=0, source='imported-ics', availability=0, color=0, type=0, id=-1) not found in the 'after' state.
Completed step 30.
W0813 14:45:46.273808 132979839951936 sqlite_validators.py:168] Expected row CalendarEvent(start_ts=1697486400, end_ts=1697488200, title='Call with the Team', location='', description='We will prepare for team roles.', repeat_interval=0, repeat_rule=0, reminder_1_minutes=-1, reminder_2_minutes=-1, reminder_3_minutes=-1, reminder_1_type=0, reminder_2_type=0, reminder_3_type=0, repeat_limit=0, repetition_exceptions='[]', attendees='', import_id='', time_zone='UTC', flags=0, event_type=1, parent_id=0, last_updated=0, source='imported-ics', availability=0, color=0, type=0, id=-1) not found in the 'after' state.
Completed step 31.
W0813 14:45:55.083507 132979839951936 sqlite_validators.py:168] Expected row CalendarEvent(start_ts=1697486400, end_ts=1697488200, title='Call with the Team', location='', description='We will prepare for team roles.', repeat_interval=0, repeat_rule=0, reminder_1_minutes=-1, reminder_2_minutes=-1, reminder_3_minutes=-1, reminder_1_type=0, reminder_2_type=0, reminder_3_type=0, repeat_limit=0, repetition_exceptions='[]', attendees='', import_id='', time_zone='UTC', flags=0, event_type=1, parent_id=0, last_updated=0, source='imported-ics', availability=0, color=0, type=0, id=-1) not found in the 'after' state.
Completed step 32.
W0813 14:46:07.409254 132979839951936 sqlite_validators.py:168] Expected row CalendarEvent(start_ts=1697486400, end_ts=1697488200, title='Call with the Team', location='', description='We will prepare for team roles.', repeat_interval=0, repeat_rule=0, reminder_1_minutes=-1, reminder_2_minutes=-1, reminder_3_minutes=-1, reminder_1_type=0, reminder_2_type=0, reminder_3_type=0, repeat_limit=0, repetition_exceptions='[]', attendees='', import_id='', time_zone='UTC', flags=0, event_type=1, parent_id=0, last_updated=0, source='imported-ics', availability=0, color=0, type=0, id=-1) not found in the 'after' state.
Completed step 33.
W0813 14:46:16.636650 132979839951936 sqlite_validators.py:168] Expected row CalendarEvent(start_ts=1697486400, end_ts=1697488200, title='Call with the Team', location='', description='We will prepare for team roles.', repeat_interval=0, repeat_rule=0, reminder_1_minutes=-1, reminder_2_minutes=-1, reminder_3_minutes=-1, reminder_1_type=0, reminder_2_type=0, reminder_3_type=0, repeat_limit=0, repetition_exceptions='[]', attendees='', import_id='', time_zone='UTC', flags=0, event_type=1, parent_id=0, last_updated=0, source='imported-ics', availability=0, color=0, type=0, id=-1) not found in the 'after' state.
Completed step 34.
W0813 14:46:25.779456 132979839951936 sqlite_validators.py:168] Expected row CalendarEvent(start_ts=1697486400, end_ts=1697488200, title='Call with the Team', location='', description='We will prepare for team roles.', repeat_interval=0, repeat_rule=0, reminder_1_minutes=-1, reminder_2_minutes=-1, reminder_3_minutes=-1, reminder_1_type=0, reminder_2_type=0, reminder_3_type=0, repeat_limit=0, repetition_exceptions='[]', attendees='', import_id='', time_zone='UTC', flags=0, event_type=1, parent_id=0, last_updated=0, source='imported-ics', availability=0, color=0, type=0, id=-1) not found in the 'after' state.
Agent did not indicate task is done. Reached max number of steps.
W0813 14:46:26.222662 132979839951936 sqlite_validators.py:168] Expected row CalendarEvent(start_ts=1697486400, end_ts=1697488200, title='Call with the Team', location='', description='We will prepare for team roles.', repeat_interval=0, repeat_rule=0, reminder_1_minutes=-1, reminder_2_minutes=-1, reminder_3_minutes=-1, reminder_1_type=0, reminder_2_type=0, reminder_3_type=0, repeat_limit=0, repetition_exceptions='[]', attendees='', import_id='', time_zone='UTC', flags=0, event_type=1, parent_id=0, last_updated=0, source='imported-ics', availability=0, color=0, type=0, id=-1) not found in the 'after' state.
Task Failed ❌;  In Simple Calendar Pro, create a calendar event for tomorrow at 20h with the title 'Call with the Team' and the description 'We will prepare for team roles.'. The event should last for 30 mins.
W0813 14:46:26.408026 132979839951936 task_eval.py:125] Skipping app snapshot loading : Snapshot not found in /data/data/android_world/snapshots/com.simplemobiletools.calendar.pro.


                                       task_num  num_complete_trials  mean_success_rate  mean_episode_length  total_runtime_s  num_fail_trials
task                                                                                                                                          
AudioRecorderRecordAudio                      0                 5.00               0.00                12.00          1079.90             0.00
BrowserDraw                                   1                 5.00               0.00                20.00          2083.10             0.00
CameraTakePhoto                               2                 5.00               0.00                10.00           585.00             0.00
ClockStopWatchPausedVerify                    3                 5.00               0.80                 4.80           419.80             0.00
ClockStopWatchRunning                         4                 5.00               1.00                 3.20           288.80             0.00
ContactsAddContact                            5                 5.00               0.00                12.00           898.40             0.00
ExpenseAddSingle                              6                 5.00               0.00                12.00          1845.30             0.00
FilesDeleteFile                               7                 5.00               0.00                22.00          2613.20             0.00
MarkorCreateFolder                            8                 5.00               0.00                10.00           946.60             0.00
NotesIsTodo                                   9                 5.00               0.00                10.00           595.50             0.00
OpenAppTaskEval                              10                 5.00               1.00                 1.40           124.60             0.00
OsmAndFavorite                               11                 5.00               0.00                13.00           615.40             0.00
RecipeDeleteSingleRecipe                     12                 5.00               0.40                 9.80           848.00             0.00
RecipeDeleteSingleWithRecipeWithNoise        13                 5.00               0.00                20.00          2438.60             0.00
RetroPlayingQueue                            14                 0.00                NaN                  NaN           110.60             5.00
SimpleCalendarAddOneEventTomorrow            15                 1.00               0.00                34.00           343.00             0.00
========= Average =========                   0                 4.44               0.21                12.95           989.74             0.31


                         mean_success_rate       
difficulty                            easy medium
tags                                             
complex_ui_understanding                 -    0.0
data_edit                              0.2    0.0
data_entry                             0.0      -
game_playing                           0.0      -
information_retrieval                  0.0      -
parameterized                         0.16    0.0
requires_setup                         0.0      -
screen_reading                         0.0      -
search                                0.13    0.0
untagged                               0.5      -
verification                           0.8      -
W0813 14:46:42.719392 132979839951936 task_eval.py:125] Skipping app snapshot loading : Snapshot not found in /data/data/android_world/snapshots/com.simplemobiletools.calendar.pro.
Running task SimpleCalendarAddOneEventTomorrow with goal "In Simple Calendar Pro, create a calendar event for tomorrow at 3h with the title 'Review session for Campaign' and the description 'We will understand contract details. Please bring relevant documents.'. The event should last for 15 mins."
Completed step 1.
W0813 14:46:55.444273 132979839951936 sqlite_validators.py:168] Expected row CalendarEvent(start_ts=1697425200, end_ts=1697426100, title='Review session for Campaign', location='', description='We will understand contract details. Please bring relevant documents.', repeat_interval=0, repeat_rule=0, reminder_1_minutes=-1, reminder_2_minutes=-1, reminder_3_minutes=-1, reminder_1_type=0, reminder_2_type=0, reminder_3_type=0, repeat_limit=0, repetition_exceptions='[]', attendees='', import_id='', time_zone='UTC', flags=0, event_type=1, parent_id=0, last_updated=0, source='imported-ics', availability=0, color=0, type=0, id=-1) not found in the 'after' state.
Completed step 2.
W0813 14:47:04.263387 132979839951936 sqlite_validators.py:168] Expected row CalendarEvent(start_ts=1697425200, end_ts=1697426100, title='Review session for Campaign', location='', description='We will understand contract details. Please bring relevant documents.', repeat_interval=0, repeat_rule=0, reminder_1_minutes=-1, reminder_2_minutes=-1, reminder_3_minutes=-1, reminder_1_type=0, reminder_2_type=0, reminder_3_type=0, repeat_limit=0, repetition_exceptions='[]', attendees='', import_id='', time_zone='UTC', flags=0, event_type=1, parent_id=0, last_updated=0, source='imported-ics', availability=0, color=0, type=0, id=-1) not found in the 'after' state.
Completed step 3.
W0813 14:47:13.640092 132979839951936 sqlite_validators.py:168] Expected row CalendarEvent(start_ts=1697425200, end_ts=1697426100, title='Review session for Campaign', location='', description='We will understand contract details. Please bring relevant documents.', repeat_interval=0, repeat_rule=0, reminder_1_minutes=-1, reminder_2_minutes=-1, reminder_3_minutes=-1, reminder_1_type=0, reminder_2_type=0, reminder_3_type=0, repeat_limit=0, repetition_exceptions='[]', attendees='', import_id='', time_zone='UTC', flags=0, event_type=1, parent_id=0, last_updated=0, source='imported-ics', availability=0, color=0, type=0, id=-1) not found in the 'after' state.
Completed step 4.
W0813 14:47:26.535737 132979839951936 sqlite_validators.py:168] Expected row CalendarEvent(start_ts=1697425200, end_ts=1697426100, title='Review session for Campaign', location='', description='We will understand contract details. Please bring relevant documents.', repeat_interval=0, repeat_rule=0, reminder_1_minutes=-1, reminder_2_minutes=-1, reminder_3_minutes=-1, reminder_1_type=0, reminder_2_type=0, reminder_3_type=0, repeat_limit=0, repetition_exceptions='[]', attendees='', import_id='', time_zone='UTC', flags=0, event_type=1, parent_id=0, last_updated=0, source='imported-ics', availability=0, color=0, type=0, id=-1) not found in the 'after' state.
Completed step 5.
W0813 14:47:35.287904 132979839951936 sqlite_validators.py:168] Expected row CalendarEvent(start_ts=1697425200, end_ts=1697426100, title='Review session for Campaign', location='', description='We will understand contract details. Please bring relevant documents.', repeat_interval=0, repeat_rule=0, reminder_1_minutes=-1, reminder_2_minutes=-1, reminder_3_minutes=-1, reminder_1_type=0, reminder_2_type=0, reminder_3_type=0, repeat_limit=0, repetition_exceptions='[]', attendees='', import_id='', time_zone='UTC', flags=0, event_type=1, parent_id=0, last_updated=0, source='imported-ics', availability=0, color=0, type=0, id=-1) not found in the 'after' state.
Completed step 6.
W0813 14:47:44.834557 132979839951936 sqlite_validators.py:168] Expected row CalendarEvent(start_ts=1697425200, end_ts=1697426100, title='Review session for Campaign', location='', description='We will understand contract details. Please bring relevant documents.', repeat_interval=0, repeat_rule=0, reminder_1_minutes=-1, reminder_2_minutes=-1, reminder_3_minutes=-1, reminder_1_type=0, reminder_2_type=0, reminder_3_type=0, repeat_limit=0, repetition_exceptions='[]', attendees='', import_id='', time_zone='UTC', flags=0, event_type=1, parent_id=0, last_updated=0, source='imported-ics', availability=0, color=0, type=0, id=-1) not found in the 'after' state.
Completed step 7.
W0813 14:47:57.149426 132979839951936 sqlite_validators.py:168] Expected row CalendarEvent(start_ts=1697425200, end_ts=1697426100, title='Review session for Campaign', location='', description='We will understand contract details. Please bring relevant documents.', repeat_interval=0, repeat_rule=0, reminder_1_minutes=-1, reminder_2_minutes=-1, reminder_3_minutes=-1, reminder_1_type=0, reminder_2_type=0, reminder_3_type=0, repeat_limit=0, repetition_exceptions='[]', attendees='', import_id='', time_zone='UTC', flags=0, event_type=1, parent_id=0, last_updated=0, source='imported-ics', availability=0, color=0, type=0, id=-1) not found in the 'after' state.
Completed step 8.
W0813 14:48:05.974435 132979839951936 sqlite_validators.py:168] Expected row CalendarEvent(start_ts=1697425200, end_ts=1697426100, title='Review session for Campaign', location='', description='We will understand contract details. Please bring relevant documents.', repeat_interval=0, repeat_rule=0, reminder_1_minutes=-1, reminder_2_minutes=-1, reminder_3_minutes=-1, reminder_1_type=0, reminder_2_type=0, reminder_3_type=0, repeat_limit=0, repetition_exceptions='[]', attendees='', import_id='', time_zone='UTC', flags=0, event_type=1, parent_id=0, last_updated=0, source='imported-ics', availability=0, color=0, type=0, id=-1) not found in the 'after' state.
Completed step 9.
W0813 14:48:14.872881 132979839951936 sqlite_validators.py:168] Expected row CalendarEvent(start_ts=1697425200, end_ts=1697426100, title='Review session for Campaign', location='', description='We will understand contract details. Please bring relevant documents.', repeat_interval=0, repeat_rule=0, reminder_1_minutes=-1, reminder_2_minutes=-1, reminder_3_minutes=-1, reminder_1_type=0, reminder_2_type=0, reminder_3_type=0, repeat_limit=0, repetition_exceptions='[]', attendees='', import_id='', time_zone='UTC', flags=0, event_type=1, parent_id=0, last_updated=0, source='imported-ics', availability=0, color=0, type=0, id=-1) not found in the 'after' state.
Completed step 10.
W0813 14:48:23.724572 132979839951936 sqlite_validators.py:168] Expected row CalendarEvent(start_ts=1697425200, end_ts=1697426100, title='Review session for Campaign', location='', description='We will understand contract details. Please bring relevant documents.', repeat_interval=0, repeat_rule=0, reminder_1_minutes=-1, reminder_2_minutes=-1, reminder_3_minutes=-1, reminder_1_type=0, reminder_2_type=0, reminder_3_type=0, repeat_limit=0, repetition_exceptions='[]', attendees='', import_id='', time_zone='UTC', flags=0, event_type=1, parent_id=0, last_updated=0, source='imported-ics', availability=0, color=0, type=0, id=-1) not found in the 'after' state.
Completed step 11.
W0813 14:48:36.570153 132979839951936 sqlite_validators.py:168] Expected row CalendarEvent(start_ts=1697425200, end_ts=1697426100, title='Review session for Campaign', location='', description='We will understand contract details. Please bring relevant documents.', repeat_interval=0, repeat_rule=0, reminder_1_minutes=-1, reminder_2_minutes=-1, reminder_3_minutes=-1, reminder_1_type=0, reminder_2_type=0, reminder_3_type=0, repeat_limit=0, repetition_exceptions='[]', attendees='', import_id='', time_zone='UTC', flags=0, event_type=1, parent_id=0, last_updated=0, source='imported-ics', availability=0, color=0, type=0, id=-1) not found in the 'after' state.
Completed step 12.
W0813 14:48:45.390665 132979839951936 sqlite_validators.py:168] Expected row CalendarEvent(start_ts=1697425200, end_ts=1697426100, title='Review session for Campaign', location='', description='We will understand contract details. Please bring relevant documents.', repeat_interval=0, repeat_rule=0, reminder_1_minutes=-1, reminder_2_minutes=-1, reminder_3_minutes=-1, reminder_1_type=0, reminder_2_type=0, reminder_3_type=0, repeat_limit=0, repetition_exceptions='[]', attendees='', import_id='', time_zone='UTC', flags=0, event_type=1, parent_id=0, last_updated=0, source='imported-ics', availability=0, color=0, type=0, id=-1) not found in the 'after' state.
Completed step 13.
W0813 14:48:54.127757 132979839951936 sqlite_validators.py:168] Expected row CalendarEvent(start_ts=1697425200, end_ts=1697426100, title='Review session for Campaign', location='', description='We will understand contract details. Please bring relevant documents.', repeat_interval=0, repeat_rule=0, reminder_1_minutes=-1, reminder_2_minutes=-1, reminder_3_minutes=-1, reminder_1_type=0, reminder_2_type=0, reminder_3_type=0, repeat_limit=0, repetition_exceptions='[]', attendees='', import_id='', time_zone='UTC', flags=0, event_type=1, parent_id=0, last_updated=0, source='imported-ics', availability=0, color=0, type=0, id=-1) not found in the 'after' state.
Completed step 14.
W0813 14:49:05.923373 132979839951936 sqlite_validators.py:168] Expected row CalendarEvent(start_ts=1697425200, end_ts=1697426100, title='Review session for Campaign', location='', description='We will understand contract details. Please bring relevant documents.', repeat_interval=0, repeat_rule=0, reminder_1_minutes=-1, reminder_2_minutes=-1, reminder_3_minutes=-1, reminder_1_type=0, reminder_2_type=0, reminder_3_type=0, repeat_limit=0, repetition_exceptions='[]', attendees='', import_id='', time_zone='UTC', flags=0, event_type=1, parent_id=0, last_updated=0, source='imported-ics', availability=0, color=0, type=0, id=-1) not found in the 'after' state.
Completed step 15.
W0813 14:49:14.700666 132979839951936 sqlite_validators.py:168] Expected row CalendarEvent(start_ts=1697425200, end_ts=1697426100, title='Review session for Campaign', location='', description='We will understand contract details. Please bring relevant documents.', repeat_interval=0, repeat_rule=0, reminder_1_minutes=-1, reminder_2_minutes=-1, reminder_3_minutes=-1, reminder_1_type=0, reminder_2_type=0, reminder_3_type=0, repeat_limit=0, repetition_exceptions='[]', attendees='', import_id='', time_zone='UTC', flags=0, event_type=1, parent_id=0, last_updated=0, source='imported-ics', availability=0, color=0, type=0, id=-1) not found in the 'after' state.
Completed step 16.
W0813 14:49:23.428585 132979839951936 sqlite_validators.py:168] Expected row CalendarEvent(start_ts=1697425200, end_ts=1697426100, title='Review session for Campaign', location='', description='We will understand contract details. Please bring relevant documents.', repeat_interval=0, repeat_rule=0, reminder_1_minutes=-1, reminder_2_minutes=-1, reminder_3_minutes=-1, reminder_1_type=0, reminder_2_type=0, reminder_3_type=0, repeat_limit=0, repetition_exceptions='[]', attendees='', import_id='', time_zone='UTC', flags=0, event_type=1, parent_id=0, last_updated=0, source='imported-ics', availability=0, color=0, type=0, id=-1) not found in the 'after' state.
Completed step 17.
W0813 14:49:32.150236 132979839951936 sqlite_validators.py:168] Expected row CalendarEvent(start_ts=1697425200, end_ts=1697426100, title='Review session for Campaign', location='', description='We will understand contract details. Please bring relevant documents.', repeat_interval=0, repeat_rule=0, reminder_1_minutes=-1, reminder_2_minutes=-1, reminder_3_minutes=-1, reminder_1_type=0, reminder_2_type=0, reminder_3_type=0, repeat_limit=0, repetition_exceptions='[]', attendees='', import_id='', time_zone='UTC', flags=0, event_type=1, parent_id=0, last_updated=0, source='imported-ics', availability=0, color=0, type=0, id=-1) not found in the 'after' state.
Completed step 18.
W0813 14:49:43.875265 132979839951936 sqlite_validators.py:168] Expected row CalendarEvent(start_ts=1697425200, end_ts=1697426100, title='Review session for Campaign', location='', description='We will understand contract details. Please bring relevant documents.', repeat_interval=0, repeat_rule=0, reminder_1_minutes=-1, reminder_2_minutes=-1, reminder_3_minutes=-1, reminder_1_type=0, reminder_2_type=0, reminder_3_type=0, repeat_limit=0, repetition_exceptions='[]', attendees='', import_id='', time_zone='UTC', flags=0, event_type=1, parent_id=0, last_updated=0, source='imported-ics', availability=0, color=0, type=0, id=-1) not found in the 'after' state.
Completed step 19.
W0813 14:49:52.292867 132979839951936 sqlite_validators.py:168] Expected row CalendarEvent(start_ts=1697425200, end_ts=1697426100, title='Review session for Campaign', location='', description='We will understand contract details. Please bring relevant documents.', repeat_interval=0, repeat_rule=0, reminder_1_minutes=-1, reminder_2_minutes=-1, reminder_3_minutes=-1, reminder_1_type=0, reminder_2_type=0, reminder_3_type=0, repeat_limit=0, repetition_exceptions='[]', attendees='', import_id='', time_zone='UTC', flags=0, event_type=1, parent_id=0, last_updated=0, source='imported-ics', availability=0, color=0, type=0, id=-1) not found in the 'after' state.
Completed step 20.
W0813 14:50:00.783972 132979839951936 sqlite_validators.py:168] Expected row CalendarEvent(start_ts=1697425200, end_ts=1697426100, title='Review session for Campaign', location='', description='We will understand contract details. Please bring relevant documents.', repeat_interval=0, repeat_rule=0, reminder_1_minutes=-1, reminder_2_minutes=-1, reminder_3_minutes=-1, reminder_1_type=0, reminder_2_type=0, reminder_3_type=0, repeat_limit=0, repetition_exceptions='[]', attendees='', import_id='', time_zone='UTC', flags=0, event_type=1, parent_id=0, last_updated=0, source='imported-ics', availability=0, color=0, type=0, id=-1) not found in the 'after' state.
Completed step 21.
W0813 14:50:10.275148 132979839951936 sqlite_validators.py:168] Expected row CalendarEvent(start_ts=1697425200, end_ts=1697426100, title='Review session for Campaign', location='', description='We will understand contract details. Please bring relevant documents.', repeat_interval=0, repeat_rule=0, reminder_1_minutes=-1, reminder_2_minutes=-1, reminder_3_minutes=-1, reminder_1_type=0, reminder_2_type=0, reminder_3_type=0, repeat_limit=0, repetition_exceptions='[]', attendees='', import_id='', time_zone='UTC', flags=0, event_type=1, parent_id=0, last_updated=0, source='imported-ics', availability=0, color=0, type=0, id=-1) not found in the 'after' state.
Completed step 22.
W0813 14:50:22.929388 132979839951936 sqlite_validators.py:168] Expected row CalendarEvent(start_ts=1697425200, end_ts=1697426100, title='Review session for Campaign', location='', description='We will understand contract details. Please bring relevant documents.', repeat_interval=0, repeat_rule=0, reminder_1_minutes=-1, reminder_2_minutes=-1, reminder_3_minutes=-1, reminder_1_type=0, reminder_2_type=0, reminder_3_type=0, repeat_limit=0, repetition_exceptions='[]', attendees='', import_id='', time_zone='UTC', flags=0, event_type=1, parent_id=0, last_updated=0, source='imported-ics', availability=0, color=0, type=0, id=-1) not found in the 'after' state.
Completed step 23.
W0813 14:50:31.881017 132979839951936 sqlite_validators.py:168] Expected row CalendarEvent(start_ts=1697425200, end_ts=1697426100, title='Review session for Campaign', location='', description='We will understand contract details. Please bring relevant documents.', repeat_interval=0, repeat_rule=0, reminder_1_minutes=-1, reminder_2_minutes=-1, reminder_3_minutes=-1, reminder_1_type=0, reminder_2_type=0, reminder_3_type=0, repeat_limit=0, repetition_exceptions='[]', attendees='', import_id='', time_zone='UTC', flags=0, event_type=1, parent_id=0, last_updated=0, source='imported-ics', availability=0, color=0, type=0, id=-1) not found in the 'after' state.
Completed step 24.
W0813 14:50:40.739960 132979839951936 sqlite_validators.py:168] Expected row CalendarEvent(start_ts=1697425200, end_ts=1697426100, title='Review session for Campaign', location='', description='We will understand contract details. Please bring relevant documents.', repeat_interval=0, repeat_rule=0, reminder_1_minutes=-1, reminder_2_minutes=-1, reminder_3_minutes=-1, reminder_1_type=0, reminder_2_type=0, reminder_3_type=0, repeat_limit=0, repetition_exceptions='[]', attendees='', import_id='', time_zone='UTC', flags=0, event_type=1, parent_id=0, last_updated=0, source='imported-ics', availability=0, color=0, type=0, id=-1) not found in the 'after' state.
Completed step 25.
W0813 14:50:52.901848 132979839951936 sqlite_validators.py:168] Expected row CalendarEvent(start_ts=1697425200, end_ts=1697426100, title='Review session for Campaign', location='', description='We will understand contract details. Please bring relevant documents.', repeat_interval=0, repeat_rule=0, reminder_1_minutes=-1, reminder_2_minutes=-1, reminder_3_minutes=-1, reminder_1_type=0, reminder_2_type=0, reminder_3_type=0, repeat_limit=0, repetition_exceptions='[]', attendees='', import_id='', time_zone='UTC', flags=0, event_type=1, parent_id=0, last_updated=0, source='imported-ics', availability=0, color=0, type=0, id=-1) not found in the 'after' state.
Completed step 26.
W0813 14:51:01.792945 132979839951936 sqlite_validators.py:168] Expected row CalendarEvent(start_ts=1697425200, end_ts=1697426100, title='Review session for Campaign', location='', description='We will understand contract details. Please bring relevant documents.', repeat_interval=0, repeat_rule=0, reminder_1_minutes=-1, reminder_2_minutes=-1, reminder_3_minutes=-1, reminder_1_type=0, reminder_2_type=0, reminder_3_type=0, repeat_limit=0, repetition_exceptions='[]', attendees='', import_id='', time_zone='UTC', flags=0, event_type=1, parent_id=0, last_updated=0, source='imported-ics', availability=0, color=0, type=0, id=-1) not found in the 'after' state.
Completed step 27.
W0813 14:51:10.599675 132979839951936 sqlite_validators.py:168] Expected row CalendarEvent(start_ts=1697425200, end_ts=1697426100, title='Review session for Campaign', location='', description='We will understand contract details. Please bring relevant documents.', repeat_interval=0, repeat_rule=0, reminder_1_minutes=-1, reminder_2_minutes=-1, reminder_3_minutes=-1, reminder_1_type=0, reminder_2_type=0, reminder_3_type=0, repeat_limit=0, repetition_exceptions='[]', attendees='', import_id='', time_zone='UTC', flags=0, event_type=1, parent_id=0, last_updated=0, source='imported-ics', availability=0, color=0, type=0, id=-1) not found in the 'after' state.
Completed step 28.
W0813 14:51:19.388298 132979839951936 sqlite_validators.py:168] Expected row CalendarEvent(start_ts=1697425200, end_ts=1697426100, title='Review session for Campaign', location='', description='We will understand contract details. Please bring relevant documents.', repeat_interval=0, repeat_rule=0, reminder_1_minutes=-1, reminder_2_minutes=-1, reminder_3_minutes=-1, reminder_1_type=0, reminder_2_type=0, reminder_3_type=0, repeat_limit=0, repetition_exceptions='[]', attendees='', import_id='', time_zone='UTC', flags=0, event_type=1, parent_id=0, last_updated=0, source='imported-ics', availability=0, color=0, type=0, id=-1) not found in the 'after' state.
Completed step 29.
W0813 14:51:31.202127 132979839951936 sqlite_validators.py:168] Expected row CalendarEvent(start_ts=1697425200, end_ts=1697426100, title='Review session for Campaign', location='', description='We will understand contract details. Please bring relevant documents.', repeat_interval=0, repeat_rule=0, reminder_1_minutes=-1, reminder_2_minutes=-1, reminder_3_minutes=-1, reminder_1_type=0, reminder_2_type=0, reminder_3_type=0, repeat_limit=0, repetition_exceptions='[]', attendees='', import_id='', time_zone='UTC', flags=0, event_type=1, parent_id=0, last_updated=0, source='imported-ics', availability=0, color=0, type=0, id=-1) not found in the 'after' state.
Completed step 30.
W0813 14:51:39.995236 132979839951936 sqlite_validators.py:168] Expected row CalendarEvent(start_ts=1697425200, end_ts=1697426100, title='Review session for Campaign', location='', description='We will understand contract details. Please bring relevant documents.', repeat_interval=0, repeat_rule=0, reminder_1_minutes=-1, reminder_2_minutes=-1, reminder_3_minutes=-1, reminder_1_type=0, reminder_2_type=0, reminder_3_type=0, repeat_limit=0, repetition_exceptions='[]', attendees='', import_id='', time_zone='UTC', flags=0, event_type=1, parent_id=0, last_updated=0, source='imported-ics', availability=0, color=0, type=0, id=-1) not found in the 'after' state.
Completed step 31.
W0813 14:51:49.220577 132979839951936 sqlite_validators.py:168] Expected row CalendarEvent(start_ts=1697425200, end_ts=1697426100, title='Review session for Campaign', location='', description='We will understand contract details. Please bring relevant documents.', repeat_interval=0, repeat_rule=0, reminder_1_minutes=-1, reminder_2_minutes=-1, reminder_3_minutes=-1, reminder_1_type=0, reminder_2_type=0, reminder_3_type=0, repeat_limit=0, repetition_exceptions='[]', attendees='', import_id='', time_zone='UTC', flags=0, event_type=1, parent_id=0, last_updated=0, source='imported-ics', availability=0, color=0, type=0, id=-1) not found in the 'after' state.
Completed step 32.
W0813 14:52:01.047398 132979839951936 sqlite_validators.py:168] Expected row CalendarEvent(start_ts=1697425200, end_ts=1697426100, title='Review session for Campaign', location='', description='We will understand contract details. Please bring relevant documents.', repeat_interval=0, repeat_rule=0, reminder_1_minutes=-1, reminder_2_minutes=-1, reminder_3_minutes=-1, reminder_1_type=0, reminder_2_type=0, reminder_3_type=0, repeat_limit=0, repetition_exceptions='[]', attendees='', import_id='', time_zone='UTC', flags=0, event_type=1, parent_id=0, last_updated=0, source='imported-ics', availability=0, color=0, type=0, id=-1) not found in the 'after' state.
Completed step 33.
W0813 14:52:10.178509 132979839951936 sqlite_validators.py:168] Expected row CalendarEvent(start_ts=1697425200, end_ts=1697426100, title='Review session for Campaign', location='', description='We will understand contract details. Please bring relevant documents.', repeat_interval=0, repeat_rule=0, reminder_1_minutes=-1, reminder_2_minutes=-1, reminder_3_minutes=-1, reminder_1_type=0, reminder_2_type=0, reminder_3_type=0, repeat_limit=0, repetition_exceptions='[]', attendees='', import_id='', time_zone='UTC', flags=0, event_type=1, parent_id=0, last_updated=0, source='imported-ics', availability=0, color=0, type=0, id=-1) not found in the 'after' state.
Completed step 34.
W0813 14:52:19.062204 132979839951936 sqlite_validators.py:168] Expected row CalendarEvent(start_ts=1697425200, end_ts=1697426100, title='Review session for Campaign', location='', description='We will understand contract details. Please bring relevant documents.', repeat_interval=0, repeat_rule=0, reminder_1_minutes=-1, reminder_2_minutes=-1, reminder_3_minutes=-1, reminder_1_type=0, reminder_2_type=0, reminder_3_type=0, repeat_limit=0, repetition_exceptions='[]', attendees='', import_id='', time_zone='UTC', flags=0, event_type=1, parent_id=0, last_updated=0, source='imported-ics', availability=0, color=0, type=0, id=-1) not found in the 'after' state.
Agent did not indicate task is done. Reached max number of steps.
W0813 14:52:19.466796 132979839951936 sqlite_validators.py:168] Expected row CalendarEvent(start_ts=1697425200, end_ts=1697426100, title='Review session for Campaign', location='', description='We will understand contract details. Please bring relevant documents.', repeat_interval=0, repeat_rule=0, reminder_1_minutes=-1, reminder_2_minutes=-1, reminder_3_minutes=-1, reminder_1_type=0, reminder_2_type=0, reminder_3_type=0, repeat_limit=0, repetition_exceptions='[]', attendees='', import_id='', time_zone='UTC', flags=0, event_type=1, parent_id=0, last_updated=0, source='imported-ics', availability=0, color=0, type=0, id=-1) not found in the 'after' state.
Task Failed ❌;  In Simple Calendar Pro, create a calendar event for tomorrow at 3h with the title 'Review session for Campaign' and the description 'We will understand contract details. Please bring relevant documents.'. The event should last for 15 mins.
W0813 14:52:19.683033 132979839951936 task_eval.py:125] Skipping app snapshot loading : Snapshot not found in /data/data/android_world/snapshots/com.simplemobiletools.calendar.pro.


                                       task_num  num_complete_trials  mean_success_rate  mean_episode_length  total_runtime_s  num_fail_trials
task                                                                                                                                          
AudioRecorderRecordAudio                      0                  5.0               0.00                12.00          1079.90             0.00
BrowserDraw                                   1                  5.0               0.00                20.00          2083.10             0.00
CameraTakePhoto                               2                  5.0               0.00                10.00           585.00             0.00
ClockStopWatchPausedVerify                    3                  5.0               0.80                 4.80           419.80             0.00
ClockStopWatchRunning                         4                  5.0               1.00                 3.20           288.80             0.00
ContactsAddContact                            5                  5.0               0.00                12.00           898.40             0.00
ExpenseAddSingle                              6                  5.0               0.00                12.00          1845.30             0.00
FilesDeleteFile                               7                  5.0               0.00                22.00          2613.20             0.00
MarkorCreateFolder                            8                  5.0               0.00                10.00           946.60             0.00
NotesIsTodo                                   9                  5.0               0.00                10.00           595.50             0.00
OpenAppTaskEval                              10                  5.0               1.00                 1.40           124.60             0.00
OsmAndFavorite                               11                  5.0               0.00                13.00           615.40             0.00
RecipeDeleteSingleRecipe                     12                  5.0               0.40                 9.80           848.00             0.00
RecipeDeleteSingleWithRecipeWithNoise        13                  5.0               0.00                20.00          2438.60             0.00
RetroPlayingQueue                            14                  0.0                NaN                  NaN           110.60             5.00
SimpleCalendarAddOneEventTomorrow            15                  2.0               0.00                34.00           685.50             0.00
========= Average =========                   0                  4.5               0.21                12.95          1011.14             0.31


                         mean_success_rate       
difficulty                            easy medium
tags                                             
complex_ui_understanding                 -    0.0
data_edit                              0.2    0.0
data_entry                             0.0      -
game_playing                           0.0      -
information_retrieval                  0.0      -
parameterized                         0.16    0.0
requires_setup                         0.0      -
screen_reading                         0.0      -
search                                0.13    0.0
untagged                               0.5      -
verification                           0.8      -
W0813 14:52:36.270163 132979839951936 task_eval.py:125] Skipping app snapshot loading : Snapshot not found in /data/data/android_world/snapshots/com.simplemobiletools.calendar.pro.
Running task SimpleCalendarAddOneEventTomorrow with goal "In Simple Calendar Pro, create a calendar event for tomorrow at 0h with the title 'Review session for Annual Report' and the description 'We will understand business objectives. Remember to confirm attendance.'. The event should last for 30 mins."
Completed step 1.
W0813 14:52:49.801101 132979839951936 sqlite_validators.py:168] Expected row CalendarEvent(start_ts=1697414400, end_ts=1697416200, title='Review session for Annual Report', location='', description='We will understand business objectives. Remember to confirm attendance.', repeat_interval=0, repeat_rule=0, reminder_1_minutes=-1, reminder_2_minutes=-1, reminder_3_minutes=-1, reminder_1_type=0, reminder_2_type=0, reminder_3_type=0, repeat_limit=0, repetition_exceptions='[]', attendees='', import_id='', time_zone='UTC', flags=0, event_type=1, parent_id=0, last_updated=0, source='imported-ics', availability=0, color=0, type=0, id=-1) not found in the 'after' state.
Completed step 2.
W0813 14:52:59.197470 132979839951936 sqlite_validators.py:168] Expected row CalendarEvent(start_ts=1697414400, end_ts=1697416200, title='Review session for Annual Report', location='', description='We will understand business objectives. Remember to confirm attendance.', repeat_interval=0, repeat_rule=0, reminder_1_minutes=-1, reminder_2_minutes=-1, reminder_3_minutes=-1, reminder_1_type=0, reminder_2_type=0, reminder_3_type=0, repeat_limit=0, repetition_exceptions='[]', attendees='', import_id='', time_zone='UTC', flags=0, event_type=1, parent_id=0, last_updated=0, source='imported-ics', availability=0, color=0, type=0, id=-1) not found in the 'after' state.
Completed step 3.
W0813 14:53:12.329740 132979839951936 sqlite_validators.py:168] Expected row CalendarEvent(start_ts=1697414400, end_ts=1697416200, title='Review session for Annual Report', location='', description='We will understand business objectives. Remember to confirm attendance.', repeat_interval=0, repeat_rule=0, reminder_1_minutes=-1, reminder_2_minutes=-1, reminder_3_minutes=-1, reminder_1_type=0, reminder_2_type=0, reminder_3_type=0, repeat_limit=0, repetition_exceptions='[]', attendees='', import_id='', time_zone='UTC', flags=0, event_type=1, parent_id=0, last_updated=0, source='imported-ics', availability=0, color=0, type=0, id=-1) not found in the 'after' state.
Completed step 4.
W0813 14:53:21.490300 132979839951936 sqlite_validators.py:168] Expected row CalendarEvent(start_ts=1697414400, end_ts=1697416200, title='Review session for Annual Report', location='', description='We will understand business objectives. Remember to confirm attendance.', repeat_interval=0, repeat_rule=0, reminder_1_minutes=-1, reminder_2_minutes=-1, reminder_3_minutes=-1, reminder_1_type=0, reminder_2_type=0, reminder_3_type=0, repeat_limit=0, repetition_exceptions='[]', attendees='', import_id='', time_zone='UTC', flags=0, event_type=1, parent_id=0, last_updated=0, source='imported-ics', availability=0, color=0, type=0, id=-1) not found in the 'after' state.
Completed step 5.
W0813 14:53:30.243563 132979839951936 sqlite_validators.py:168] Expected row CalendarEvent(start_ts=1697414400, end_ts=1697416200, title='Review session for Annual Report', location='', description='We will understand business objectives. Remember to confirm attendance.', repeat_interval=0, repeat_rule=0, reminder_1_minutes=-1, reminder_2_minutes=-1, reminder_3_minutes=-1, reminder_1_type=0, reminder_2_type=0, reminder_3_type=0, repeat_limit=0, repetition_exceptions='[]', attendees='', import_id='', time_zone='UTC', flags=0, event_type=1, parent_id=0, last_updated=0, source='imported-ics', availability=0, color=0, type=0, id=-1) not found in the 'after' state.
Completed step 6.
W0813 14:53:39.082287 132979839951936 sqlite_validators.py:168] Expected row CalendarEvent(start_ts=1697414400, end_ts=1697416200, title='Review session for Annual Report', location='', description='We will understand business objectives. Remember to confirm attendance.', repeat_interval=0, repeat_rule=0, reminder_1_minutes=-1, reminder_2_minutes=-1, reminder_3_minutes=-1, reminder_1_type=0, reminder_2_type=0, reminder_3_type=0, repeat_limit=0, repetition_exceptions='[]', attendees='', import_id='', time_zone='UTC', flags=0, event_type=1, parent_id=0, last_updated=0, source='imported-ics', availability=0, color=0, type=0, id=-1) not found in the 'after' state.
Completed step 7.
W0813 14:53:51.005894 132979839951936 sqlite_validators.py:168] Expected row CalendarEvent(start_ts=1697414400, end_ts=1697416200, title='Review session for Annual Report', location='', description='We will understand business objectives. Remember to confirm attendance.', repeat_interval=0, repeat_rule=0, reminder_1_minutes=-1, reminder_2_minutes=-1, reminder_3_minutes=-1, reminder_1_type=0, reminder_2_type=0, reminder_3_type=0, repeat_limit=0, repetition_exceptions='[]', attendees='', import_id='', time_zone='UTC', flags=0, event_type=1, parent_id=0, last_updated=0, source='imported-ics', availability=0, color=0, type=0, id=-1) not found in the 'after' state.
Completed step 8.
W0813 14:53:59.869605 132979839951936 sqlite_validators.py:168] Expected row CalendarEvent(start_ts=1697414400, end_ts=1697416200, title='Review session for Annual Report', location='', description='We will understand business objectives. Remember to confirm attendance.', repeat_interval=0, repeat_rule=0, reminder_1_minutes=-1, reminder_2_minutes=-1, reminder_3_minutes=-1, reminder_1_type=0, reminder_2_type=0, reminder_3_type=0, repeat_limit=0, repetition_exceptions='[]', attendees='', import_id='', time_zone='UTC', flags=0, event_type=1, parent_id=0, last_updated=0, source='imported-ics', availability=0, color=0, type=0, id=-1) not found in the 'after' state.
Completed step 9.
W0813 14:54:08.710052 132979839951936 sqlite_validators.py:168] Expected row CalendarEvent(start_ts=1697414400, end_ts=1697416200, title='Review session for Annual Report', location='', description='We will understand business objectives. Remember to confirm attendance.', repeat_interval=0, repeat_rule=0, reminder_1_minutes=-1, reminder_2_minutes=-1, reminder_3_minutes=-1, reminder_1_type=0, reminder_2_type=0, reminder_3_type=0, repeat_limit=0, repetition_exceptions='[]', attendees='', import_id='', time_zone='UTC', flags=0, event_type=1, parent_id=0, last_updated=0, source='imported-ics', availability=0, color=0, type=0, id=-1) not found in the 'after' state.
Completed step 10.
W0813 14:54:20.602367 132979839951936 sqlite_validators.py:168] Expected row CalendarEvent(start_ts=1697414400, end_ts=1697416200, title='Review session for Annual Report', location='', description='We will understand business objectives. Remember to confirm attendance.', repeat_interval=0, repeat_rule=0, reminder_1_minutes=-1, reminder_2_minutes=-1, reminder_3_minutes=-1, reminder_1_type=0, reminder_2_type=0, reminder_3_type=0, repeat_limit=0, repetition_exceptions='[]', attendees='', import_id='', time_zone='UTC', flags=0, event_type=1, parent_id=0, last_updated=0, source='imported-ics', availability=0, color=0, type=0, id=-1) not found in the 'after' state.
Completed step 11.
W0813 14:54:30.349199 132979839951936 sqlite_validators.py:168] Expected row CalendarEvent(start_ts=1697414400, end_ts=1697416200, title='Review session for Annual Report', location='', description='We will understand business objectives. Remember to confirm attendance.', repeat_interval=0, repeat_rule=0, reminder_1_minutes=-1, reminder_2_minutes=-1, reminder_3_minutes=-1, reminder_1_type=0, reminder_2_type=0, reminder_3_type=0, repeat_limit=0, repetition_exceptions='[]', attendees='', import_id='', time_zone='UTC', flags=0, event_type=1, parent_id=0, last_updated=0, source='imported-ics', availability=0, color=0, type=0, id=-1) not found in the 'after' state.
Completed step 12.
W0813 14:54:39.728458 132979839951936 sqlite_validators.py:168] Expected row CalendarEvent(start_ts=1697414400, end_ts=1697416200, title='Review session for Annual Report', location='', description='We will understand business objectives. Remember to confirm attendance.', repeat_interval=0, repeat_rule=0, reminder_1_minutes=-1, reminder_2_minutes=-1, reminder_3_minutes=-1, reminder_1_type=0, reminder_2_type=0, reminder_3_type=0, repeat_limit=0, repetition_exceptions='[]', attendees='', import_id='', time_zone='UTC', flags=0, event_type=1, parent_id=0, last_updated=0, source='imported-ics', availability=0, color=0, type=0, id=-1) not found in the 'after' state.
Completed step 13.
W0813 14:54:48.907735 132979839951936 sqlite_validators.py:168] Expected row CalendarEvent(start_ts=1697414400, end_ts=1697416200, title='Review session for Annual Report', location='', description='We will understand business objectives. Remember to confirm attendance.', repeat_interval=0, repeat_rule=0, reminder_1_minutes=-1, reminder_2_minutes=-1, reminder_3_minutes=-1, reminder_1_type=0, reminder_2_type=0, reminder_3_type=0, repeat_limit=0, repetition_exceptions='[]', attendees='', import_id='', time_zone='UTC', flags=0, event_type=1, parent_id=0, last_updated=0, source='imported-ics', availability=0, color=0, type=0, id=-1) not found in the 'after' state.
Completed step 14.
W0813 14:55:00.665051 132979839951936 sqlite_validators.py:168] Expected row CalendarEvent(start_ts=1697414400, end_ts=1697416200, title='Review session for Annual Report', location='', description='We will understand business objectives. Remember to confirm attendance.', repeat_interval=0, repeat_rule=0, reminder_1_minutes=-1, reminder_2_minutes=-1, reminder_3_minutes=-1, reminder_1_type=0, reminder_2_type=0, reminder_3_type=0, repeat_limit=0, repetition_exceptions='[]', attendees='', import_id='', time_zone='UTC', flags=0, event_type=1, parent_id=0, last_updated=0, source='imported-ics', availability=0, color=0, type=0, id=-1) not found in the 'after' state.
Completed step 15.
W0813 14:55:09.457899 132979839951936 sqlite_validators.py:168] Expected row CalendarEvent(start_ts=1697414400, end_ts=1697416200, title='Review session for Annual Report', location='', description='We will understand business objectives. Remember to confirm attendance.', repeat_interval=0, repeat_rule=0, reminder_1_minutes=-1, reminder_2_minutes=-1, reminder_3_minutes=-1, reminder_1_type=0, reminder_2_type=0, reminder_3_type=0, repeat_limit=0, repetition_exceptions='[]', attendees='', import_id='', time_zone='UTC', flags=0, event_type=1, parent_id=0, last_updated=0, source='imported-ics', availability=0, color=0, type=0, id=-1) not found in the 'after' state.
Completed step 16.
W0813 14:55:18.275369 132979839951936 sqlite_validators.py:168] Expected row CalendarEvent(start_ts=1697414400, end_ts=1697416200, title='Review session for Annual Report', location='', description='We will understand business objectives. Remember to confirm attendance.', repeat_interval=0, repeat_rule=0, reminder_1_minutes=-1, reminder_2_minutes=-1, reminder_3_minutes=-1, reminder_1_type=0, reminder_2_type=0, reminder_3_type=0, repeat_limit=0, repetition_exceptions='[]', attendees='', import_id='', time_zone='UTC', flags=0, event_type=1, parent_id=0, last_updated=0, source='imported-ics', availability=0, color=0, type=0, id=-1) not found in the 'after' state.
Completed step 17.
W0813 14:55:27.036053 132979839951936 sqlite_validators.py:168] Expected row CalendarEvent(start_ts=1697414400, end_ts=1697416200, title='Review session for Annual Report', location='', description='We will understand business objectives. Remember to confirm attendance.', repeat_interval=0, repeat_rule=0, reminder_1_minutes=-1, reminder_2_minutes=-1, reminder_3_minutes=-1, reminder_1_type=0, reminder_2_type=0, reminder_3_type=0, repeat_limit=0, repetition_exceptions='[]', attendees='', import_id='', time_zone='UTC', flags=0, event_type=1, parent_id=0, last_updated=0, source='imported-ics', availability=0, color=0, type=0, id=-1) not found in the 'after' state.
Completed step 18.
W0813 14:55:38.781778 132979839951936 sqlite_validators.py:168] Expected row CalendarEvent(start_ts=1697414400, end_ts=1697416200, title='Review session for Annual Report', location='', description='We will understand business objectives. Remember to confirm attendance.', repeat_interval=0, repeat_rule=0, reminder_1_minutes=-1, reminder_2_minutes=-1, reminder_3_minutes=-1, reminder_1_type=0, reminder_2_type=0, reminder_3_type=0, repeat_limit=0, repetition_exceptions='[]', attendees='', import_id='', time_zone='UTC', flags=0, event_type=1, parent_id=0, last_updated=0, source='imported-ics', availability=0, color=0, type=0, id=-1) not found in the 'after' state.
Completed step 19.
W0813 14:55:47.592072 132979839951936 sqlite_validators.py:168] Expected row CalendarEvent(start_ts=1697414400, end_ts=1697416200, title='Review session for Annual Report', location='', description='We will understand business objectives. Remember to confirm attendance.', repeat_interval=0, repeat_rule=0, reminder_1_minutes=-1, reminder_2_minutes=-1, reminder_3_minutes=-1, reminder_1_type=0, reminder_2_type=0, reminder_3_type=0, repeat_limit=0, repetition_exceptions='[]', attendees='', import_id='', time_zone='UTC', flags=0, event_type=1, parent_id=0, last_updated=0, source='imported-ics', availability=0, color=0, type=0, id=-1) not found in the 'after' state.
Completed step 20.
W0813 14:55:56.426854 132979839951936 sqlite_validators.py:168] Expected row CalendarEvent(start_ts=1697414400, end_ts=1697416200, title='Review session for Annual Report', location='', description='We will understand business objectives. Remember to confirm attendance.', repeat_interval=0, repeat_rule=0, reminder_1_minutes=-1, reminder_2_minutes=-1, reminder_3_minutes=-1, reminder_1_type=0, reminder_2_type=0, reminder_3_type=0, repeat_limit=0, repetition_exceptions='[]', attendees='', import_id='', time_zone='UTC', flags=0, event_type=1, parent_id=0, last_updated=0, source='imported-ics', availability=0, color=0, type=0, id=-1) not found in the 'after' state.
Completed step 21.
W0813 14:56:08.168029 132979839951936 sqlite_validators.py:168] Expected row CalendarEvent(start_ts=1697414400, end_ts=1697416200, title='Review session for Annual Report', location='', description='We will understand business objectives. Remember to confirm attendance.', repeat_interval=0, repeat_rule=0, reminder_1_minutes=-1, reminder_2_minutes=-1, reminder_3_minutes=-1, reminder_1_type=0, reminder_2_type=0, reminder_3_type=0, repeat_limit=0, repetition_exceptions='[]', attendees='', import_id='', time_zone='UTC', flags=0, event_type=1, parent_id=0, last_updated=0, source='imported-ics', availability=0, color=0, type=0, id=-1) not found in the 'after' state.
Completed step 22.
W0813 14:56:16.971385 132979839951936 sqlite_validators.py:168] Expected row CalendarEvent(start_ts=1697414400, end_ts=1697416200, title='Review session for Annual Report', location='', description='We will understand business objectives. Remember to confirm attendance.', repeat_interval=0, repeat_rule=0, reminder_1_minutes=-1, reminder_2_minutes=-1, reminder_3_minutes=-1, reminder_1_type=0, reminder_2_type=0, reminder_3_type=0, repeat_limit=0, repetition_exceptions='[]', attendees='', import_id='', time_zone='UTC', flags=0, event_type=1, parent_id=0, last_updated=0, source='imported-ics', availability=0, color=0, type=0, id=-1) not found in the 'after' state.
Completed step 23.
W0813 14:56:25.837034 132979839951936 sqlite_validators.py:168] Expected row CalendarEvent(start_ts=1697414400, end_ts=1697416200, title='Review session for Annual Report', location='', description='We will understand business objectives. Remember to confirm attendance.', repeat_interval=0, repeat_rule=0, reminder_1_minutes=-1, reminder_2_minutes=-1, reminder_3_minutes=-1, reminder_1_type=0, reminder_2_type=0, reminder_3_type=0, repeat_limit=0, repetition_exceptions='[]', attendees='', import_id='', time_zone='UTC', flags=0, event_type=1, parent_id=0, last_updated=0, source='imported-ics', availability=0, color=0, type=0, id=-1) not found in the 'after' state.
Completed step 24.
W0813 14:56:35.821200 132979839951936 sqlite_validators.py:168] Expected row CalendarEvent(start_ts=1697414400, end_ts=1697416200, title='Review session for Annual Report', location='', description='We will understand business objectives. Remember to confirm attendance.', repeat_interval=0, repeat_rule=0, reminder_1_minutes=-1, reminder_2_minutes=-1, reminder_3_minutes=-1, reminder_1_type=0, reminder_2_type=0, reminder_3_type=0, repeat_limit=0, repetition_exceptions='[]', attendees='', import_id='', time_zone='UTC', flags=0, event_type=1, parent_id=0, last_updated=0, source='imported-ics', availability=0, color=0, type=0, id=-1) not found in the 'after' state.
Completed step 25.
W0813 14:56:47.519202 132979839951936 sqlite_validators.py:168] Expected row CalendarEvent(start_ts=1697414400, end_ts=1697416200, title='Review session for Annual Report', location='', description='We will understand business objectives. Remember to confirm attendance.', repeat_interval=0, repeat_rule=0, reminder_1_minutes=-1, reminder_2_minutes=-1, reminder_3_minutes=-1, reminder_1_type=0, reminder_2_type=0, reminder_3_type=0, repeat_limit=0, repetition_exceptions='[]', attendees='', import_id='', time_zone='UTC', flags=0, event_type=1, parent_id=0, last_updated=0, source='imported-ics', availability=0, color=0, type=0, id=-1) not found in the 'after' state.
Completed step 26.
W0813 14:56:57.603384 132979839951936 sqlite_validators.py:168] Expected row CalendarEvent(start_ts=1697414400, end_ts=1697416200, title='Review session for Annual Report', location='', description='We will understand business objectives. Remember to confirm attendance.', repeat_interval=0, repeat_rule=0, reminder_1_minutes=-1, reminder_2_minutes=-1, reminder_3_minutes=-1, reminder_1_type=0, reminder_2_type=0, reminder_3_type=0, repeat_limit=0, repetition_exceptions='[]', attendees='', import_id='', time_zone='UTC', flags=0, event_type=1, parent_id=0, last_updated=0, source='imported-ics', availability=0, color=0, type=0, id=-1) not found in the 'after' state.
Completed step 27.
W0813 14:57:06.602793 132979839951936 sqlite_validators.py:168] Expected row CalendarEvent(start_ts=1697414400, end_ts=1697416200, title='Review session for Annual Report', location='', description='We will understand business objectives. Remember to confirm attendance.', repeat_interval=0, repeat_rule=0, reminder_1_minutes=-1, reminder_2_minutes=-1, reminder_3_minutes=-1, reminder_1_type=0, reminder_2_type=0, reminder_3_type=0, repeat_limit=0, repetition_exceptions='[]', attendees='', import_id='', time_zone='UTC', flags=0, event_type=1, parent_id=0, last_updated=0, source='imported-ics', availability=0, color=0, type=0, id=-1) not found in the 'after' state.
Completed step 28.
W0813 14:57:18.385099 132979839951936 sqlite_validators.py:168] Expected row CalendarEvent(start_ts=1697414400, end_ts=1697416200, title='Review session for Annual Report', location='', description='We will understand business objectives. Remember to confirm attendance.', repeat_interval=0, repeat_rule=0, reminder_1_minutes=-1, reminder_2_minutes=-1, reminder_3_minutes=-1, reminder_1_type=0, reminder_2_type=0, reminder_3_type=0, repeat_limit=0, repetition_exceptions='[]', attendees='', import_id='', time_zone='UTC', flags=0, event_type=1, parent_id=0, last_updated=0, source='imported-ics', availability=0, color=0, type=0, id=-1) not found in the 'after' state.
Completed step 29.
W0813 14:57:27.286940 132979839951936 sqlite_validators.py:168] Expected row CalendarEvent(start_ts=1697414400, end_ts=1697416200, title='Review session for Annual Report', location='', description='We will understand business objectives. Remember to confirm attendance.', repeat_interval=0, repeat_rule=0, reminder_1_minutes=-1, reminder_2_minutes=-1, reminder_3_minutes=-1, reminder_1_type=0, reminder_2_type=0, reminder_3_type=0, repeat_limit=0, repetition_exceptions='[]', attendees='', import_id='', time_zone='UTC', flags=0, event_type=1, parent_id=0, last_updated=0, source='imported-ics', availability=0, color=0, type=0, id=-1) not found in the 'after' state.
Completed step 30.
W0813 14:57:36.926445 132979839951936 sqlite_validators.py:168] Expected row CalendarEvent(start_ts=1697414400, end_ts=1697416200, title='Review session for Annual Report', location='', description='We will understand business objectives. Remember to confirm attendance.', repeat_interval=0, repeat_rule=0, reminder_1_minutes=-1, reminder_2_minutes=-1, reminder_3_minutes=-1, reminder_1_type=0, reminder_2_type=0, reminder_3_type=0, repeat_limit=0, repetition_exceptions='[]', attendees='', import_id='', time_zone='UTC', flags=0, event_type=1, parent_id=0, last_updated=0, source='imported-ics', availability=0, color=0, type=0, id=-1) not found in the 'after' state.
Completed step 31.
W0813 14:57:45.912078 132979839951936 sqlite_validators.py:168] Expected row CalendarEvent(start_ts=1697414400, end_ts=1697416200, title='Review session for Annual Report', location='', description='We will understand business objectives. Remember to confirm attendance.', repeat_interval=0, repeat_rule=0, reminder_1_minutes=-1, reminder_2_minutes=-1, reminder_3_minutes=-1, reminder_1_type=0, reminder_2_type=0, reminder_3_type=0, repeat_limit=0, repetition_exceptions='[]', attendees='', import_id='', time_zone='UTC', flags=0, event_type=1, parent_id=0, last_updated=0, source='imported-ics', availability=0, color=0, type=0, id=-1) not found in the 'after' state.
Completed step 32.
W0813 14:57:57.935903 132979839951936 sqlite_validators.py:168] Expected row CalendarEvent(start_ts=1697414400, end_ts=1697416200, title='Review session for Annual Report', location='', description='We will understand business objectives. Remember to confirm attendance.', repeat_interval=0, repeat_rule=0, reminder_1_minutes=-1, reminder_2_minutes=-1, reminder_3_minutes=-1, reminder_1_type=0, reminder_2_type=0, reminder_3_type=0, repeat_limit=0, repetition_exceptions='[]', attendees='', import_id='', time_zone='UTC', flags=0, event_type=1, parent_id=0, last_updated=0, source='imported-ics', availability=0, color=0, type=0, id=-1) not found in the 'after' state.
Completed step 33.
W0813 14:58:06.450881 132979839951936 sqlite_validators.py:168] Expected row CalendarEvent(start_ts=1697414400, end_ts=1697416200, title='Review session for Annual Report', location='', description='We will understand business objectives. Remember to confirm attendance.', repeat_interval=0, repeat_rule=0, reminder_1_minutes=-1, reminder_2_minutes=-1, reminder_3_minutes=-1, reminder_1_type=0, reminder_2_type=0, reminder_3_type=0, repeat_limit=0, repetition_exceptions='[]', attendees='', import_id='', time_zone='UTC', flags=0, event_type=1, parent_id=0, last_updated=0, source='imported-ics', availability=0, color=0, type=0, id=-1) not found in the 'after' state.
Completed step 34.
W0813 14:58:15.352072 132979839951936 sqlite_validators.py:168] Expected row CalendarEvent(start_ts=1697414400, end_ts=1697416200, title='Review session for Annual Report', location='', description='We will understand business objectives. Remember to confirm attendance.', repeat_interval=0, repeat_rule=0, reminder_1_minutes=-1, reminder_2_minutes=-1, reminder_3_minutes=-1, reminder_1_type=0, reminder_2_type=0, reminder_3_type=0, repeat_limit=0, repetition_exceptions='[]', attendees='', import_id='', time_zone='UTC', flags=0, event_type=1, parent_id=0, last_updated=0, source='imported-ics', availability=0, color=0, type=0, id=-1) not found in the 'after' state.
Agent did not indicate task is done. Reached max number of steps.
W0813 14:58:15.767466 132979839951936 sqlite_validators.py:168] Expected row CalendarEvent(start_ts=1697414400, end_ts=1697416200, title='Review session for Annual Report', location='', description='We will understand business objectives. Remember to confirm attendance.', repeat_interval=0, repeat_rule=0, reminder_1_minutes=-1, reminder_2_minutes=-1, reminder_3_minutes=-1, reminder_1_type=0, reminder_2_type=0, reminder_3_type=0, repeat_limit=0, repetition_exceptions='[]', attendees='', import_id='', time_zone='UTC', flags=0, event_type=1, parent_id=0, last_updated=0, source='imported-ics', availability=0, color=0, type=0, id=-1) not found in the 'after' state.
Task Failed ❌;  In Simple Calendar Pro, create a calendar event for tomorrow at 0h with the title 'Review session for Annual Report' and the description 'We will understand business objectives. Remember to confirm attendance.'. The event should last for 30 mins.
W0813 14:58:15.956636 132979839951936 task_eval.py:125] Skipping app snapshot loading : Snapshot not found in /data/data/android_world/snapshots/com.simplemobiletools.calendar.pro.


                                       task_num  num_complete_trials  mean_success_rate  mean_episode_length  total_runtime_s  num_fail_trials
task                                                                                                                                          
AudioRecorderRecordAudio                      0                 5.00               0.00                12.00          1079.90             0.00
BrowserDraw                                   1                 5.00               0.00                20.00          2083.10             0.00
CameraTakePhoto                               2                 5.00               0.00                10.00           585.00             0.00
ClockStopWatchPausedVerify                    3                 5.00               0.80                 4.80           419.80             0.00
ClockStopWatchRunning                         4                 5.00               1.00                 3.20           288.80             0.00
ContactsAddContact                            5                 5.00               0.00                12.00           898.40             0.00
ExpenseAddSingle                              6                 5.00               0.00                12.00          1845.30             0.00
FilesDeleteFile                               7                 5.00               0.00                22.00          2613.20             0.00
MarkorCreateFolder                            8                 5.00               0.00                10.00           946.60             0.00
NotesIsTodo                                   9                 5.00               0.00                10.00           595.50             0.00
OpenAppTaskEval                              10                 5.00               1.00                 1.40           124.60             0.00
OsmAndFavorite                               11                 5.00               0.00                13.00           615.40             0.00
RecipeDeleteSingleRecipe                     12                 5.00               0.40                 9.80           848.00             0.00
RecipeDeleteSingleWithRecipeWithNoise        13                 5.00               0.00                20.00          2438.60             0.00
RetroPlayingQueue                            14                 0.00                NaN                  NaN           110.60             5.00
SimpleCalendarAddOneEventTomorrow            15                 3.00               0.00                34.00          1031.20             0.00
========= Average =========                   0                 4.56               0.21                12.95          1032.75             0.31


                         mean_success_rate       
difficulty                            easy medium
tags                                             
complex_ui_understanding                 -    0.0
data_edit                              0.2    0.0
data_entry                             0.0      -
game_playing                           0.0      -
information_retrieval                  0.0      -
parameterized                         0.16    0.0
requires_setup                         0.0      -
screen_reading                         0.0      -
search                                0.13    0.0
untagged                               0.5      -
verification                           0.8      -
W0813 14:58:32.187088 132979839951936 task_eval.py:125] Skipping app snapshot loading : Snapshot not found in /data/data/android_world/snapshots/com.simplemobiletools.calendar.pro.
Running task SimpleCalendarAddOneEventTomorrow with goal "In Simple Calendar Pro, create a calendar event for tomorrow at 13h with the title 'Meeting with Dr. Smith' and the description 'We will prepare for team roles. Snacks will be provided.'. The event should last for 15 mins."
Completed step 1.
W0813 14:58:45.615620 132979839951936 sqlite_validators.py:168] Expected row CalendarEvent(start_ts=1697461200, end_ts=1697462100, title='Meeting with Dr. Smith', location='', description='We will prepare for team roles. Snacks will be provided.', repeat_interval=0, repeat_rule=0, reminder_1_minutes=-1, reminder_2_minutes=-1, reminder_3_minutes=-1, reminder_1_type=0, reminder_2_type=0, reminder_3_type=0, repeat_limit=0, repetition_exceptions='[]', attendees='', import_id='', time_zone='UTC', flags=0, event_type=1, parent_id=0, last_updated=0, source='imported-ics', availability=0, color=0, type=0, id=-1) not found in the 'after' state.
Completed step 2.
W0813 14:58:54.603616 132979839951936 sqlite_validators.py:168] Expected row CalendarEvent(start_ts=1697461200, end_ts=1697462100, title='Meeting with Dr. Smith', location='', description='We will prepare for team roles. Snacks will be provided.', repeat_interval=0, repeat_rule=0, reminder_1_minutes=-1, reminder_2_minutes=-1, reminder_3_minutes=-1, reminder_1_type=0, reminder_2_type=0, reminder_3_type=0, repeat_limit=0, repetition_exceptions='[]', attendees='', import_id='', time_zone='UTC', flags=0, event_type=1, parent_id=0, last_updated=0, source='imported-ics', availability=0, color=0, type=0, id=-1) not found in the 'after' state.
Completed step 3.
W0813 14:59:06.503028 132979839951936 sqlite_validators.py:168] Expected row CalendarEvent(start_ts=1697461200, end_ts=1697462100, title='Meeting with Dr. Smith', location='', description='We will prepare for team roles. Snacks will be provided.', repeat_interval=0, repeat_rule=0, reminder_1_minutes=-1, reminder_2_minutes=-1, reminder_3_minutes=-1, reminder_1_type=0, reminder_2_type=0, reminder_3_type=0, repeat_limit=0, repetition_exceptions='[]', attendees='', import_id='', time_zone='UTC', flags=0, event_type=1, parent_id=0, last_updated=0, source='imported-ics', availability=0, color=0, type=0, id=-1) not found in the 'after' state.
Completed step 4.
W0813 14:59:15.451758 132979839951936 sqlite_validators.py:168] Expected row CalendarEvent(start_ts=1697461200, end_ts=1697462100, title='Meeting with Dr. Smith', location='', description='We will prepare for team roles. Snacks will be provided.', repeat_interval=0, repeat_rule=0, reminder_1_minutes=-1, reminder_2_minutes=-1, reminder_3_minutes=-1, reminder_1_type=0, reminder_2_type=0, reminder_3_type=0, repeat_limit=0, repetition_exceptions='[]', attendees='', import_id='', time_zone='UTC', flags=0, event_type=1, parent_id=0, last_updated=0, source='imported-ics', availability=0, color=0, type=0, id=-1) not found in the 'after' state.
Completed step 5.
W0813 14:59:24.363814 132979839951936 sqlite_validators.py:168] Expected row CalendarEvent(start_ts=1697461200, end_ts=1697462100, title='Meeting with Dr. Smith', location='', description='We will prepare for team roles. Snacks will be provided.', repeat_interval=0, repeat_rule=0, reminder_1_minutes=-1, reminder_2_minutes=-1, reminder_3_minutes=-1, reminder_1_type=0, reminder_2_type=0, reminder_3_type=0, repeat_limit=0, repetition_exceptions='[]', attendees='', import_id='', time_zone='UTC', flags=0, event_type=1, parent_id=0, last_updated=0, source='imported-ics', availability=0, color=0, type=0, id=-1) not found in the 'after' state.
Completed step 6.
W0813 14:59:33.233502 132979839951936 sqlite_validators.py:168] Expected row CalendarEvent(start_ts=1697461200, end_ts=1697462100, title='Meeting with Dr. Smith', location='', description='We will prepare for team roles. Snacks will be provided.', repeat_interval=0, repeat_rule=0, reminder_1_minutes=-1, reminder_2_minutes=-1, reminder_3_minutes=-1, reminder_1_type=0, reminder_2_type=0, reminder_3_type=0, repeat_limit=0, repetition_exceptions='[]', attendees='', import_id='', time_zone='UTC', flags=0, event_type=1, parent_id=0, last_updated=0, source='imported-ics', availability=0, color=0, type=0, id=-1) not found in the 'after' state.
Completed step 7.
W0813 14:59:45.071277 132979839951936 sqlite_validators.py:168] Expected row CalendarEvent(start_ts=1697461200, end_ts=1697462100, title='Meeting with Dr. Smith', location='', description='We will prepare for team roles. Snacks will be provided.', repeat_interval=0, repeat_rule=0, reminder_1_minutes=-1, reminder_2_minutes=-1, reminder_3_minutes=-1, reminder_1_type=0, reminder_2_type=0, reminder_3_type=0, repeat_limit=0, repetition_exceptions='[]', attendees='', import_id='', time_zone='UTC', flags=0, event_type=1, parent_id=0, last_updated=0, source='imported-ics', availability=0, color=0, type=0, id=-1) not found in the 'after' state.
Completed step 8.
W0813 14:59:54.123776 132979839951936 sqlite_validators.py:168] Expected row CalendarEvent(start_ts=1697461200, end_ts=1697462100, title='Meeting with Dr. Smith', location='', description='We will prepare for team roles. Snacks will be provided.', repeat_interval=0, repeat_rule=0, reminder_1_minutes=-1, reminder_2_minutes=-1, reminder_3_minutes=-1, reminder_1_type=0, reminder_2_type=0, reminder_3_type=0, repeat_limit=0, repetition_exceptions='[]', attendees='', import_id='', time_zone='UTC', flags=0, event_type=1, parent_id=0, last_updated=0, source='imported-ics', availability=0, color=0, type=0, id=-1) not found in the 'after' state.
Completed step 9.
W0813 15:00:02.997017 132979839951936 sqlite_validators.py:168] Expected row CalendarEvent(start_ts=1697461200, end_ts=1697462100, title='Meeting with Dr. Smith', location='', description='We will prepare for team roles. Snacks will be provided.', repeat_interval=0, repeat_rule=0, reminder_1_minutes=-1, reminder_2_minutes=-1, reminder_3_minutes=-1, reminder_1_type=0, reminder_2_type=0, reminder_3_type=0, repeat_limit=0, repetition_exceptions='[]', attendees='', import_id='', time_zone='UTC', flags=0, event_type=1, parent_id=0, last_updated=0, source='imported-ics', availability=0, color=0, type=0, id=-1) not found in the 'after' state.
Completed step 10.
W0813 15:00:15.040415 132979839951936 sqlite_validators.py:168] Expected row CalendarEvent(start_ts=1697461200, end_ts=1697462100, title='Meeting with Dr. Smith', location='', description='We will prepare for team roles. Snacks will be provided.', repeat_interval=0, repeat_rule=0, reminder_1_minutes=-1, reminder_2_minutes=-1, reminder_3_minutes=-1, reminder_1_type=0, reminder_2_type=0, reminder_3_type=0, repeat_limit=0, repetition_exceptions='[]', attendees='', import_id='', time_zone='UTC', flags=0, event_type=1, parent_id=0, last_updated=0, source='imported-ics', availability=0, color=0, type=0, id=-1) not found in the 'after' state.
Completed step 11.
W0813 15:00:23.907299 132979839951936 sqlite_validators.py:168] Expected row CalendarEvent(start_ts=1697461200, end_ts=1697462100, title='Meeting with Dr. Smith', location='', description='We will prepare for team roles. Snacks will be provided.', repeat_interval=0, repeat_rule=0, reminder_1_minutes=-1, reminder_2_minutes=-1, reminder_3_minutes=-1, reminder_1_type=0, reminder_2_type=0, reminder_3_type=0, repeat_limit=0, repetition_exceptions='[]', attendees='', import_id='', time_zone='UTC', flags=0, event_type=1, parent_id=0, last_updated=0, source='imported-ics', availability=0, color=0, type=0, id=-1) not found in the 'after' state.
Completed step 12.
W0813 15:00:33.125928 132979839951936 sqlite_validators.py:168] Expected row CalendarEvent(start_ts=1697461200, end_ts=1697462100, title='Meeting with Dr. Smith', location='', description='We will prepare for team roles. Snacks will be provided.', repeat_interval=0, repeat_rule=0, reminder_1_minutes=-1, reminder_2_minutes=-1, reminder_3_minutes=-1, reminder_1_type=0, reminder_2_type=0, reminder_3_type=0, repeat_limit=0, repetition_exceptions='[]', attendees='', import_id='', time_zone='UTC', flags=0, event_type=1, parent_id=0, last_updated=0, source='imported-ics', availability=0, color=0, type=0, id=-1) not found in the 'after' state.
Completed step 13.
W0813 15:00:42.000318 132979839951936 sqlite_validators.py:168] Expected row CalendarEvent(start_ts=1697461200, end_ts=1697462100, title='Meeting with Dr. Smith', location='', description='We will prepare for team roles. Snacks will be provided.', repeat_interval=0, repeat_rule=0, reminder_1_minutes=-1, reminder_2_minutes=-1, reminder_3_minutes=-1, reminder_1_type=0, reminder_2_type=0, reminder_3_type=0, repeat_limit=0, repetition_exceptions='[]', attendees='', import_id='', time_zone='UTC', flags=0, event_type=1, parent_id=0, last_updated=0, source='imported-ics', availability=0, color=0, type=0, id=-1) not found in the 'after' state.
Completed step 14.
W0813 15:00:53.800992 132979839951936 sqlite_validators.py:168] Expected row CalendarEvent(start_ts=1697461200, end_ts=1697462100, title='Meeting with Dr. Smith', location='', description='We will prepare for team roles. Snacks will be provided.', repeat_interval=0, repeat_rule=0, reminder_1_minutes=-1, reminder_2_minutes=-1, reminder_3_minutes=-1, reminder_1_type=0, reminder_2_type=0, reminder_3_type=0, repeat_limit=0, repetition_exceptions='[]', attendees='', import_id='', time_zone='UTC', flags=0, event_type=1, parent_id=0, last_updated=0, source='imported-ics', availability=0, color=0, type=0, id=-1) not found in the 'after' state.
Completed step 15.
W0813 15:01:03.059392 132979839951936 sqlite_validators.py:168] Expected row CalendarEvent(start_ts=1697461200, end_ts=1697462100, title='Meeting with Dr. Smith', location='', description='We will prepare for team roles. Snacks will be provided.', repeat_interval=0, repeat_rule=0, reminder_1_minutes=-1, reminder_2_minutes=-1, reminder_3_minutes=-1, reminder_1_type=0, reminder_2_type=0, reminder_3_type=0, repeat_limit=0, repetition_exceptions='[]', attendees='', import_id='', time_zone='UTC', flags=0, event_type=1, parent_id=0, last_updated=0, source='imported-ics', availability=0, color=0, type=0, id=-1) not found in the 'after' state.
Completed step 16.
W0813 15:01:12.011426 132979839951936 sqlite_validators.py:168] Expected row CalendarEvent(start_ts=1697461200, end_ts=1697462100, title='Meeting with Dr. Smith', location='', description='We will prepare for team roles. Snacks will be provided.', repeat_interval=0, repeat_rule=0, reminder_1_minutes=-1, reminder_2_minutes=-1, reminder_3_minutes=-1, reminder_1_type=0, reminder_2_type=0, reminder_3_type=0, repeat_limit=0, repetition_exceptions='[]', attendees='', import_id='', time_zone='UTC', flags=0, event_type=1, parent_id=0, last_updated=0, source='imported-ics', availability=0, color=0, type=0, id=-1) not found in the 'after' state.
Completed step 17.
W0813 15:01:23.837948 132979839951936 sqlite_validators.py:168] Expected row CalendarEvent(start_ts=1697461200, end_ts=1697462100, title='Meeting with Dr. Smith', location='', description='We will prepare for team roles. Snacks will be provided.', repeat_interval=0, repeat_rule=0, reminder_1_minutes=-1, reminder_2_minutes=-1, reminder_3_minutes=-1, reminder_1_type=0, reminder_2_type=0, reminder_3_type=0, repeat_limit=0, repetition_exceptions='[]', attendees='', import_id='', time_zone='UTC', flags=0, event_type=1, parent_id=0, last_updated=0, source='imported-ics', availability=0, color=0, type=0, id=-1) not found in the 'after' state.
Completed step 18.
W0813 15:01:32.748626 132979839951936 sqlite_validators.py:168] Expected row CalendarEvent(start_ts=1697461200, end_ts=1697462100, title='Meeting with Dr. Smith', location='', description='We will prepare for team roles. Snacks will be provided.', repeat_interval=0, repeat_rule=0, reminder_1_minutes=-1, reminder_2_minutes=-1, reminder_3_minutes=-1, reminder_1_type=0, reminder_2_type=0, reminder_3_type=0, repeat_limit=0, repetition_exceptions='[]', attendees='', import_id='', time_zone='UTC', flags=0, event_type=1, parent_id=0, last_updated=0, source='imported-ics', availability=0, color=0, type=0, id=-1) not found in the 'after' state.
Completed step 19.
W0813 15:01:41.717921 132979839951936 sqlite_validators.py:168] Expected row CalendarEvent(start_ts=1697461200, end_ts=1697462100, title='Meeting with Dr. Smith', location='', description='We will prepare for team roles. Snacks will be provided.', repeat_interval=0, repeat_rule=0, reminder_1_minutes=-1, reminder_2_minutes=-1, reminder_3_minutes=-1, reminder_1_type=0, reminder_2_type=0, reminder_3_type=0, repeat_limit=0, repetition_exceptions='[]', attendees='', import_id='', time_zone='UTC', flags=0, event_type=1, parent_id=0, last_updated=0, source='imported-ics', availability=0, color=0, type=0, id=-1) not found in the 'after' state.
Completed step 20.
W0813 15:01:50.690414 132979839951936 sqlite_validators.py:168] Expected row CalendarEvent(start_ts=1697461200, end_ts=1697462100, title='Meeting with Dr. Smith', location='', description='We will prepare for team roles. Snacks will be provided.', repeat_interval=0, repeat_rule=0, reminder_1_minutes=-1, reminder_2_minutes=-1, reminder_3_minutes=-1, reminder_1_type=0, reminder_2_type=0, reminder_3_type=0, repeat_limit=0, repetition_exceptions='[]', attendees='', import_id='', time_zone='UTC', flags=0, event_type=1, parent_id=0, last_updated=0, source='imported-ics', availability=0, color=0, type=0, id=-1) not found in the 'after' state.
Completed step 21.
W0813 15:02:02.556128 132979839951936 sqlite_validators.py:168] Expected row CalendarEvent(start_ts=1697461200, end_ts=1697462100, title='Meeting with Dr. Smith', location='', description='We will prepare for team roles. Snacks will be provided.', repeat_interval=0, repeat_rule=0, reminder_1_minutes=-1, reminder_2_minutes=-1, reminder_3_minutes=-1, reminder_1_type=0, reminder_2_type=0, reminder_3_type=0, repeat_limit=0, repetition_exceptions='[]', attendees='', import_id='', time_zone='UTC', flags=0, event_type=1, parent_id=0, last_updated=0, source='imported-ics', availability=0, color=0, type=0, id=-1) not found in the 'after' state.
Completed step 22.
W0813 15:02:11.425467 132979839951936 sqlite_validators.py:168] Expected row CalendarEvent(start_ts=1697461200, end_ts=1697462100, title='Meeting with Dr. Smith', location='', description='We will prepare for team roles. Snacks will be provided.', repeat_interval=0, repeat_rule=0, reminder_1_minutes=-1, reminder_2_minutes=-1, reminder_3_minutes=-1, reminder_1_type=0, reminder_2_type=0, reminder_3_type=0, repeat_limit=0, repetition_exceptions='[]', attendees='', import_id='', time_zone='UTC', flags=0, event_type=1, parent_id=0, last_updated=0, source='imported-ics', availability=0, color=0, type=0, id=-1) not found in the 'after' state.
Completed step 23.
W0813 15:02:21.508731 132979839951936 sqlite_validators.py:168] Expected row CalendarEvent(start_ts=1697461200, end_ts=1697462100, title='Meeting with Dr. Smith', location='', description='We will prepare for team roles. Snacks will be provided.', repeat_interval=0, repeat_rule=0, reminder_1_minutes=-1, reminder_2_minutes=-1, reminder_3_minutes=-1, reminder_1_type=0, reminder_2_type=0, reminder_3_type=0, repeat_limit=0, repetition_exceptions='[]', attendees='', import_id='', time_zone='UTC', flags=0, event_type=1, parent_id=0, last_updated=0, source='imported-ics', availability=0, color=0, type=0, id=-1) not found in the 'after' state.
Completed step 24.
W0813 15:02:32.705710 132979839951936 sqlite_validators.py:168] Expected row CalendarEvent(start_ts=1697461200, end_ts=1697462100, title='Meeting with Dr. Smith', location='', description='We will prepare for team roles. Snacks will be provided.', repeat_interval=0, repeat_rule=0, reminder_1_minutes=-1, reminder_2_minutes=-1, reminder_3_minutes=-1, reminder_1_type=0, reminder_2_type=0, reminder_3_type=0, repeat_limit=0, repetition_exceptions='[]', attendees='', import_id='', time_zone='UTC', flags=0, event_type=1, parent_id=0, last_updated=0, source='imported-ics', availability=0, color=0, type=0, id=-1) not found in the 'after' state.
Completed step 25.
W0813 15:02:43.472257 132979839951936 sqlite_validators.py:168] Expected row CalendarEvent(start_ts=1697461200, end_ts=1697462100, title='Meeting with Dr. Smith', location='', description='We will prepare for team roles. Snacks will be provided.', repeat_interval=0, repeat_rule=0, reminder_1_minutes=-1, reminder_2_minutes=-1, reminder_3_minutes=-1, reminder_1_type=0, reminder_2_type=0, reminder_3_type=0, repeat_limit=0, repetition_exceptions='[]', attendees='', import_id='', time_zone='UTC', flags=0, event_type=1, parent_id=0, last_updated=0, source='imported-ics', availability=0, color=0, type=0, id=-1) not found in the 'after' state.
Completed step 26.
W0813 15:02:53.844532 132979839951936 sqlite_validators.py:168] Expected row CalendarEvent(start_ts=1697461200, end_ts=1697462100, title='Meeting with Dr. Smith', location='', description='We will prepare for team roles. Snacks will be provided.', repeat_interval=0, repeat_rule=0, reminder_1_minutes=-1, reminder_2_minutes=-1, reminder_3_minutes=-1, reminder_1_type=0, reminder_2_type=0, reminder_3_type=0, repeat_limit=0, repetition_exceptions='[]', attendees='', import_id='', time_zone='UTC', flags=0, event_type=1, parent_id=0, last_updated=0, source='imported-ics', availability=0, color=0, type=0, id=-1) not found in the 'after' state.
Completed step 27.
W0813 15:03:03.073302 132979839951936 sqlite_validators.py:168] Expected row CalendarEvent(start_ts=1697461200, end_ts=1697462100, title='Meeting with Dr. Smith', location='', description='We will prepare for team roles. Snacks will be provided.', repeat_interval=0, repeat_rule=0, reminder_1_minutes=-1, reminder_2_minutes=-1, reminder_3_minutes=-1, reminder_1_type=0, reminder_2_type=0, reminder_3_type=0, repeat_limit=0, repetition_exceptions='[]', attendees='', import_id='', time_zone='UTC', flags=0, event_type=1, parent_id=0, last_updated=0, source='imported-ics', availability=0, color=0, type=0, id=-1) not found in the 'after' state.
Completed step 28.
W0813 15:03:15.170463 132979839951936 sqlite_validators.py:168] Expected row CalendarEvent(start_ts=1697461200, end_ts=1697462100, title='Meeting with Dr. Smith', location='', description='We will prepare for team roles. Snacks will be provided.', repeat_interval=0, repeat_rule=0, reminder_1_minutes=-1, reminder_2_minutes=-1, reminder_3_minutes=-1, reminder_1_type=0, reminder_2_type=0, reminder_3_type=0, repeat_limit=0, repetition_exceptions='[]', attendees='', import_id='', time_zone='UTC', flags=0, event_type=1, parent_id=0, last_updated=0, source='imported-ics', availability=0, color=0, type=0, id=-1) not found in the 'after' state.
Completed step 29.
W0813 15:03:24.626602 132979839951936 sqlite_validators.py:168] Expected row CalendarEvent(start_ts=1697461200, end_ts=1697462100, title='Meeting with Dr. Smith', location='', description='We will prepare for team roles. Snacks will be provided.', repeat_interval=0, repeat_rule=0, reminder_1_minutes=-1, reminder_2_minutes=-1, reminder_3_minutes=-1, reminder_1_type=0, reminder_2_type=0, reminder_3_type=0, repeat_limit=0, repetition_exceptions='[]', attendees='', import_id='', time_zone='UTC', flags=0, event_type=1, parent_id=0, last_updated=0, source='imported-ics', availability=0, color=0, type=0, id=-1) not found in the 'after' state.
Completed step 30.
W0813 15:03:32.811091 132979839951936 sqlite_validators.py:168] Expected row CalendarEvent(start_ts=1697461200, end_ts=1697462100, title='Meeting with Dr. Smith', location='', description='We will prepare for team roles. Snacks will be provided.', repeat_interval=0, repeat_rule=0, reminder_1_minutes=-1, reminder_2_minutes=-1, reminder_3_minutes=-1, reminder_1_type=0, reminder_2_type=0, reminder_3_type=0, repeat_limit=0, repetition_exceptions='[]', attendees='', import_id='', time_zone='UTC', flags=0, event_type=1, parent_id=0, last_updated=0, source='imported-ics', availability=0, color=0, type=0, id=-1) not found in the 'after' state.
Completed step 31.
W0813 15:03:46.593926 132979839951936 sqlite_validators.py:168] Expected row CalendarEvent(start_ts=1697461200, end_ts=1697462100, title='Meeting with Dr. Smith', location='', description='We will prepare for team roles. Snacks will be provided.', repeat_interval=0, repeat_rule=0, reminder_1_minutes=-1, reminder_2_minutes=-1, reminder_3_minutes=-1, reminder_1_type=0, reminder_2_type=0, reminder_3_type=0, repeat_limit=0, repetition_exceptions='[]', attendees='', import_id='', time_zone='UTC', flags=0, event_type=1, parent_id=0, last_updated=0, source='imported-ics', availability=0, color=0, type=0, id=-1) not found in the 'after' state.
Completed step 32.
W0813 15:03:56.926224 132979839951936 sqlite_validators.py:168] Expected row CalendarEvent(start_ts=1697461200, end_ts=1697462100, title='Meeting with Dr. Smith', location='', description='We will prepare for team roles. Snacks will be provided.', repeat_interval=0, repeat_rule=0, reminder_1_minutes=-1, reminder_2_minutes=-1, reminder_3_minutes=-1, reminder_1_type=0, reminder_2_type=0, reminder_3_type=0, repeat_limit=0, repetition_exceptions='[]', attendees='', import_id='', time_zone='UTC', flags=0, event_type=1, parent_id=0, last_updated=0, source='imported-ics', availability=0, color=0, type=0, id=-1) not found in the 'after' state.
Completed step 33.
W0813 15:04:05.830246 132979839951936 sqlite_validators.py:168] Expected row CalendarEvent(start_ts=1697461200, end_ts=1697462100, title='Meeting with Dr. Smith', location='', description='We will prepare for team roles. Snacks will be provided.', repeat_interval=0, repeat_rule=0, reminder_1_minutes=-1, reminder_2_minutes=-1, reminder_3_minutes=-1, reminder_1_type=0, reminder_2_type=0, reminder_3_type=0, repeat_limit=0, repetition_exceptions='[]', attendees='', import_id='', time_zone='UTC', flags=0, event_type=1, parent_id=0, last_updated=0, source='imported-ics', availability=0, color=0, type=0, id=-1) not found in the 'after' state.
Completed step 34.
W0813 15:04:14.846518 132979839951936 sqlite_validators.py:168] Expected row CalendarEvent(start_ts=1697461200, end_ts=1697462100, title='Meeting with Dr. Smith', location='', description='We will prepare for team roles. Snacks will be provided.', repeat_interval=0, repeat_rule=0, reminder_1_minutes=-1, reminder_2_minutes=-1, reminder_3_minutes=-1, reminder_1_type=0, reminder_2_type=0, reminder_3_type=0, repeat_limit=0, repetition_exceptions='[]', attendees='', import_id='', time_zone='UTC', flags=0, event_type=1, parent_id=0, last_updated=0, source='imported-ics', availability=0, color=0, type=0, id=-1) not found in the 'after' state.
Agent did not indicate task is done. Reached max number of steps.
W0813 15:04:18.205698 132979839951936 sqlite_validators.py:168] Expected row CalendarEvent(start_ts=1697461200, end_ts=1697462100, title='Meeting with Dr. Smith', location='', description='We will prepare for team roles. Snacks will be provided.', repeat_interval=0, repeat_rule=0, reminder_1_minutes=-1, reminder_2_minutes=-1, reminder_3_minutes=-1, reminder_1_type=0, reminder_2_type=0, reminder_3_type=0, repeat_limit=0, repetition_exceptions='[]', attendees='', import_id='', time_zone='UTC', flags=0, event_type=1, parent_id=0, last_updated=0, source='imported-ics', availability=0, color=0, type=0, id=-1) not found in the 'after' state.
Task Failed ❌;  In Simple Calendar Pro, create a calendar event for tomorrow at 13h with the title 'Meeting with Dr. Smith' and the description 'We will prepare for team roles. Snacks will be provided.'. The event should last for 15 mins.
W0813 15:04:18.422079 132979839951936 task_eval.py:125] Skipping app snapshot loading : Snapshot not found in /data/data/android_world/snapshots/com.simplemobiletools.calendar.pro.


                                       task_num  num_complete_trials  mean_success_rate  mean_episode_length  total_runtime_s  num_fail_trials
task                                                                                                                                          
AudioRecorderRecordAudio                      0                 5.00               0.00                12.00          1079.90             0.00
BrowserDraw                                   1                 5.00               0.00                20.00          2083.10             0.00
CameraTakePhoto                               2                 5.00               0.00                10.00           585.00             0.00
ClockStopWatchPausedVerify                    3                 5.00               0.80                 4.80           419.80             0.00
ClockStopWatchRunning                         4                 5.00               1.00                 3.20           288.80             0.00
ContactsAddContact                            5                 5.00               0.00                12.00           898.40             0.00
ExpenseAddSingle                              6                 5.00               0.00                12.00          1845.30             0.00
FilesDeleteFile                               7                 5.00               0.00                22.00          2613.20             0.00
MarkorCreateFolder                            8                 5.00               0.00                10.00           946.60             0.00
NotesIsTodo                                   9                 5.00               0.00                10.00           595.50             0.00
OpenAppTaskEval                              10                 5.00               1.00                 1.40           124.60             0.00
OsmAndFavorite                               11                 5.00               0.00                13.00           615.40             0.00
RecipeDeleteSingleRecipe                     12                 5.00               0.40                 9.80           848.00             0.00
RecipeDeleteSingleWithRecipeWithNoise        13                 5.00               0.00                20.00          2438.60             0.00
RetroPlayingQueue                            14                 0.00                NaN                  NaN           110.60             5.00
SimpleCalendarAddOneEventTomorrow            15                 4.00               0.00                34.00          1380.10             0.00
========= Average =========                   0                 4.62               0.21                12.95          1054.56             0.31


                         mean_success_rate       
difficulty                            easy medium
tags                                             
complex_ui_understanding                 -    0.0
data_edit                              0.2    0.0
data_entry                             0.0      -
game_playing                           0.0      -
information_retrieval                  0.0      -
parameterized                         0.16    0.0
requires_setup                         0.0      -
screen_reading                         0.0      -
search                                0.13    0.0
untagged                               0.5      -
verification                           0.8      -
W0813 15:04:31.780952 132979839951936 task_eval.py:125] Skipping app snapshot loading : Snapshot not found in /data/data/android_world/snapshots/com.simplemobiletools.calendar.pro.
Running task SimpleCalendarAddOneEventTomorrow with goal "In Simple Calendar Pro, create a calendar event for tomorrow at 7h with the title 'Appointment for Annual Report' and the description 'We will prepare for software updates.'. The event should last for 60 mins."
Completed step 1.
W0813 15:04:45.271011 132979839951936 sqlite_validators.py:168] Expected row CalendarEvent(start_ts=1697439600, end_ts=1697443200, title='Appointment for Annual Report', location='', description='We will prepare for software updates.', repeat_interval=0, repeat_rule=0, reminder_1_minutes=-1, reminder_2_minutes=-1, reminder_3_minutes=-1, reminder_1_type=0, reminder_2_type=0, reminder_3_type=0, repeat_limit=0, repetition_exceptions='[]', attendees='', import_id='', time_zone='UTC', flags=0, event_type=1, parent_id=0, last_updated=0, source='imported-ics', availability=0, color=0, type=0, id=-1) not found in the 'after' state.
Completed step 2.
W0813 15:04:57.278311 132979839951936 sqlite_validators.py:168] Expected row CalendarEvent(start_ts=1697439600, end_ts=1697443200, title='Appointment for Annual Report', location='', description='We will prepare for software updates.', repeat_interval=0, repeat_rule=0, reminder_1_minutes=-1, reminder_2_minutes=-1, reminder_3_minutes=-1, reminder_1_type=0, reminder_2_type=0, reminder_3_type=0, repeat_limit=0, repetition_exceptions='[]', attendees='', import_id='', time_zone='UTC', flags=0, event_type=1, parent_id=0, last_updated=0, source='imported-ics', availability=0, color=0, type=0, id=-1) not found in the 'after' state.
Completed step 3.
W0813 15:05:06.294939 132979839951936 sqlite_validators.py:168] Expected row CalendarEvent(start_ts=1697439600, end_ts=1697443200, title='Appointment for Annual Report', location='', description='We will prepare for software updates.', repeat_interval=0, repeat_rule=0, reminder_1_minutes=-1, reminder_2_minutes=-1, reminder_3_minutes=-1, reminder_1_type=0, reminder_2_type=0, reminder_3_type=0, repeat_limit=0, repetition_exceptions='[]', attendees='', import_id='', time_zone='UTC', flags=0, event_type=1, parent_id=0, last_updated=0, source='imported-ics', availability=0, color=0, type=0, id=-1) not found in the 'after' state.
Completed step 4.
W0813 15:05:15.343136 132979839951936 sqlite_validators.py:168] Expected row CalendarEvent(start_ts=1697439600, end_ts=1697443200, title='Appointment for Annual Report', location='', description='We will prepare for software updates.', repeat_interval=0, repeat_rule=0, reminder_1_minutes=-1, reminder_2_minutes=-1, reminder_3_minutes=-1, reminder_1_type=0, reminder_2_type=0, reminder_3_type=0, repeat_limit=0, repetition_exceptions='[]', attendees='', import_id='', time_zone='UTC', flags=0, event_type=1, parent_id=0, last_updated=0, source='imported-ics', availability=0, color=0, type=0, id=-1) not found in the 'after' state.
Completed step 5.
W0813 15:05:24.306260 132979839951936 sqlite_validators.py:168] Expected row CalendarEvent(start_ts=1697439600, end_ts=1697443200, title='Appointment for Annual Report', location='', description='We will prepare for software updates.', repeat_interval=0, repeat_rule=0, reminder_1_minutes=-1, reminder_2_minutes=-1, reminder_3_minutes=-1, reminder_1_type=0, reminder_2_type=0, reminder_3_type=0, repeat_limit=0, repetition_exceptions='[]', attendees='', import_id='', time_zone='UTC', flags=0, event_type=1, parent_id=0, last_updated=0, source='imported-ics', availability=0, color=0, type=0, id=-1) not found in the 'after' state.
Completed step 6.
W0813 15:05:36.357205 132979839951936 sqlite_validators.py:168] Expected row CalendarEvent(start_ts=1697439600, end_ts=1697443200, title='Appointment for Annual Report', location='', description='We will prepare for software updates.', repeat_interval=0, repeat_rule=0, reminder_1_minutes=-1, reminder_2_minutes=-1, reminder_3_minutes=-1, reminder_1_type=0, reminder_2_type=0, reminder_3_type=0, repeat_limit=0, repetition_exceptions='[]', attendees='', import_id='', time_zone='UTC', flags=0, event_type=1, parent_id=0, last_updated=0, source='imported-ics', availability=0, color=0, type=0, id=-1) not found in the 'after' state.
Completed step 7.
W0813 15:05:45.525044 132979839951936 sqlite_validators.py:168] Expected row CalendarEvent(start_ts=1697439600, end_ts=1697443200, title='Appointment for Annual Report', location='', description='We will prepare for software updates.', repeat_interval=0, repeat_rule=0, reminder_1_minutes=-1, reminder_2_minutes=-1, reminder_3_minutes=-1, reminder_1_type=0, reminder_2_type=0, reminder_3_type=0, repeat_limit=0, repetition_exceptions='[]', attendees='', import_id='', time_zone='UTC', flags=0, event_type=1, parent_id=0, last_updated=0, source='imported-ics', availability=0, color=0, type=0, id=-1) not found in the 'after' state.
Completed step 8.
W0813 15:05:54.457417 132979839951936 sqlite_validators.py:168] Expected row CalendarEvent(start_ts=1697439600, end_ts=1697443200, title='Appointment for Annual Report', location='', description='We will prepare for software updates.', repeat_interval=0, repeat_rule=0, reminder_1_minutes=-1, reminder_2_minutes=-1, reminder_3_minutes=-1, reminder_1_type=0, reminder_2_type=0, reminder_3_type=0, repeat_limit=0, repetition_exceptions='[]', attendees='', import_id='', time_zone='UTC', flags=0, event_type=1, parent_id=0, last_updated=0, source='imported-ics', availability=0, color=0, type=0, id=-1) not found in the 'after' state.
Completed step 9.
W0813 15:06:06.321756 132979839951936 sqlite_validators.py:168] Expected row CalendarEvent(start_ts=1697439600, end_ts=1697443200, title='Appointment for Annual Report', location='', description='We will prepare for software updates.', repeat_interval=0, repeat_rule=0, reminder_1_minutes=-1, reminder_2_minutes=-1, reminder_3_minutes=-1, reminder_1_type=0, reminder_2_type=0, reminder_3_type=0, repeat_limit=0, repetition_exceptions='[]', attendees='', import_id='', time_zone='UTC', flags=0, event_type=1, parent_id=0, last_updated=0, source='imported-ics', availability=0, color=0, type=0, id=-1) not found in the 'after' state.
Completed step 10.
W0813 15:06:15.257955 132979839951936 sqlite_validators.py:168] Expected row CalendarEvent(start_ts=1697439600, end_ts=1697443200, title='Appointment for Annual Report', location='', description='We will prepare for software updates.', repeat_interval=0, repeat_rule=0, reminder_1_minutes=-1, reminder_2_minutes=-1, reminder_3_minutes=-1, reminder_1_type=0, reminder_2_type=0, reminder_3_type=0, repeat_limit=0, repetition_exceptions='[]', attendees='', import_id='', time_zone='UTC', flags=0, event_type=1, parent_id=0, last_updated=0, source='imported-ics', availability=0, color=0, type=0, id=-1) not found in the 'after' state.
Completed step 11.
W0813 15:06:24.289430 132979839951936 sqlite_validators.py:168] Expected row CalendarEvent(start_ts=1697439600, end_ts=1697443200, title='Appointment for Annual Report', location='', description='We will prepare for software updates.', repeat_interval=0, repeat_rule=0, reminder_1_minutes=-1, reminder_2_minutes=-1, reminder_3_minutes=-1, reminder_1_type=0, reminder_2_type=0, reminder_3_type=0, repeat_limit=0, repetition_exceptions='[]', attendees='', import_id='', time_zone='UTC', flags=0, event_type=1, parent_id=0, last_updated=0, source='imported-ics', availability=0, color=0, type=0, id=-1) not found in the 'after' state.
Completed step 12.
W0813 15:06:33.494753 132979839951936 sqlite_validators.py:168] Expected row CalendarEvent(start_ts=1697439600, end_ts=1697443200, title='Appointment for Annual Report', location='', description='We will prepare for software updates.', repeat_interval=0, repeat_rule=0, reminder_1_minutes=-1, reminder_2_minutes=-1, reminder_3_minutes=-1, reminder_1_type=0, reminder_2_type=0, reminder_3_type=0, repeat_limit=0, repetition_exceptions='[]', attendees='', import_id='', time_zone='UTC', flags=0, event_type=1, parent_id=0, last_updated=0, source='imported-ics', availability=0, color=0, type=0, id=-1) not found in the 'after' state.
Completed step 13.
W0813 15:06:45.389429 132979839951936 sqlite_validators.py:168] Expected row CalendarEvent(start_ts=1697439600, end_ts=1697443200, title='Appointment for Annual Report', location='', description='We will prepare for software updates.', repeat_interval=0, repeat_rule=0, reminder_1_minutes=-1, reminder_2_minutes=-1, reminder_3_minutes=-1, reminder_1_type=0, reminder_2_type=0, reminder_3_type=0, repeat_limit=0, repetition_exceptions='[]', attendees='', import_id='', time_zone='UTC', flags=0, event_type=1, parent_id=0, last_updated=0, source='imported-ics', availability=0, color=0, type=0, id=-1) not found in the 'after' state.
Completed step 14.
W0813 15:06:54.285815 132979839951936 sqlite_validators.py:168] Expected row CalendarEvent(start_ts=1697439600, end_ts=1697443200, title='Appointment for Annual Report', location='', description='We will prepare for software updates.', repeat_interval=0, repeat_rule=0, reminder_1_minutes=-1, reminder_2_minutes=-1, reminder_3_minutes=-1, reminder_1_type=0, reminder_2_type=0, reminder_3_type=0, repeat_limit=0, repetition_exceptions='[]', attendees='', import_id='', time_zone='UTC', flags=0, event_type=1, parent_id=0, last_updated=0, source='imported-ics', availability=0, color=0, type=0, id=-1) not found in the 'after' state.
Completed step 15.
W0813 15:07:03.813541 132979839951936 sqlite_validators.py:168] Expected row CalendarEvent(start_ts=1697439600, end_ts=1697443200, title='Appointment for Annual Report', location='', description='We will prepare for software updates.', repeat_interval=0, repeat_rule=0, reminder_1_minutes=-1, reminder_2_minutes=-1, reminder_3_minutes=-1, reminder_1_type=0, reminder_2_type=0, reminder_3_type=0, repeat_limit=0, repetition_exceptions='[]', attendees='', import_id='', time_zone='UTC', flags=0, event_type=1, parent_id=0, last_updated=0, source='imported-ics', availability=0, color=0, type=0, id=-1) not found in the 'after' state.
Completed step 16.
W0813 15:07:15.711978 132979839951936 sqlite_validators.py:168] Expected row CalendarEvent(start_ts=1697439600, end_ts=1697443200, title='Appointment for Annual Report', location='', description='We will prepare for software updates.', repeat_interval=0, repeat_rule=0, reminder_1_minutes=-1, reminder_2_minutes=-1, reminder_3_minutes=-1, reminder_1_type=0, reminder_2_type=0, reminder_3_type=0, repeat_limit=0, repetition_exceptions='[]', attendees='', import_id='', time_zone='UTC', flags=0, event_type=1, parent_id=0, last_updated=0, source='imported-ics', availability=0, color=0, type=0, id=-1) not found in the 'after' state.
Completed step 17.
W0813 15:07:24.652585 132979839951936 sqlite_validators.py:168] Expected row CalendarEvent(start_ts=1697439600, end_ts=1697443200, title='Appointment for Annual Report', location='', description='We will prepare for software updates.', repeat_interval=0, repeat_rule=0, reminder_1_minutes=-1, reminder_2_minutes=-1, reminder_3_minutes=-1, reminder_1_type=0, reminder_2_type=0, reminder_3_type=0, repeat_limit=0, repetition_exceptions='[]', attendees='', import_id='', time_zone='UTC', flags=0, event_type=1, parent_id=0, last_updated=0, source='imported-ics', availability=0, color=0, type=0, id=-1) not found in the 'after' state.
Completed step 18.
W0813 15:07:33.666915 132979839951936 sqlite_validators.py:168] Expected row CalendarEvent(start_ts=1697439600, end_ts=1697443200, title='Appointment for Annual Report', location='', description='We will prepare for software updates.', repeat_interval=0, repeat_rule=0, reminder_1_minutes=-1, reminder_2_minutes=-1, reminder_3_minutes=-1, reminder_1_type=0, reminder_2_type=0, reminder_3_type=0, repeat_limit=0, repetition_exceptions='[]', attendees='', import_id='', time_zone='UTC', flags=0, event_type=1, parent_id=0, last_updated=0, source='imported-ics', availability=0, color=0, type=0, id=-1) not found in the 'after' state.
Completed step 19.
W0813 15:07:42.541405 132979839951936 sqlite_validators.py:168] Expected row CalendarEvent(start_ts=1697439600, end_ts=1697443200, title='Appointment for Annual Report', location='', description='We will prepare for software updates.', repeat_interval=0, repeat_rule=0, reminder_1_minutes=-1, reminder_2_minutes=-1, reminder_3_minutes=-1, reminder_1_type=0, reminder_2_type=0, reminder_3_type=0, repeat_limit=0, repetition_exceptions='[]', attendees='', import_id='', time_zone='UTC', flags=0, event_type=1, parent_id=0, last_updated=0, source='imported-ics', availability=0, color=0, type=0, id=-1) not found in the 'after' state.
Completed step 20.
W0813 15:07:54.377469 132979839951936 sqlite_validators.py:168] Expected row CalendarEvent(start_ts=1697439600, end_ts=1697443200, title='Appointment for Annual Report', location='', description='We will prepare for software updates.', repeat_interval=0, repeat_rule=0, reminder_1_minutes=-1, reminder_2_minutes=-1, reminder_3_minutes=-1, reminder_1_type=0, reminder_2_type=0, reminder_3_type=0, repeat_limit=0, repetition_exceptions='[]', attendees='', import_id='', time_zone='UTC', flags=0, event_type=1, parent_id=0, last_updated=0, source='imported-ics', availability=0, color=0, type=0, id=-1) not found in the 'after' state.
Completed step 21.
W0813 15:08:02.953664 132979839951936 sqlite_validators.py:168] Expected row CalendarEvent(start_ts=1697439600, end_ts=1697443200, title='Appointment for Annual Report', location='', description='We will prepare for software updates.', repeat_interval=0, repeat_rule=0, reminder_1_minutes=-1, reminder_2_minutes=-1, reminder_3_minutes=-1, reminder_1_type=0, reminder_2_type=0, reminder_3_type=0, repeat_limit=0, repetition_exceptions='[]', attendees='', import_id='', time_zone='UTC', flags=0, event_type=1, parent_id=0, last_updated=0, source='imported-ics', availability=0, color=0, type=0, id=-1) not found in the 'after' state.
Completed step 22.
W0813 15:08:11.581499 132979839951936 sqlite_validators.py:168] Expected row CalendarEvent(start_ts=1697439600, end_ts=1697443200, title='Appointment for Annual Report', location='', description='We will prepare for software updates.', repeat_interval=0, repeat_rule=0, reminder_1_minutes=-1, reminder_2_minutes=-1, reminder_3_minutes=-1, reminder_1_type=0, reminder_2_type=0, reminder_3_type=0, repeat_limit=0, repetition_exceptions='[]', attendees='', import_id='', time_zone='UTC', flags=0, event_type=1, parent_id=0, last_updated=0, source='imported-ics', availability=0, color=0, type=0, id=-1) not found in the 'after' state.
Completed step 23.
W0813 15:08:20.643523 132979839951936 sqlite_validators.py:168] Expected row CalendarEvent(start_ts=1697439600, end_ts=1697443200, title='Appointment for Annual Report', location='', description='We will prepare for software updates.', repeat_interval=0, repeat_rule=0, reminder_1_minutes=-1, reminder_2_minutes=-1, reminder_3_minutes=-1, reminder_1_type=0, reminder_2_type=0, reminder_3_type=0, repeat_limit=0, repetition_exceptions='[]', attendees='', import_id='', time_zone='UTC', flags=0, event_type=1, parent_id=0, last_updated=0, source='imported-ics', availability=0, color=0, type=0, id=-1) not found in the 'after' state.
Completed step 24.
W0813 15:08:32.522197 132979839951936 sqlite_validators.py:168] Expected row CalendarEvent(start_ts=1697439600, end_ts=1697443200, title='Appointment for Annual Report', location='', description='We will prepare for software updates.', repeat_interval=0, repeat_rule=0, reminder_1_minutes=-1, reminder_2_minutes=-1, reminder_3_minutes=-1, reminder_1_type=0, reminder_2_type=0, reminder_3_type=0, repeat_limit=0, repetition_exceptions='[]', attendees='', import_id='', time_zone='UTC', flags=0, event_type=1, parent_id=0, last_updated=0, source='imported-ics', availability=0, color=0, type=0, id=-1) not found in the 'after' state.
Completed step 25.
W0813 15:08:41.393813 132979839951936 sqlite_validators.py:168] Expected row CalendarEvent(start_ts=1697439600, end_ts=1697443200, title='Appointment for Annual Report', location='', description='We will prepare for software updates.', repeat_interval=0, repeat_rule=0, reminder_1_minutes=-1, reminder_2_minutes=-1, reminder_3_minutes=-1, reminder_1_type=0, reminder_2_type=0, reminder_3_type=0, repeat_limit=0, repetition_exceptions='[]', attendees='', import_id='', time_zone='UTC', flags=0, event_type=1, parent_id=0, last_updated=0, source='imported-ics', availability=0, color=0, type=0, id=-1) not found in the 'after' state.
Completed step 26.
W0813 15:08:50.459683 132979839951936 sqlite_validators.py:168] Expected row CalendarEvent(start_ts=1697439600, end_ts=1697443200, title='Appointment for Annual Report', location='', description='We will prepare for software updates.', repeat_interval=0, repeat_rule=0, reminder_1_minutes=-1, reminder_2_minutes=-1, reminder_3_minutes=-1, reminder_1_type=0, reminder_2_type=0, reminder_3_type=0, repeat_limit=0, repetition_exceptions='[]', attendees='', import_id='', time_zone='UTC', flags=0, event_type=1, parent_id=0, last_updated=0, source='imported-ics', availability=0, color=0, type=0, id=-1) not found in the 'after' state.
Completed step 27.
W0813 15:09:02.313149 132979839951936 sqlite_validators.py:168] Expected row CalendarEvent(start_ts=1697439600, end_ts=1697443200, title='Appointment for Annual Report', location='', description='We will prepare for software updates.', repeat_interval=0, repeat_rule=0, reminder_1_minutes=-1, reminder_2_minutes=-1, reminder_3_minutes=-1, reminder_1_type=0, reminder_2_type=0, reminder_3_type=0, repeat_limit=0, repetition_exceptions='[]', attendees='', import_id='', time_zone='UTC', flags=0, event_type=1, parent_id=0, last_updated=0, source='imported-ics', availability=0, color=0, type=0, id=-1) not found in the 'after' state.
Completed step 28.
W0813 15:09:11.283049 132979839951936 sqlite_validators.py:168] Expected row CalendarEvent(start_ts=1697439600, end_ts=1697443200, title='Appointment for Annual Report', location='', description='We will prepare for software updates.', repeat_interval=0, repeat_rule=0, reminder_1_minutes=-1, reminder_2_minutes=-1, reminder_3_minutes=-1, reminder_1_type=0, reminder_2_type=0, reminder_3_type=0, repeat_limit=0, repetition_exceptions='[]', attendees='', import_id='', time_zone='UTC', flags=0, event_type=1, parent_id=0, last_updated=0, source='imported-ics', availability=0, color=0, type=0, id=-1) not found in the 'after' state.
Completed step 29.
W0813 15:09:20.191456 132979839951936 sqlite_validators.py:168] Expected row CalendarEvent(start_ts=1697439600, end_ts=1697443200, title='Appointment for Annual Report', location='', description='We will prepare for software updates.', repeat_interval=0, repeat_rule=0, reminder_1_minutes=-1, reminder_2_minutes=-1, reminder_3_minutes=-1, reminder_1_type=0, reminder_2_type=0, reminder_3_type=0, repeat_limit=0, repetition_exceptions='[]', attendees='', import_id='', time_zone='UTC', flags=0, event_type=1, parent_id=0, last_updated=0, source='imported-ics', availability=0, color=0, type=0, id=-1) not found in the 'after' state.
Completed step 30.
W0813 15:09:29.173978 132979839951936 sqlite_validators.py:168] Expected row CalendarEvent(start_ts=1697439600, end_ts=1697443200, title='Appointment for Annual Report', location='', description='We will prepare for software updates.', repeat_interval=0, repeat_rule=0, reminder_1_minutes=-1, reminder_2_minutes=-1, reminder_3_minutes=-1, reminder_1_type=0, reminder_2_type=0, reminder_3_type=0, repeat_limit=0, repetition_exceptions='[]', attendees='', import_id='', time_zone='UTC', flags=0, event_type=1, parent_id=0, last_updated=0, source='imported-ics', availability=0, color=0, type=0, id=-1) not found in the 'after' state.
Completed step 31.
W0813 15:09:41.007759 132979839951936 sqlite_validators.py:168] Expected row CalendarEvent(start_ts=1697439600, end_ts=1697443200, title='Appointment for Annual Report', location='', description='We will prepare for software updates.', repeat_interval=0, repeat_rule=0, reminder_1_minutes=-1, reminder_2_minutes=-1, reminder_3_minutes=-1, reminder_1_type=0, reminder_2_type=0, reminder_3_type=0, repeat_limit=0, repetition_exceptions='[]', attendees='', import_id='', time_zone='UTC', flags=0, event_type=1, parent_id=0, last_updated=0, source='imported-ics', availability=0, color=0, type=0, id=-1) not found in the 'after' state.
Completed step 32.
W0813 15:09:50.269226 132979839951936 sqlite_validators.py:168] Expected row CalendarEvent(start_ts=1697439600, end_ts=1697443200, title='Appointment for Annual Report', location='', description='We will prepare for software updates.', repeat_interval=0, repeat_rule=0, reminder_1_minutes=-1, reminder_2_minutes=-1, reminder_3_minutes=-1, reminder_1_type=0, reminder_2_type=0, reminder_3_type=0, repeat_limit=0, repetition_exceptions='[]', attendees='', import_id='', time_zone='UTC', flags=0, event_type=1, parent_id=0, last_updated=0, source='imported-ics', availability=0, color=0, type=0, id=-1) not found in the 'after' state.
Completed step 33.
W0813 15:09:59.263093 132979839951936 sqlite_validators.py:168] Expected row CalendarEvent(start_ts=1697439600, end_ts=1697443200, title='Appointment for Annual Report', location='', description='We will prepare for software updates.', repeat_interval=0, repeat_rule=0, reminder_1_minutes=-1, reminder_2_minutes=-1, reminder_3_minutes=-1, reminder_1_type=0, reminder_2_type=0, reminder_3_type=0, repeat_limit=0, repetition_exceptions='[]', attendees='', import_id='', time_zone='UTC', flags=0, event_type=1, parent_id=0, last_updated=0, source='imported-ics', availability=0, color=0, type=0, id=-1) not found in the 'after' state.
Completed step 34.
W0813 15:10:11.136275 132979839951936 sqlite_validators.py:168] Expected row CalendarEvent(start_ts=1697439600, end_ts=1697443200, title='Appointment for Annual Report', location='', description='We will prepare for software updates.', repeat_interval=0, repeat_rule=0, reminder_1_minutes=-1, reminder_2_minutes=-1, reminder_3_minutes=-1, reminder_1_type=0, reminder_2_type=0, reminder_3_type=0, repeat_limit=0, repetition_exceptions='[]', attendees='', import_id='', time_zone='UTC', flags=0, event_type=1, parent_id=0, last_updated=0, source='imported-ics', availability=0, color=0, type=0, id=-1) not found in the 'after' state.
Agent did not indicate task is done. Reached max number of steps.
W0813 15:10:11.588976 132979839951936 sqlite_validators.py:168] Expected row CalendarEvent(start_ts=1697439600, end_ts=1697443200, title='Appointment for Annual Report', location='', description='We will prepare for software updates.', repeat_interval=0, repeat_rule=0, reminder_1_minutes=-1, reminder_2_minutes=-1, reminder_3_minutes=-1, reminder_1_type=0, reminder_2_type=0, reminder_3_type=0, repeat_limit=0, repetition_exceptions='[]', attendees='', import_id='', time_zone='UTC', flags=0, event_type=1, parent_id=0, last_updated=0, source='imported-ics', availability=0, color=0, type=0, id=-1) not found in the 'after' state.
Task Failed ❌;  In Simple Calendar Pro, create a calendar event for tomorrow at 7h with the title 'Appointment for Annual Report' and the description 'We will prepare for software updates.'. The event should last for 60 mins.
W0813 15:10:11.773603 132979839951936 task_eval.py:125] Skipping app snapshot loading : Snapshot not found in /data/data/android_world/snapshots/com.simplemobiletools.calendar.pro.


                                       task_num  num_complete_trials  mean_success_rate  mean_episode_length  total_runtime_s  num_fail_trials
task                                                                                                                                          
AudioRecorderRecordAudio                      0                 5.00               0.00                12.00          1079.90             0.00
BrowserDraw                                   1                 5.00               0.00                20.00          2083.10             0.00
CameraTakePhoto                               2                 5.00               0.00                10.00           585.00             0.00
ClockStopWatchPausedVerify                    3                 5.00               0.80                 4.80           419.80             0.00
ClockStopWatchRunning                         4                 5.00               1.00                 3.20           288.80             0.00
ContactsAddContact                            5                 5.00               0.00                12.00           898.40             0.00
ExpenseAddSingle                              6                 5.00               0.00                12.00          1845.30             0.00
FilesDeleteFile                               7                 5.00               0.00                22.00          2613.20             0.00
MarkorCreateFolder                            8                 5.00               0.00                10.00           946.60             0.00
NotesIsTodo                                   9                 5.00               0.00                10.00           595.50             0.00
OpenAppTaskEval                              10                 5.00               1.00                 1.40           124.60             0.00
OsmAndFavorite                               11                 5.00               0.00                13.00           615.40             0.00
RecipeDeleteSingleRecipe                     12                 5.00               0.40                 9.80           848.00             0.00
RecipeDeleteSingleWithRecipeWithNoise        13                 5.00               0.00                20.00          2438.60             0.00
RetroPlayingQueue                            14                 0.00                NaN                  NaN           110.60             5.00
SimpleCalendarAddOneEventTomorrow            15                 5.00               0.00                34.00          1722.80             0.00
========= Average =========                   0                 4.69               0.21                12.95          1075.98             0.31


                         mean_success_rate       
difficulty                            easy medium
tags                                             
complex_ui_understanding                 -    0.0
data_edit                              0.2    0.0
data_entry                             0.0      -
game_playing                           0.0      -
information_retrieval                  0.0      -
parameterized                         0.16    0.0
requires_setup                         0.0      -
screen_reading                         0.0      -
search                                0.13    0.0
untagged                               0.5      -
verification                           0.8      -

Running task: SimpleDrawProCreateDrawing
========================================
W0813 15:10:23.113616 132979839951936 task_eval.py:125] Skipping app snapshot loading : Snapshot not found in /data/data/android_world/snapshots/com.simplemobiletools.draw.pro.
Running task SimpleDrawProCreateDrawing with goal "Create a new drawing in Simple Draw Pro. Name it adipiscing_fair_jelly_final.png. Save it in the Pictures folder within the sdk_gphone_x86_64 storage area."
Completed step 1.
Completed step 2.
Completed step 3.
Completed step 4.
Completed step 5.
Completed step 6.
Completed step 7.
Completed step 8.
Completed step 9.
Completed step 10.
Completed step 11.
Completed step 12.
Completed step 13.
Completed step 14.
Completed step 15.
Completed step 16.
Completed step 17.
Completed step 18.
Agent did not indicate task is done. Reached max number of steps.
Task Failed ❌;  Create a new drawing in Simple Draw Pro. Name it adipiscing_fair_jelly_final.png. Save it in the Pictures folder within the sdk_gphone_x86_64 storage area.
W0813 15:13:22.729310 132979839951936 task_eval.py:125] Skipping app snapshot loading : Snapshot not found in /data/data/android_world/snapshots/com.simplemobiletools.draw.pro.


                                       task_num  num_complete_trials  mean_success_rate  mean_episode_length  total_runtime_s  num_fail_trials
task                                                                                                                                          
AudioRecorderRecordAudio                      0                 5.00                0.0                12.00          1079.90             0.00
BrowserDraw                                   1                 5.00                0.0                20.00          2083.10             0.00
CameraTakePhoto                               2                 5.00                0.0                10.00           585.00             0.00
ClockStopWatchPausedVerify                    3                 5.00                0.8                 4.80           419.80             0.00
ClockStopWatchRunning                         4                 5.00                1.0                 3.20           288.80             0.00
ContactsAddContact                            5                 5.00                0.0                12.00           898.40             0.00
ExpenseAddSingle                              6                 5.00                0.0                12.00          1845.30             0.00
FilesDeleteFile                               7                 5.00                0.0                22.00          2613.20             0.00
MarkorCreateFolder                            8                 5.00                0.0                10.00           946.60             0.00
NotesIsTodo                                   9                 5.00                0.0                10.00           595.50             0.00
OpenAppTaskEval                              10                 5.00                1.0                 1.40           124.60             0.00
OsmAndFavorite                               11                 5.00                0.0                13.00           615.40             0.00
RecipeDeleteSingleRecipe                     12                 5.00                0.4                 9.80           848.00             0.00
RecipeDeleteSingleWithRecipeWithNoise        13                 5.00                0.0                20.00          2438.60             0.00
RetroPlayingQueue                            14                 0.00                NaN                  NaN           110.60             5.00
SimpleCalendarAddOneEventTomorrow            15                 5.00                0.0                34.00          1722.80             0.00
SimpleDrawProCreateDrawing                   16                 1.00                0.0                18.00           180.40             0.00
========= Average =========                   0                 4.47                0.2                13.26          1023.29             0.29


                         mean_success_rate       
difficulty                            easy medium
tags                                             
complex_ui_understanding                 -    0.0
data_edit                              0.2    0.0
data_entry                             0.0      -
game_playing                           0.0      -
information_retrieval                  0.0      -
parameterized                         0.14    0.0
requires_setup                         0.0      -
screen_reading                         0.0      -
search                                0.13    0.0
untagged                               0.5      -
verification                           0.8      -
W0813 15:13:29.960325 132979839951936 task_eval.py:125] Skipping app snapshot loading : Snapshot not found in /data/data/android_world/snapshots/com.simplemobiletools.draw.pro.
Running task SimpleDrawProCreateDrawing with goal "Create a new drawing in Simple Draw Pro. Name it amet_tough_mouse_YjdS.svg. Save it in the Pictures folder within the sdk_gphone_x86_64 storage area."
Completed step 1.
Completed step 2.
Completed step 3.
Completed step 4.
Completed step 5.
Completed step 6.
Completed step 7.
Completed step 8.
Completed step 9.
Completed step 10.
Completed step 11.
Completed step 12.
Completed step 13.
Completed step 14.
Completed step 15.
Completed step 16.
Completed step 17.
Completed step 18.
Agent did not indicate task is done. Reached max number of steps.
Task Failed ❌;  Create a new drawing in Simple Draw Pro. Name it amet_tough_mouse_YjdS.svg. Save it in the Pictures folder within the sdk_gphone_x86_64 storage area.
W0813 15:16:23.790473 132979839951936 task_eval.py:125] Skipping app snapshot loading : Snapshot not found in /data/data/android_world/snapshots/com.simplemobiletools.draw.pro.


                                       task_num  num_complete_trials  mean_success_rate  mean_episode_length  total_runtime_s  num_fail_trials
task                                                                                                                                          
AudioRecorderRecordAudio                      0                 5.00                0.0                12.00          1079.90             0.00
BrowserDraw                                   1                 5.00                0.0                20.00          2083.10             0.00
CameraTakePhoto                               2                 5.00                0.0                10.00           585.00             0.00
ClockStopWatchPausedVerify                    3                 5.00                0.8                 4.80           419.80             0.00
ClockStopWatchRunning                         4                 5.00                1.0                 3.20           288.80             0.00
ContactsAddContact                            5                 5.00                0.0                12.00           898.40             0.00
ExpenseAddSingle                              6                 5.00                0.0                12.00          1845.30             0.00
FilesDeleteFile                               7                 5.00                0.0                22.00          2613.20             0.00
MarkorCreateFolder                            8                 5.00                0.0                10.00           946.60             0.00
NotesIsTodo                                   9                 5.00                0.0                10.00           595.50             0.00
OpenAppTaskEval                              10                 5.00                1.0                 1.40           124.60             0.00
OsmAndFavorite                               11                 5.00                0.0                13.00           615.40             0.00
RecipeDeleteSingleRecipe                     12                 5.00                0.4                 9.80           848.00             0.00
RecipeDeleteSingleWithRecipeWithNoise        13                 5.00                0.0                20.00          2438.60             0.00
RetroPlayingQueue                            14                 0.00                NaN                  NaN           110.60             5.00
SimpleCalendarAddOneEventTomorrow            15                 5.00                0.0                34.00          1722.80             0.00
SimpleDrawProCreateDrawing                   16                 2.00                0.0                18.00           355.00             0.00
========= Average =========                   0                 4.53                0.2                13.26          1033.56             0.29


                         mean_success_rate       
difficulty                            easy medium
tags                                             
complex_ui_understanding                 -    0.0
data_edit                              0.2    0.0
data_entry                             0.0      -
game_playing                           0.0      -
information_retrieval                  0.0      -
parameterized                         0.14    0.0
requires_setup                         0.0      -
screen_reading                         0.0      -
search                                0.13    0.0
untagged                               0.5      -
verification                           0.8      -
W0813 15:16:31.205611 132979839951936 task_eval.py:125] Skipping app snapshot loading : Snapshot not found in /data/data/android_world/snapshots/com.simplemobiletools.draw.pro.
Running task SimpleDrawProCreateDrawing with goal "Create a new drawing in Simple Draw Pro. Name it consectetur_aKj4_pretty_pig.jpg. Save it in the Pictures folder within the sdk_gphone_x86_64 storage area."
Completed step 1.
Completed step 2.
Completed step 3.
Completed step 4.
Completed step 5.
Completed step 6.
Completed step 7.
Completed step 8.
Completed step 9.
Completed step 10.
Completed step 11.
Completed step 12.
Completed step 13.
Completed step 14.
Completed step 15.
Completed step 16.
Completed step 17.
Completed step 18.
Agent did not indicate task is done. Reached max number of steps.
Task Failed ❌;  Create a new drawing in Simple Draw Pro. Name it consectetur_aKj4_pretty_pig.jpg. Save it in the Pictures folder within the sdk_gphone_x86_64 storage area.
W0813 15:19:27.716392 132979839951936 task_eval.py:125] Skipping app snapshot loading : Snapshot not found in /data/data/android_world/snapshots/com.simplemobiletools.draw.pro.


                                       task_num  num_complete_trials  mean_success_rate  mean_episode_length  total_runtime_s  num_fail_trials
task                                                                                                                                          
AudioRecorderRecordAudio                      0                 5.00                0.0                12.00          1079.90             0.00
BrowserDraw                                   1                 5.00                0.0                20.00          2083.10             0.00
CameraTakePhoto                               2                 5.00                0.0                10.00           585.00             0.00
ClockStopWatchPausedVerify                    3                 5.00                0.8                 4.80           419.80             0.00
ClockStopWatchRunning                         4                 5.00                1.0                 3.20           288.80             0.00
ContactsAddContact                            5                 5.00                0.0                12.00           898.40             0.00
ExpenseAddSingle                              6                 5.00                0.0                12.00          1845.30             0.00
FilesDeleteFile                               7                 5.00                0.0                22.00          2613.20             0.00
MarkorCreateFolder                            8                 5.00                0.0                10.00           946.60             0.00
NotesIsTodo                                   9                 5.00                0.0                10.00           595.50             0.00
OpenAppTaskEval                              10                 5.00                1.0                 1.40           124.60             0.00
OsmAndFavorite                               11                 5.00                0.0                13.00           615.40             0.00
RecipeDeleteSingleRecipe                     12                 5.00                0.4                 9.80           848.00             0.00
RecipeDeleteSingleWithRecipeWithNoise        13                 5.00                0.0                20.00          2438.60             0.00
RetroPlayingQueue                            14                 0.00                NaN                  NaN           110.60             5.00
SimpleCalendarAddOneEventTomorrow            15                 5.00                0.0                34.00          1722.80             0.00
SimpleDrawProCreateDrawing                   16                 3.00                0.0                18.00           532.20             0.00
========= Average =========                   0                 4.59                0.2                13.26          1043.99             0.29


                         mean_success_rate       
difficulty                            easy medium
tags                                             
complex_ui_understanding                 -    0.0
data_edit                              0.2    0.0
data_entry                             0.0      -
game_playing                           0.0      -
information_retrieval                  0.0      -
parameterized                         0.14    0.0
requires_setup                         0.0      -
screen_reading                         0.0      -
search                                0.13    0.0
untagged                               0.5      -
verification                           0.8      -
W0813 15:19:37.841600 132979839951936 task_eval.py:125] Skipping app snapshot loading : Snapshot not found in /data/data/android_world/snapshots/com.simplemobiletools.draw.pro.
Running task SimpleDrawProCreateDrawing with goal "Create a new drawing in Simple Draw Pro. Name it adipiscing_GiPn_good_dog.svg. Save it in the Pictures folder within the sdk_gphone_x86_64 storage area."
Completed step 1.
Completed step 2.
Completed step 3.
Completed step 4.
Completed step 5.
Completed step 6.
Completed step 7.
Completed step 8.
Completed step 9.
Completed step 10.
Completed step 11.
Completed step 12.
Completed step 13.
Completed step 14.
Completed step 15.
Completed step 16.
Completed step 17.
Completed step 18.
Agent did not indicate task is done. Reached max number of steps.
Task Failed ❌;  Create a new drawing in Simple Draw Pro. Name it adipiscing_GiPn_good_dog.svg. Save it in the Pictures folder within the sdk_gphone_x86_64 storage area.
W0813 15:22:34.883294 132979839951936 task_eval.py:125] Skipping app snapshot loading : Snapshot not found in /data/data/android_world/snapshots/com.simplemobiletools.draw.pro.


                                       task_num  num_complete_trials  mean_success_rate  mean_episode_length  total_runtime_s  num_fail_trials
task                                                                                                                                          
AudioRecorderRecordAudio                      0                 5.00                0.0                12.00          1079.90             0.00
BrowserDraw                                   1                 5.00                0.0                20.00          2083.10             0.00
CameraTakePhoto                               2                 5.00                0.0                10.00           585.00             0.00
ClockStopWatchPausedVerify                    3                 5.00                0.8                 4.80           419.80             0.00
ClockStopWatchRunning                         4                 5.00                1.0                 3.20           288.80             0.00
ContactsAddContact                            5                 5.00                0.0                12.00           898.40             0.00
ExpenseAddSingle                              6                 5.00                0.0                12.00          1845.30             0.00
FilesDeleteFile                               7                 5.00                0.0                22.00          2613.20             0.00
MarkorCreateFolder                            8                 5.00                0.0                10.00           946.60             0.00
NotesIsTodo                                   9                 5.00                0.0                10.00           595.50             0.00
OpenAppTaskEval                              10                 5.00                1.0                 1.40           124.60             0.00
OsmAndFavorite                               11                 5.00                0.0                13.00           615.40             0.00
RecipeDeleteSingleRecipe                     12                 5.00                0.4                 9.80           848.00             0.00
RecipeDeleteSingleWithRecipeWithNoise        13                 5.00                0.0                20.00          2438.60             0.00
RetroPlayingQueue                            14                 0.00                NaN                  NaN           110.60             5.00
SimpleCalendarAddOneEventTomorrow            15                 5.00                0.0                34.00          1722.80             0.00
SimpleDrawProCreateDrawing                   16                 4.00                0.0                18.00           710.00             0.00
========= Average =========                   0                 4.65                0.2                13.26          1054.45             0.29


                         mean_success_rate       
difficulty                            easy medium
tags                                             
complex_ui_understanding                 -    0.0
data_edit                              0.2    0.0
data_entry                             0.0      -
game_playing                           0.0      -
information_retrieval                  0.0      -
parameterized                         0.14    0.0
requires_setup                         0.0      -
screen_reading                         0.0      -
search                                0.13    0.0
untagged                               0.5      -
verification                           0.8      -
W0813 15:22:42.129509 132979839951936 task_eval.py:125] Skipping app snapshot loading : Snapshot not found in /data/data/android_world/snapshots/com.simplemobiletools.draw.pro.
Running task SimpleDrawProCreateDrawing with goal "Create a new drawing in Simple Draw Pro. Name it elit_sharp_elephant_gi4h.jpg. Save it in the Pictures folder within the sdk_gphone_x86_64 storage area."
Completed step 1.
Completed step 2.
Completed step 3.
Completed step 4.
Completed step 5.
Completed step 6.
Completed step 7.
Completed step 8.
Completed step 9.
Completed step 10.
Completed step 11.
Completed step 12.
Completed step 13.
Completed step 14.
Completed step 15.
Completed step 16.
Completed step 17.
Completed step 18.
Agent did not indicate task is done. Reached max number of steps.
Task Failed ❌;  Create a new drawing in Simple Draw Pro. Name it elit_sharp_elephant_gi4h.jpg. Save it in the Pictures folder within the sdk_gphone_x86_64 storage area.
W0813 15:25:38.676923 132979839951936 task_eval.py:125] Skipping app snapshot loading : Snapshot not found in /data/data/android_world/snapshots/com.simplemobiletools.draw.pro.


                                       task_num  num_complete_trials  mean_success_rate  mean_episode_length  total_runtime_s  num_fail_trials
task                                                                                                                                          
AudioRecorderRecordAudio                      0                 5.00                0.0                12.00          1079.90             0.00
BrowserDraw                                   1                 5.00                0.0                20.00          2083.10             0.00
CameraTakePhoto                               2                 5.00                0.0                10.00           585.00             0.00
ClockStopWatchPausedVerify                    3                 5.00                0.8                 4.80           419.80             0.00
ClockStopWatchRunning                         4                 5.00                1.0                 3.20           288.80             0.00
ContactsAddContact                            5                 5.00                0.0                12.00           898.40             0.00
ExpenseAddSingle                              6                 5.00                0.0                12.00          1845.30             0.00
FilesDeleteFile                               7                 5.00                0.0                22.00          2613.20             0.00
MarkorCreateFolder                            8                 5.00                0.0                10.00           946.60             0.00
NotesIsTodo                                   9                 5.00                0.0                10.00           595.50             0.00
OpenAppTaskEval                              10                 5.00                1.0                 1.40           124.60             0.00
OsmAndFavorite                               11                 5.00                0.0                13.00           615.40             0.00
RecipeDeleteSingleRecipe                     12                 5.00                0.4                 9.80           848.00             0.00
RecipeDeleteSingleWithRecipeWithNoise        13                 5.00                0.0                20.00          2438.60             0.00
RetroPlayingQueue                            14                 0.00                NaN                  NaN           110.60             5.00
SimpleCalendarAddOneEventTomorrow            15                 5.00                0.0                34.00          1722.80             0.00
SimpleDrawProCreateDrawing                   16                 5.00                0.0                18.00           887.30             0.00
========= Average =========                   0                 4.71                0.2                13.26          1064.88             0.29


                         mean_success_rate       
difficulty                            easy medium
tags                                             
complex_ui_understanding                 -    0.0
data_edit                              0.2    0.0
data_entry                             0.0      -
game_playing                           0.0      -
information_retrieval                  0.0      -
parameterized                         0.14    0.0
requires_setup                         0.0      -
screen_reading                         0.0      -
search                                0.13    0.0
untagged                               0.5      -
verification                           0.8      -

Running task: SimpleSmsReply
============================
W0813 15:25:46.757314 132979839951936 task_eval.py:125] Skipping app snapshot loading : Snapshot not found in /data/data/android_world/snapshots/com.simplemobiletools.smsmessenger.
Running task SimpleSmsReply with goal "Reply to +18407874306 with message: Yoga class every Tuesday and Thursday at 6 PM. in Simple SMS Messenger"
W0813 15:25:55.836455 132979839951936 android_world_controller.py:98] Could not get a11y tree, retrying.
Completed step 1.
Completed step 2.
Completed step 3.
Completed step 4.
Completed step 5.
Completed step 6.
Completed step 7.
Completed step 8.
Completed step 9.
Completed step 10.
Completed step 11.
Completed step 12.
Agent did not indicate task is done. Reached max number of steps.
Task Failed ❌;  Reply to +18407874306 with message: Yoga class every Tuesday and Thursday at 6 PM. in Simple SMS Messenger
W0813 15:29:36.838115 132979839951936 task_eval.py:125] Skipping app snapshot loading : Snapshot not found in /data/data/android_world/snapshots/com.simplemobiletools.smsmessenger.


                                       task_num  num_complete_trials  mean_success_rate  mean_episode_length  total_runtime_s  num_fail_trials
task                                                                                                                                          
AudioRecorderRecordAudio                      0                  5.0               0.00                12.00          1079.90             0.00
BrowserDraw                                   1                  5.0               0.00                20.00          2083.10             0.00
CameraTakePhoto                               2                  5.0               0.00                10.00           585.00             0.00
ClockStopWatchPausedVerify                    3                  5.0               0.80                 4.80           419.80             0.00
ClockStopWatchRunning                         4                  5.0               1.00                 3.20           288.80             0.00
ContactsAddContact                            5                  5.0               0.00                12.00           898.40             0.00
ExpenseAddSingle                              6                  5.0               0.00                12.00          1845.30             0.00
FilesDeleteFile                               7                  5.0               0.00                22.00          2613.20             0.00
MarkorCreateFolder                            8                  5.0               0.00                10.00           946.60             0.00
NotesIsTodo                                   9                  5.0               0.00                10.00           595.50             0.00
OpenAppTaskEval                              10                  5.0               1.00                 1.40           124.60             0.00
OsmAndFavorite                               11                  5.0               0.00                13.00           615.40             0.00
RecipeDeleteSingleRecipe                     12                  5.0               0.40                 9.80           848.00             0.00
RecipeDeleteSingleWithRecipeWithNoise        13                  5.0               0.00                20.00          2438.60             0.00
RetroPlayingQueue                            14                  0.0                NaN                  NaN           110.60             5.00
SimpleCalendarAddOneEventTomorrow            15                  5.0               0.00                34.00          1722.80             0.00
SimpleDrawProCreateDrawing                   16                  5.0               0.00                18.00           887.30             0.00
SimpleSmsReply                               17                  1.0               0.00                12.00           231.00             0.00
========= Average =========                   0                  4.5               0.19                13.19          1018.55             0.28


                         mean_success_rate       
difficulty                            easy medium
tags                                             
complex_ui_understanding                 -    0.0
data_edit                              0.2    0.0
data_entry                             0.0      -
game_playing                           0.0      -
information_retrieval                  0.0      -
parameterized                         0.13    0.0
requires_setup                         0.0      -
screen_reading                         0.0      -
search                                 0.1    0.0
untagged                               0.5      -
verification                           0.8      -
W0813 15:29:41.163989 132979839951936 task_eval.py:125] Skipping app snapshot loading : Snapshot not found in /data/data/android_world/snapshots/com.simplemobiletools.smsmessenger.
Running task SimpleSmsReply with goal "Reply to +10054823973 with message: Pick up groceries: Milk and Bread and Apples. in Simple SMS Messenger"
Completed step 1.
Completed step 2.
Completed step 3.
Completed step 4.
Completed step 5.
Completed step 6.
Completed step 7.
Completed step 8.
Completed step 9.
Completed step 10.
Completed step 11.
Completed step 12.
Agent did not indicate task is done. Reached max number of steps.
Task Failed ❌;  Reply to +10054823973 with message: Pick up groceries: Milk and Bread and Apples. in Simple SMS Messenger
W0813 15:33:17.226428 132979839951936 task_eval.py:125] Skipping app snapshot loading : Snapshot not found in /data/data/android_world/snapshots/com.simplemobiletools.smsmessenger.


                                       task_num  num_complete_trials  mean_success_rate  mean_episode_length  total_runtime_s  num_fail_trials
task                                                                                                                                          
AudioRecorderRecordAudio                      0                 5.00               0.00                12.00          1079.90             0.00
BrowserDraw                                   1                 5.00               0.00                20.00          2083.10             0.00
CameraTakePhoto                               2                 5.00               0.00                10.00           585.00             0.00
ClockStopWatchPausedVerify                    3                 5.00               0.80                 4.80           419.80             0.00
ClockStopWatchRunning                         4                 5.00               1.00                 3.20           288.80             0.00
ContactsAddContact                            5                 5.00               0.00                12.00           898.40             0.00
ExpenseAddSingle                              6                 5.00               0.00                12.00          1845.30             0.00
FilesDeleteFile                               7                 5.00               0.00                22.00          2613.20             0.00
MarkorCreateFolder                            8                 5.00               0.00                10.00           946.60             0.00
NotesIsTodo                                   9                 5.00               0.00                10.00           595.50             0.00
OpenAppTaskEval                              10                 5.00               1.00                 1.40           124.60             0.00
OsmAndFavorite                               11                 5.00               0.00                13.00           615.40             0.00
RecipeDeleteSingleRecipe                     12                 5.00               0.40                 9.80           848.00             0.00
RecipeDeleteSingleWithRecipeWithNoise        13                 5.00               0.00                20.00          2438.60             0.00
RetroPlayingQueue                            14                 0.00                NaN                  NaN           110.60             5.00
SimpleCalendarAddOneEventTomorrow            15                 5.00               0.00                34.00          1722.80             0.00
SimpleDrawProCreateDrawing                   16                 5.00               0.00                18.00           887.30             0.00
SimpleSmsReply                               17                 2.00               0.00                12.00           447.80             0.00
========= Average =========                   0                 4.56               0.19                13.19          1030.59             0.28


                         mean_success_rate       
difficulty                            easy medium
tags                                             
complex_ui_understanding                 -    0.0
data_edit                              0.2    0.0
data_entry                             0.0      -
game_playing                           0.0      -
information_retrieval                  0.0      -
parameterized                         0.13    0.0
requires_setup                         0.0      -
screen_reading                         0.0      -
search                                 0.1    0.0
untagged                               0.5      -
verification                           0.8      -
W0813 15:33:21.773308 132979839951936 task_eval.py:125] Skipping app snapshot loading : Snapshot not found in /data/data/android_world/snapshots/com.simplemobiletools.smsmessenger.
Running task SimpleSmsReply with goal "Reply to +19704943353 with message: Ignorance is bliss. in Simple SMS Messenger"
Completed step 1.
Completed step 2.
Completed step 3.
Completed step 4.
Completed step 5.
Completed step 6.
Completed step 7.
Completed step 8.
Completed step 9.
Completed step 10.
Completed step 11.
Completed step 12.
Agent did not indicate task is done. Reached max number of steps.
Task Failed ❌;  Reply to +19704943353 with message: Ignorance is bliss. in Simple SMS Messenger
W0813 15:37:08.355269 132979839951936 task_eval.py:125] Skipping app snapshot loading : Snapshot not found in /data/data/android_world/snapshots/com.simplemobiletools.smsmessenger.


                                       task_num  num_complete_trials  mean_success_rate  mean_episode_length  total_runtime_s  num_fail_trials
task                                                                                                                                          
AudioRecorderRecordAudio                      0                 5.00               0.00                12.00          1079.90             0.00
BrowserDraw                                   1                 5.00               0.00                20.00          2083.10             0.00
CameraTakePhoto                               2                 5.00               0.00                10.00           585.00             0.00
ClockStopWatchPausedVerify                    3                 5.00               0.80                 4.80           419.80             0.00
ClockStopWatchRunning                         4                 5.00               1.00                 3.20           288.80             0.00
ContactsAddContact                            5                 5.00               0.00                12.00           898.40             0.00
ExpenseAddSingle                              6                 5.00               0.00                12.00          1845.30             0.00
FilesDeleteFile                               7                 5.00               0.00                22.00          2613.20             0.00
MarkorCreateFolder                            8                 5.00               0.00                10.00           946.60             0.00
NotesIsTodo                                   9                 5.00               0.00                10.00           595.50             0.00
OpenAppTaskEval                              10                 5.00               1.00                 1.40           124.60             0.00
OsmAndFavorite                               11                 5.00               0.00                13.00           615.40             0.00
RecipeDeleteSingleRecipe                     12                 5.00               0.40                 9.80           848.00             0.00
RecipeDeleteSingleWithRecipeWithNoise        13                 5.00               0.00                20.00          2438.60             0.00
RetroPlayingQueue                            14                 0.00                NaN                  NaN           110.60             5.00
SimpleCalendarAddOneEventTomorrow            15                 5.00               0.00                34.00          1722.80             0.00
SimpleDrawProCreateDrawing                   16                 5.00               0.00                18.00           887.30             0.00
SimpleSmsReply                               17                 3.00               0.00                12.00           672.10             0.00
========= Average =========                   0                 4.61               0.19                13.19          1043.06             0.28


                         mean_success_rate       
difficulty                            easy medium
tags                                             
complex_ui_understanding                 -    0.0
data_edit                              0.2    0.0
data_entry                             0.0      -
game_playing                           0.0      -
information_retrieval                  0.0      -
parameterized                         0.13    0.0
requires_setup                         0.0      -
screen_reading                         0.0      -
search                                 0.1    0.0
untagged                               0.5      -
verification                           0.8      -
W0813 15:37:12.841336 132979839951936 task_eval.py:125] Skipping app snapshot loading : Snapshot not found in /data/data/android_world/snapshots/com.simplemobiletools.smsmessenger.
Running task SimpleSmsReply with goal "Reply to +12889290955 with message: Pick up groceries: Milk and Bread and Apples. in Simple SMS Messenger"
Completed step 1.
Completed step 2.
Completed step 3.
Completed step 4.
Completed step 5.
Completed step 6.
Completed step 7.
Completed step 8.
Completed step 9.
Completed step 10.
Completed step 11.
Completed step 12.
Agent did not indicate task is done. Reached max number of steps.
Task Failed ❌;  Reply to +12889290955 with message: Pick up groceries: Milk and Bread and Apples. in Simple SMS Messenger
W0813 15:40:47.870210 132979839951936 task_eval.py:125] Skipping app snapshot loading : Snapshot not found in /data/data/android_world/snapshots/com.simplemobiletools.smsmessenger.


                                       task_num  num_complete_trials  mean_success_rate  mean_episode_length  total_runtime_s  num_fail_trials
task                                                                                                                                          
AudioRecorderRecordAudio                      0                 5.00               0.00                12.00          1079.90             0.00
BrowserDraw                                   1                 5.00               0.00                20.00          2083.10             0.00
CameraTakePhoto                               2                 5.00               0.00                10.00           585.00             0.00
ClockStopWatchPausedVerify                    3                 5.00               0.80                 4.80           419.80             0.00
ClockStopWatchRunning                         4                 5.00               1.00                 3.20           288.80             0.00
ContactsAddContact                            5                 5.00               0.00                12.00           898.40             0.00
ExpenseAddSingle                              6                 5.00               0.00                12.00          1845.30             0.00
FilesDeleteFile                               7                 5.00               0.00                22.00          2613.20             0.00
MarkorCreateFolder                            8                 5.00               0.00                10.00           946.60             0.00
NotesIsTodo                                   9                 5.00               0.00                10.00           595.50             0.00
OpenAppTaskEval                              10                 5.00               1.00                 1.40           124.60             0.00
OsmAndFavorite                               11                 5.00               0.00                13.00           615.40             0.00
RecipeDeleteSingleRecipe                     12                 5.00               0.40                 9.80           848.00             0.00
RecipeDeleteSingleWithRecipeWithNoise        13                 5.00               0.00                20.00          2438.60             0.00
RetroPlayingQueue                            14                 0.00                NaN                  NaN           110.60             5.00
SimpleCalendarAddOneEventTomorrow            15                 5.00               0.00                34.00          1722.80             0.00
SimpleDrawProCreateDrawing                   16                 5.00               0.00                18.00           887.30             0.00
SimpleSmsReply                               17                 4.00               0.00                12.00           887.90             0.00
========= Average =========                   0                 4.67               0.19                13.19          1055.04             0.28


                         mean_success_rate       
difficulty                            easy medium
tags                                             
complex_ui_understanding                 -    0.0
data_edit                              0.2    0.0
data_entry                             0.0      -
game_playing                           0.0      -
information_retrieval                  0.0      -
parameterized                         0.13    0.0
requires_setup                         0.0      -
screen_reading                         0.0      -
search                                 0.1    0.0
untagged                               0.5      -
verification                           0.8      -
W0813 15:40:51.979464 132979839951936 task_eval.py:125] Skipping app snapshot loading : Snapshot not found in /data/data/android_world/snapshots/com.simplemobiletools.smsmessenger.
Running task SimpleSmsReply with goal "Reply to +16623739695 with message: You can't make an omelette without breaking a few eggs. in Simple SMS Messenger"
Completed step 1.
Completed step 2.
Completed step 3.
Completed step 4.
Completed step 5.
Completed step 6.
Completed step 7.
Completed step 8.
Completed step 9.
Completed step 10.
Completed step 11.
Completed step 12.
Agent did not indicate task is done. Reached max number of steps.
Task Failed ❌;  Reply to +16623739695 with message: You can't make an omelette without breaking a few eggs. in Simple SMS Messenger
W0813 15:44:28.714216 132979839951936 task_eval.py:125] Skipping app snapshot loading : Snapshot not found in /data/data/android_world/snapshots/com.simplemobiletools.smsmessenger.


                                       task_num  num_complete_trials  mean_success_rate  mean_episode_length  total_runtime_s  num_fail_trials
task                                                                                                                                          
AudioRecorderRecordAudio                      0                 5.00               0.00                12.00          1079.90             0.00
BrowserDraw                                   1                 5.00               0.00                20.00          2083.10             0.00
CameraTakePhoto                               2                 5.00               0.00                10.00           585.00             0.00
ClockStopWatchPausedVerify                    3                 5.00               0.80                 4.80           419.80             0.00
ClockStopWatchRunning                         4                 5.00               1.00                 3.20           288.80             0.00
ContactsAddContact                            5                 5.00               0.00                12.00           898.40             0.00
ExpenseAddSingle                              6                 5.00               0.00                12.00          1845.30             0.00
FilesDeleteFile                               7                 5.00               0.00                22.00          2613.20             0.00
MarkorCreateFolder                            8                 5.00               0.00                10.00           946.60             0.00
NotesIsTodo                                   9                 5.00               0.00                10.00           595.50             0.00
OpenAppTaskEval                              10                 5.00               1.00                 1.40           124.60             0.00
OsmAndFavorite                               11                 5.00               0.00                13.00           615.40             0.00
RecipeDeleteSingleRecipe                     12                 5.00               0.40                 9.80           848.00             0.00
RecipeDeleteSingleWithRecipeWithNoise        13                 5.00               0.00                20.00          2438.60             0.00
RetroPlayingQueue                            14                 0.00                NaN                  NaN           110.60             5.00
SimpleCalendarAddOneEventTomorrow            15                 5.00               0.00                34.00          1722.80             0.00
SimpleDrawProCreateDrawing                   16                 5.00               0.00                18.00           887.30             0.00
SimpleSmsReply                               17                 5.00               0.00                12.00          1105.30             0.00
========= Average =========                   0                 4.72               0.19                13.19          1067.12             0.28


                         mean_success_rate       
difficulty                            easy medium
tags                                             
complex_ui_understanding                 -    0.0
data_edit                              0.2    0.0
data_entry                             0.0      -
game_playing                           0.0      -
information_retrieval                  0.0      -
parameterized                         0.13    0.0
requires_setup                         0.0      -
screen_reading                         0.0      -
search                                 0.1    0.0
untagged                               0.5      -
verification                           0.8      -

Running task: SportsTrackerActivitiesCountForWeek
=================================================
W0813 15:44:32.689863 132979839951936 task_eval.py:125] Skipping app snapshot loading : Snapshot not found in /data/data/android_world/snapshots/de.dennisguse.opentracks.
Running task SportsTrackerActivitiesCountForWeek with goal "How many running activities did I do this week in the OpenTracks app? Assume the week starts from Monday. Express your answer as a single integer."
Completed step 1.
Completed step 2.
Completed step 3.
Completed step 4.
Completed step 5.
Completed step 6.
Completed step 7.
Completed step 8.
Completed step 9.
Completed step 10.
Agent did not indicate task is done. Reached max number of steps.
Task Failed ❌;  How many running activities did I do this week in the OpenTracks app? Assume the week starts from Monday. Express your answer as a single integer.
W0813 15:46:10.625737 132979839951936 task_eval.py:125] Skipping app snapshot loading : Snapshot not found in /data/data/android_world/snapshots/de.dennisguse.opentracks.


                                       task_num  num_complete_trials  mean_success_rate  mean_episode_length  total_runtime_s  num_fail_trials
task                                                                                                                                          
AudioRecorderRecordAudio                      0                 5.00               0.00                12.00          1079.90             0.00
BrowserDraw                                   1                 5.00               0.00                20.00          2083.10             0.00
CameraTakePhoto                               2                 5.00               0.00                10.00           585.00             0.00
ClockStopWatchPausedVerify                    3                 5.00               0.80                 4.80           419.80             0.00
ClockStopWatchRunning                         4                 5.00               1.00                 3.20           288.80             0.00
ContactsAddContact                            5                 5.00               0.00                12.00           898.40             0.00
ExpenseAddSingle                              6                 5.00               0.00                12.00          1845.30             0.00
FilesDeleteFile                               7                 5.00               0.00                22.00          2613.20             0.00
MarkorCreateFolder                            8                 5.00               0.00                10.00           946.60             0.00
NotesIsTodo                                   9                 5.00               0.00                10.00           595.50             0.00
OpenAppTaskEval                              10                 5.00               1.00                 1.40           124.60             0.00
OsmAndFavorite                               11                 5.00               0.00                13.00           615.40             0.00
RecipeDeleteSingleRecipe                     12                 5.00               0.40                 9.80           848.00             0.00
RecipeDeleteSingleWithRecipeWithNoise        13                 5.00               0.00                20.00          2438.60             0.00
RetroPlayingQueue                            14                 0.00                NaN                  NaN           110.60             5.00
SimpleCalendarAddOneEventTomorrow            15                 5.00               0.00                34.00          1722.80             0.00
SimpleDrawProCreateDrawing                   16                 5.00               0.00                18.00           887.30             0.00
SimpleSmsReply                               17                 5.00               0.00                12.00          1105.30             0.00
SportsTrackerActivitiesCountForWeek          18                 1.00               0.00                10.00            97.10             0.00
========= Average =========                   0                 4.53               0.18                13.01          1016.07             0.26


                         mean_success_rate       
difficulty                            easy medium
tags                                             
complex_ui_understanding                 -    0.0
data_edit                              0.2    0.0
data_entry                             0.0      -
game_playing                           0.0      -
information_retrieval                  0.0      -
parameterized                         0.12    0.0
requires_setup                         0.0      -
screen_reading                         0.0      -
search                                0.08    0.0
untagged                               0.5      -
verification                           0.8      -
W0813 15:46:14.269250 132979839951936 task_eval.py:125] Skipping app snapshot loading : Snapshot not found in /data/data/android_world/snapshots/de.dennisguse.opentracks.
Running task SportsTrackerActivitiesCountForWeek with goal "How many cycling activities did I do this week in the OpenTracks app? Assume the week starts from Monday. Express your answer as a single integer."
Completed step 1.
Completed step 2.
Completed step 3.
Completed step 4.
Completed step 5.
Completed step 6.
Completed step 7.
Completed step 8.
Completed step 9.
Completed step 10.
Agent did not indicate task is done. Reached max number of steps.
Task Failed ❌;  How many cycling activities did I do this week in the OpenTracks app? Assume the week starts from Monday. Express your answer as a single integer.
W0813 15:47:52.028177 132979839951936 task_eval.py:125] Skipping app snapshot loading : Snapshot not found in /data/data/android_world/snapshots/de.dennisguse.opentracks.


                                       task_num  num_complete_trials  mean_success_rate  mean_episode_length  total_runtime_s  num_fail_trials
task                                                                                                                                          
AudioRecorderRecordAudio                      0                 5.00               0.00                12.00          1079.90             0.00
BrowserDraw                                   1                 5.00               0.00                20.00          2083.10             0.00
CameraTakePhoto                               2                 5.00               0.00                10.00           585.00             0.00
ClockStopWatchPausedVerify                    3                 5.00               0.80                 4.80           419.80             0.00
ClockStopWatchRunning                         4                 5.00               1.00                 3.20           288.80             0.00
ContactsAddContact                            5                 5.00               0.00                12.00           898.40             0.00
ExpenseAddSingle                              6                 5.00               0.00                12.00          1845.30             0.00
FilesDeleteFile                               7                 5.00               0.00                22.00          2613.20             0.00
MarkorCreateFolder                            8                 5.00               0.00                10.00           946.60             0.00
NotesIsTodo                                   9                 5.00               0.00                10.00           595.50             0.00
OpenAppTaskEval                              10                 5.00               1.00                 1.40           124.60             0.00
OsmAndFavorite                               11                 5.00               0.00                13.00           615.40             0.00
RecipeDeleteSingleRecipe                     12                 5.00               0.40                 9.80           848.00             0.00
RecipeDeleteSingleWithRecipeWithNoise        13                 5.00               0.00                20.00          2438.60             0.00
RetroPlayingQueue                            14                 0.00                NaN                  NaN           110.60             5.00
SimpleCalendarAddOneEventTomorrow            15                 5.00               0.00                34.00          1722.80             0.00
SimpleDrawProCreateDrawing                   16                 5.00               0.00                18.00           887.30             0.00
SimpleSmsReply                               17                 5.00               0.00                12.00          1105.30             0.00
SportsTrackerActivitiesCountForWeek          18                 2.00               0.00                10.00           194.10             0.00
========= Average =========                   0                 4.58               0.18                13.01          1021.17             0.26


                         mean_success_rate       
difficulty                            easy medium
tags                                             
complex_ui_understanding                 -    0.0
data_edit                              0.2    0.0
data_entry                             0.0      -
game_playing                           0.0      -
information_retrieval                  0.0      -
parameterized                         0.12    0.0
requires_setup                         0.0      -
screen_reading                         0.0      -
search                                0.08    0.0
untagged                               0.5      -
verification                           0.8      -
W0813 15:47:55.638019 132979839951936 task_eval.py:125] Skipping app snapshot loading : Snapshot not found in /data/data/android_world/snapshots/de.dennisguse.opentracks.
Running task SportsTrackerActivitiesCountForWeek with goal "How many climbing activities did I do this week in the OpenTracks app? Assume the week starts from Monday. Express your answer as a single integer."
Completed step 1.
Completed step 2.
Completed step 3.
Completed step 4.
Completed step 5.
Completed step 6.
Completed step 7.
Completed step 8.
Completed step 9.
Completed step 10.
Agent did not indicate task is done. Reached max number of steps.
Task Failed ❌;  How many climbing activities did I do this week in the OpenTracks app? Assume the week starts from Monday. Express your answer as a single integer.
W0813 15:49:33.116048 132979839951936 task_eval.py:125] Skipping app snapshot loading : Snapshot not found in /data/data/android_world/snapshots/de.dennisguse.opentracks.


                                       task_num  num_complete_trials  mean_success_rate  mean_episode_length  total_runtime_s  num_fail_trials
task                                                                                                                                          
AudioRecorderRecordAudio                      0                 5.00               0.00                12.00          1079.90             0.00
BrowserDraw                                   1                 5.00               0.00                20.00          2083.10             0.00
CameraTakePhoto                               2                 5.00               0.00                10.00           585.00             0.00
ClockStopWatchPausedVerify                    3                 5.00               0.80                 4.80           419.80             0.00
ClockStopWatchRunning                         4                 5.00               1.00                 3.20           288.80             0.00
ContactsAddContact                            5                 5.00               0.00                12.00           898.40             0.00
ExpenseAddSingle                              6                 5.00               0.00                12.00          1845.30             0.00
FilesDeleteFile                               7                 5.00               0.00                22.00          2613.20             0.00
MarkorCreateFolder                            8                 5.00               0.00                10.00           946.60             0.00
NotesIsTodo                                   9                 5.00               0.00                10.00           595.50             0.00
OpenAppTaskEval                              10                 5.00               1.00                 1.40           124.60             0.00
OsmAndFavorite                               11                 5.00               0.00                13.00           615.40             0.00
RecipeDeleteSingleRecipe                     12                 5.00               0.40                 9.80           848.00             0.00
RecipeDeleteSingleWithRecipeWithNoise        13                 5.00               0.00                20.00          2438.60             0.00
RetroPlayingQueue                            14                 0.00                NaN                  NaN           110.60             5.00
SimpleCalendarAddOneEventTomorrow            15                 5.00               0.00                34.00          1722.80             0.00
SimpleDrawProCreateDrawing                   16                 5.00               0.00                18.00           887.30             0.00
SimpleSmsReply                               17                 5.00               0.00                12.00          1105.30             0.00
SportsTrackerActivitiesCountForWeek          18                 3.00               0.00                10.00           290.80             0.00
========= Average =========                   0                 4.63               0.18                13.01          1026.26             0.26


                         mean_success_rate       
difficulty                            easy medium
tags                                             
complex_ui_understanding                 -    0.0
data_edit                              0.2    0.0
data_entry                             0.0      -
game_playing                           0.0      -
information_retrieval                  0.0      -
parameterized                         0.12    0.0
requires_setup                         0.0      -
screen_reading                         0.0      -
search                                0.08    0.0
untagged                               0.5      -
verification                           0.8      -
W0813 15:49:36.732041 132979839951936 task_eval.py:125] Skipping app snapshot loading : Snapshot not found in /data/data/android_world/snapshots/de.dennisguse.opentracks.
Running task SportsTrackerActivitiesCountForWeek with goal "How many climbing activities did I do this week in the OpenTracks app? Assume the week starts from Monday. Express your answer as a single integer."
Completed step 1.
Completed step 2.
Completed step 3.
Completed step 4.
Completed step 5.
Completed step 6.
Completed step 7.
Completed step 8.
Completed step 9.
Completed step 10.
Agent did not indicate task is done. Reached max number of steps.
Task Failed ❌;  How many climbing activities did I do this week in the OpenTracks app? Assume the week starts from Monday. Express your answer as a single integer.
W0813 15:51:14.648639 132979839951936 task_eval.py:125] Skipping app snapshot loading : Snapshot not found in /data/data/android_world/snapshots/de.dennisguse.opentracks.


                                       task_num  num_complete_trials  mean_success_rate  mean_episode_length  total_runtime_s  num_fail_trials
task                                                                                                                                          
AudioRecorderRecordAudio                      0                 5.00               0.00                12.00          1079.90             0.00
BrowserDraw                                   1                 5.00               0.00                20.00          2083.10             0.00
CameraTakePhoto                               2                 5.00               0.00                10.00           585.00             0.00
ClockStopWatchPausedVerify                    3                 5.00               0.80                 4.80           419.80             0.00
ClockStopWatchRunning                         4                 5.00               1.00                 3.20           288.80             0.00
ContactsAddContact                            5                 5.00               0.00                12.00           898.40             0.00
ExpenseAddSingle                              6                 5.00               0.00                12.00          1845.30             0.00
FilesDeleteFile                               7                 5.00               0.00                22.00          2613.20             0.00
MarkorCreateFolder                            8                 5.00               0.00                10.00           946.60             0.00
NotesIsTodo                                   9                 5.00               0.00                10.00           595.50             0.00
OpenAppTaskEval                              10                 5.00               1.00                 1.40           124.60             0.00
OsmAndFavorite                               11                 5.00               0.00                13.00           615.40             0.00
RecipeDeleteSingleRecipe                     12                 5.00               0.40                 9.80           848.00             0.00
RecipeDeleteSingleWithRecipeWithNoise        13                 5.00               0.00                20.00          2438.60             0.00
RetroPlayingQueue                            14                 0.00                NaN                  NaN           110.60             5.00
SimpleCalendarAddOneEventTomorrow            15                 5.00               0.00                34.00          1722.80             0.00
SimpleDrawProCreateDrawing                   16                 5.00               0.00                18.00           887.30             0.00
SimpleSmsReply                               17                 5.00               0.00                12.00          1105.30             0.00
SportsTrackerActivitiesCountForWeek          18                 4.00               0.00                10.00           388.00             0.00
========= Average =========                   0                 4.68               0.18                13.01          1031.38             0.26


                         mean_success_rate       
difficulty                            easy medium
tags                                             
complex_ui_understanding                 -    0.0
data_edit                              0.2    0.0
data_entry                             0.0      -
game_playing                           0.0      -
information_retrieval                  0.0      -
parameterized                         0.12    0.0
requires_setup                         0.0      -
screen_reading                         0.0      -
search                                0.08    0.0
untagged                               0.5      -
verification                           0.8      -
W0813 15:51:18.278743 132979839951936 task_eval.py:125] Skipping app snapshot loading : Snapshot not found in /data/data/android_world/snapshots/de.dennisguse.opentracks.
Running task SportsTrackerActivitiesCountForWeek with goal "How many running activities did I do this week in the OpenTracks app? Assume the week starts from Monday. Express your answer as a single integer."
Completed step 1.
Completed step 2.
Completed step 3.
Completed step 4.
Completed step 5.
Completed step 6.
Completed step 7.
Completed step 8.
Completed step 9.
Completed step 10.
Agent did not indicate task is done. Reached max number of steps.
Task Failed ❌;  How many running activities did I do this week in the OpenTracks app? Assume the week starts from Monday. Express your answer as a single integer.
W0813 15:52:52.502556 132979839951936 task_eval.py:125] Skipping app snapshot loading : Snapshot not found in /data/data/android_world/snapshots/de.dennisguse.opentracks.


                                       task_num  num_complete_trials  mean_success_rate  mean_episode_length  total_runtime_s  num_fail_trials
task                                                                                                                                          
AudioRecorderRecordAudio                      0                 5.00               0.00                12.00          1079.90             0.00
BrowserDraw                                   1                 5.00               0.00                20.00          2083.10             0.00
CameraTakePhoto                               2                 5.00               0.00                10.00           585.00             0.00
ClockStopWatchPausedVerify                    3                 5.00               0.80                 4.80           419.80             0.00
ClockStopWatchRunning                         4                 5.00               1.00                 3.20           288.80             0.00
ContactsAddContact                            5                 5.00               0.00                12.00           898.40             0.00
ExpenseAddSingle                              6                 5.00               0.00                12.00          1845.30             0.00
FilesDeleteFile                               7                 5.00               0.00                22.00          2613.20             0.00
MarkorCreateFolder                            8                 5.00               0.00                10.00           946.60             0.00
NotesIsTodo                                   9                 5.00               0.00                10.00           595.50             0.00
OpenAppTaskEval                              10                 5.00               1.00                 1.40           124.60             0.00
OsmAndFavorite                               11                 5.00               0.00                13.00           615.40             0.00
RecipeDeleteSingleRecipe                     12                 5.00               0.40                 9.80           848.00             0.00
RecipeDeleteSingleWithRecipeWithNoise        13                 5.00               0.00                20.00          2438.60             0.00
RetroPlayingQueue                            14                 0.00                NaN                  NaN           110.60             5.00
SimpleCalendarAddOneEventTomorrow            15                 5.00               0.00                34.00          1722.80             0.00
SimpleDrawProCreateDrawing                   16                 5.00               0.00                18.00           887.30             0.00
SimpleSmsReply                               17                 5.00               0.00                12.00          1105.30             0.00
SportsTrackerActivitiesCountForWeek          18                 5.00               0.00                10.00           481.40             0.00
========= Average =========                   0                 4.74               0.18                13.01          1036.29             0.26


                         mean_success_rate       
difficulty                            easy medium
tags                                             
complex_ui_understanding                 -    0.0
data_edit                              0.2    0.0
data_entry                             0.0      -
game_playing                           0.0      -
information_retrieval                  0.0      -
parameterized                         0.12    0.0
requires_setup                         0.0      -
screen_reading                         0.0      -
search                                0.08    0.0
untagged                               0.5      -
verification                           0.8      -

Running task: SystemWifiTurnOn
==============================
W0813 15:52:59.096158 132979839951936 task_eval.py:125] Skipping app snapshot loading : Snapshot not found in /data/data/android_world/snapshots/com.android.settings.
Running task SystemWifiTurnOn with goal "Turn wifi on."
W0813 15:52:59.888959 132979839951936 android_world_controller.py:98] Could not get a11y tree, retrying.
Completed step 1.
Completed step 2.
Completed step 3.
Completed step 4.
Completed step 5.
Completed step 6.
Completed step 7.
Completed step 8.
Completed step 9.
Completed step 10.
Agent did not indicate task is done. Reached max number of steps.
Task Failed ❌;  Turn wifi on.
W0813 15:54:31.942319 132979839951936 task_eval.py:125] Skipping app snapshot loading : Snapshot not found in /data/data/android_world/snapshots/com.android.settings.


                                       task_num  num_complete_trials  mean_success_rate  mean_episode_length  total_runtime_s  num_fail_trials
task                                                                                                                                          
AudioRecorderRecordAudio                      0                 5.00               0.00                12.00          1079.90             0.00
BrowserDraw                                   1                 5.00               0.00                20.00          2083.10             0.00
CameraTakePhoto                               2                 5.00               0.00                10.00           585.00             0.00
ClockStopWatchPausedVerify                    3                 5.00               0.80                 4.80           419.80             0.00
ClockStopWatchRunning                         4                 5.00               1.00                 3.20           288.80             0.00
ContactsAddContact                            5                 5.00               0.00                12.00           898.40             0.00
ExpenseAddSingle                              6                 5.00               0.00                12.00          1845.30             0.00
FilesDeleteFile                               7                 5.00               0.00                22.00          2613.20             0.00
MarkorCreateFolder                            8                 5.00               0.00                10.00           946.60             0.00
NotesIsTodo                                   9                 5.00               0.00                10.00           595.50             0.00
OpenAppTaskEval                              10                 5.00               1.00                 1.40           124.60             0.00
OsmAndFavorite                               11                 5.00               0.00                13.00           615.40             0.00
RecipeDeleteSingleRecipe                     12                 5.00               0.40                 9.80           848.00             0.00
RecipeDeleteSingleWithRecipeWithNoise        13                 5.00               0.00                20.00          2438.60             0.00
RetroPlayingQueue                            14                 0.00                NaN                  NaN           110.60             5.00
SimpleCalendarAddOneEventTomorrow            15                 5.00               0.00                34.00          1722.80             0.00
SimpleDrawProCreateDrawing                   16                 5.00               0.00                18.00           887.30             0.00
SimpleSmsReply                               17                 5.00               0.00                12.00          1105.30             0.00
SportsTrackerActivitiesCountForWeek          18                 5.00               0.00                10.00           481.40             0.00
SystemWifiTurnOn                             19                 1.00               0.00                10.00            96.50             0.00
========= Average =========                   0                 4.55               0.17                12.85           989.31             0.25


                         mean_success_rate       
difficulty                            easy medium
tags                                             
complex_ui_understanding                 -    0.0
data_edit                              0.2    0.0
data_entry                             0.0      -
game_playing                           0.0      -
information_retrieval                  0.0      -
parameterized                         0.12    0.0
requires_setup                         0.0      -
screen_reading                         0.0      -
search                                0.08    0.0
untagged                               0.5      -
verification                           0.8      -
W0813 15:54:35.497442 132979839951936 task_eval.py:125] Skipping app snapshot loading : Snapshot not found in /data/data/android_world/snapshots/com.android.settings.
Running task SystemWifiTurnOn with goal "Turn wifi on."
W0813 15:54:36.114492 132979839951936 android_world_controller.py:98] Could not get a11y tree, retrying.
Completed step 1.
Completed step 2.
Completed step 3.
Completed step 4.
Completed step 5.
Completed step 6.
Completed step 7.
Completed step 8.
Completed step 9.
Completed step 10.
Agent did not indicate task is done. Reached max number of steps.
Task Failed ❌;  Turn wifi on.
W0813 15:56:12.803604 132979839951936 task_eval.py:125] Skipping app snapshot loading : Snapshot not found in /data/data/android_world/snapshots/com.android.settings.


                                       task_num  num_complete_trials  mean_success_rate  mean_episode_length  total_runtime_s  num_fail_trials
task                                                                                                                                          
AudioRecorderRecordAudio                      0                  5.0               0.00                12.00          1079.90             0.00
BrowserDraw                                   1                  5.0               0.00                20.00          2083.10             0.00
CameraTakePhoto                               2                  5.0               0.00                10.00           585.00             0.00
ClockStopWatchPausedVerify                    3                  5.0               0.80                 4.80           419.80             0.00
ClockStopWatchRunning                         4                  5.0               1.00                 3.20           288.80             0.00
ContactsAddContact                            5                  5.0               0.00                12.00           898.40             0.00
ExpenseAddSingle                              6                  5.0               0.00                12.00          1845.30             0.00
FilesDeleteFile                               7                  5.0               0.00                22.00          2613.20             0.00
MarkorCreateFolder                            8                  5.0               0.00                10.00           946.60             0.00
NotesIsTodo                                   9                  5.0               0.00                10.00           595.50             0.00
OpenAppTaskEval                              10                  5.0               1.00                 1.40           124.60             0.00
OsmAndFavorite                               11                  5.0               0.00                13.00           615.40             0.00
RecipeDeleteSingleRecipe                     12                  5.0               0.40                 9.80           848.00             0.00
RecipeDeleteSingleWithRecipeWithNoise        13                  5.0               0.00                20.00          2438.60             0.00
RetroPlayingQueue                            14                  0.0                NaN                  NaN           110.60             5.00
SimpleCalendarAddOneEventTomorrow            15                  5.0               0.00                34.00          1722.80             0.00
SimpleDrawProCreateDrawing                   16                  5.0               0.00                18.00           887.30             0.00
SimpleSmsReply                               17                  5.0               0.00                12.00          1105.30             0.00
SportsTrackerActivitiesCountForWeek          18                  5.0               0.00                10.00           481.40             0.00
SystemWifiTurnOn                             19                  2.0               0.00                10.00           194.50             0.00
========= Average =========                   0                  4.6               0.17                12.85           994.21             0.25


                         mean_success_rate       
difficulty                            easy medium
tags                                             
complex_ui_understanding                 -    0.0
data_edit                              0.2    0.0
data_entry                             0.0      -
game_playing                           0.0      -
information_retrieval                  0.0      -
parameterized                         0.12    0.0
requires_setup                         0.0      -
screen_reading                         0.0      -
search                                0.08    0.0
untagged                               0.5      -
verification                           0.8      -
W0813 15:56:16.331192 132979839951936 task_eval.py:125] Skipping app snapshot loading : Snapshot not found in /data/data/android_world/snapshots/com.android.settings.
Running task SystemWifiTurnOn with goal "Turn wifi on."
W0813 15:56:16.945097 132979839951936 android_world_controller.py:98] Could not get a11y tree, retrying.
Completed step 1.
Completed step 2.
Completed step 3.
Completed step 4.
Completed step 5.
Completed step 6.
Completed step 7.
Completed step 8.
Completed step 9.
Completed step 10.
Agent did not indicate task is done. Reached max number of steps.
Task Failed ❌;  Turn wifi on.
W0813 15:57:53.973038 132979839951936 task_eval.py:125] Skipping app snapshot loading : Snapshot not found in /data/data/android_world/snapshots/com.android.settings.


                                       task_num  num_complete_trials  mean_success_rate  mean_episode_length  total_runtime_s  num_fail_trials
task                                                                                                                                          
AudioRecorderRecordAudio                      0                 5.00               0.00                12.00          1079.90             0.00
BrowserDraw                                   1                 5.00               0.00                20.00          2083.10             0.00
CameraTakePhoto                               2                 5.00               0.00                10.00           585.00             0.00
ClockStopWatchPausedVerify                    3                 5.00               0.80                 4.80           419.80             0.00
ClockStopWatchRunning                         4                 5.00               1.00                 3.20           288.80             0.00
ContactsAddContact                            5                 5.00               0.00                12.00           898.40             0.00
ExpenseAddSingle                              6                 5.00               0.00                12.00          1845.30             0.00
FilesDeleteFile                               7                 5.00               0.00                22.00          2613.20             0.00
MarkorCreateFolder                            8                 5.00               0.00                10.00           946.60             0.00
NotesIsTodo                                   9                 5.00               0.00                10.00           595.50             0.00
OpenAppTaskEval                              10                 5.00               1.00                 1.40           124.60             0.00
OsmAndFavorite                               11                 5.00               0.00                13.00           615.40             0.00
RecipeDeleteSingleRecipe                     12                 5.00               0.40                 9.80           848.00             0.00
RecipeDeleteSingleWithRecipeWithNoise        13                 5.00               0.00                20.00          2438.60             0.00
RetroPlayingQueue                            14                 0.00                NaN                  NaN           110.60             5.00
SimpleCalendarAddOneEventTomorrow            15                 5.00               0.00                34.00          1722.80             0.00
SimpleDrawProCreateDrawing                   16                 5.00               0.00                18.00           887.30             0.00
SimpleSmsReply                               17                 5.00               0.00                12.00          1105.30             0.00
SportsTrackerActivitiesCountForWeek          18                 5.00               0.00                10.00           481.40             0.00
SystemWifiTurnOn                             19                 3.00               0.00                10.00           292.70             0.00
========= Average =========                   0                 4.65               0.17                12.85           999.12             0.25


                         mean_success_rate       
difficulty                            easy medium
tags                                             
complex_ui_understanding                 -    0.0
data_edit                              0.2    0.0
data_entry                             0.0      -
game_playing                           0.0      -
information_retrieval                  0.0      -
parameterized                         0.12    0.0
requires_setup                         0.0      -
screen_reading                         0.0      -
search                                0.08    0.0
untagged                               0.5      -
verification                           0.8      -
W0813 15:57:57.884519 132979839951936 task_eval.py:125] Skipping app snapshot loading : Snapshot not found in /data/data/android_world/snapshots/com.android.settings.
Running task SystemWifiTurnOn with goal "Turn wifi on."
Completed step 1.
Completed step 2.
Completed step 3.
Completed step 4.
Completed step 5.
Completed step 6.
Completed step 7.
Completed step 8.
Completed step 9.
Completed step 10.
Agent did not indicate task is done. Reached max number of steps.
Task Failed ❌;  Turn wifi on.
W0813 15:59:32.363415 132979839951936 task_eval.py:125] Skipping app snapshot loading : Snapshot not found in /data/data/android_world/snapshots/com.android.settings.


                                       task_num  num_complete_trials  mean_success_rate  mean_episode_length  total_runtime_s  num_fail_trials
task                                                                                                                                          
AudioRecorderRecordAudio                      0                  5.0               0.00                12.00          1079.90             0.00
BrowserDraw                                   1                  5.0               0.00                20.00          2083.10             0.00
CameraTakePhoto                               2                  5.0               0.00                10.00           585.00             0.00
ClockStopWatchPausedVerify                    3                  5.0               0.80                 4.80           419.80             0.00
ClockStopWatchRunning                         4                  5.0               1.00                 3.20           288.80             0.00
ContactsAddContact                            5                  5.0               0.00                12.00           898.40             0.00
ExpenseAddSingle                              6                  5.0               0.00                12.00          1845.30             0.00
FilesDeleteFile                               7                  5.0               0.00                22.00          2613.20             0.00
MarkorCreateFolder                            8                  5.0               0.00                10.00           946.60             0.00
NotesIsTodo                                   9                  5.0               0.00                10.00           595.50             0.00
OpenAppTaskEval                              10                  5.0               1.00                 1.40           124.60             0.00
OsmAndFavorite                               11                  5.0               0.00                13.00           615.40             0.00
RecipeDeleteSingleRecipe                     12                  5.0               0.40                 9.80           848.00             0.00
RecipeDeleteSingleWithRecipeWithNoise        13                  5.0               0.00                20.00          2438.60             0.00
RetroPlayingQueue                            14                  0.0                NaN                  NaN           110.60             5.00
SimpleCalendarAddOneEventTomorrow            15                  5.0               0.00                34.00          1722.80             0.00
SimpleDrawProCreateDrawing                   16                  5.0               0.00                18.00           887.30             0.00
SimpleSmsReply                               17                  5.0               0.00                12.00          1105.30             0.00
SportsTrackerActivitiesCountForWeek          18                  5.0               0.00                10.00           481.40             0.00
SystemWifiTurnOn                             19                  4.0               0.00                10.00           387.90             0.00
========= Average =========                   0                  4.7               0.17                12.85          1003.88             0.25


                         mean_success_rate       
difficulty                            easy medium
tags                                             
complex_ui_understanding                 -    0.0
data_edit                              0.2    0.0
data_entry                             0.0      -
game_playing                           0.0      -
information_retrieval                  0.0      -
parameterized                         0.12    0.0
requires_setup                         0.0      -
screen_reading                         0.0      -
search                                0.08    0.0
untagged                               0.5      -
verification                           0.8      -
W0813 15:59:35.856681 132979839951936 task_eval.py:125] Skipping app snapshot loading : Snapshot not found in /data/data/android_world/snapshots/com.android.settings.
Running task SystemWifiTurnOn with goal "Turn wifi on."
Completed step 1.
Completed step 2.
Completed step 3.
Completed step 4.
Completed step 5.
Completed step 6.
Completed step 7.
Completed step 8.
Completed step 9.
Completed step 10.
Agent did not indicate task is done. Reached max number of steps.
Task Failed ❌;  Turn wifi on.
W0813 16:01:07.213599 132979839951936 task_eval.py:125] Skipping app snapshot loading : Snapshot not found in /data/data/android_world/snapshots/com.android.settings.


                                       task_num  num_complete_trials  mean_success_rate  mean_episode_length  total_runtime_s  num_fail_trials
task                                                                                                                                          
AudioRecorderRecordAudio                      0                 5.00               0.00                12.00          1079.90             0.00
BrowserDraw                                   1                 5.00               0.00                20.00          2083.10             0.00
CameraTakePhoto                               2                 5.00               0.00                10.00           585.00             0.00
ClockStopWatchPausedVerify                    3                 5.00               0.80                 4.80           419.80             0.00
ClockStopWatchRunning                         4                 5.00               1.00                 3.20           288.80             0.00
ContactsAddContact                            5                 5.00               0.00                12.00           898.40             0.00
ExpenseAddSingle                              6                 5.00               0.00                12.00          1845.30             0.00
FilesDeleteFile                               7                 5.00               0.00                22.00          2613.20             0.00
MarkorCreateFolder                            8                 5.00               0.00                10.00           946.60             0.00
NotesIsTodo                                   9                 5.00               0.00                10.00           595.50             0.00
OpenAppTaskEval                              10                 5.00               1.00                 1.40           124.60             0.00
OsmAndFavorite                               11                 5.00               0.00                13.00           615.40             0.00
RecipeDeleteSingleRecipe                     12                 5.00               0.40                 9.80           848.00             0.00
RecipeDeleteSingleWithRecipeWithNoise        13                 5.00               0.00                20.00          2438.60             0.00
RetroPlayingQueue                            14                 0.00                NaN                  NaN           110.60             5.00
SimpleCalendarAddOneEventTomorrow            15                 5.00               0.00                34.00          1722.80             0.00
SimpleDrawProCreateDrawing                   16                 5.00               0.00                18.00           887.30             0.00
SimpleSmsReply                               17                 5.00               0.00                12.00          1105.30             0.00
SportsTrackerActivitiesCountForWeek          18                 5.00               0.00                10.00           481.40             0.00
SystemWifiTurnOn                             19                 5.00               0.00                10.00           479.90             0.00
========= Average =========                   0                 4.75               0.17                12.85          1008.48             0.25


                         mean_success_rate       
difficulty                            easy medium
tags                                             
complex_ui_understanding                 -    0.0
data_edit                              0.2    0.0
data_entry                             0.0      -
game_playing                           0.0      -
information_retrieval                  0.0      -
parameterized                         0.12    0.0
requires_setup                         0.0      -
screen_reading                         0.0      -
search                                0.08    0.0
untagged                               0.5      -
verification                           0.8      -

Running task: TasksDueOnDate
============================
W0813 16:01:13.802167 132979839951936 task_eval.py:125] Skipping app snapshot loading : Snapshot not found in /data/data/android_world/snapshots/org.tasks.
Running task TasksDueOnDate with goal "What tasks do I have due October 24 2023 in Tasks app? Answer with the titles only. If there are multiples titles, format your answer in a comma separated list."
Completed step 1.
Completed step 2.
Completed step 3.
Completed step 4.
Completed step 5.
Completed step 6.
Completed step 7.
Completed step 8.
Completed step 9.
Completed step 10.
Agent did not indicate task is done. Reached max number of steps.
Task Failed ❌;  What tasks do I have due October 24 2023 in Tasks app? Answer with the titles only. If there are multiples titles, format your answer in a comma separated list.
W0813 16:02:47.919403 132979839951936 task_eval.py:125] Skipping app snapshot loading : Snapshot not found in /data/data/android_world/snapshots/org.tasks.


                                       task_num  num_complete_trials  mean_success_rate  mean_episode_length  total_runtime_s  num_fail_trials
task                                                                                                                                          
AudioRecorderRecordAudio                      0                 5.00               0.00                12.00           1079.9             0.00
BrowserDraw                                   1                 5.00               0.00                20.00           2083.1             0.00
CameraTakePhoto                               2                 5.00               0.00                10.00            585.0             0.00
ClockStopWatchPausedVerify                    3                 5.00               0.80                 4.80            419.8             0.00
ClockStopWatchRunning                         4                 5.00               1.00                 3.20            288.8             0.00
ContactsAddContact                            5                 5.00               0.00                12.00            898.4             0.00
ExpenseAddSingle                              6                 5.00               0.00                12.00           1845.3             0.00
FilesDeleteFile                               7                 5.00               0.00                22.00           2613.2             0.00
MarkorCreateFolder                            8                 5.00               0.00                10.00            946.6             0.00
NotesIsTodo                                   9                 5.00               0.00                10.00            595.5             0.00
OpenAppTaskEval                              10                 5.00               1.00                 1.40            124.6             0.00
OsmAndFavorite                               11                 5.00               0.00                13.00            615.4             0.00
RecipeDeleteSingleRecipe                     12                 5.00               0.40                 9.80            848.0             0.00
RecipeDeleteSingleWithRecipeWithNoise        13                 5.00               0.00                20.00           2438.6             0.00
RetroPlayingQueue                            14                 0.00                NaN                  NaN            110.6             5.00
SimpleCalendarAddOneEventTomorrow            15                 5.00               0.00                34.00           1722.8             0.00
SimpleDrawProCreateDrawing                   16                 5.00               0.00                18.00            887.3             0.00
SimpleSmsReply                               17                 5.00               0.00                12.00           1105.3             0.00
SportsTrackerActivitiesCountForWeek          18                 5.00               0.00                10.00            481.4             0.00
SystemWifiTurnOn                             19                 5.00               0.00                10.00            479.9             0.00
TasksDueOnDate                               20                 1.00               0.00                10.00             93.4             0.00
========= Average =========                   0                 4.57               0.16                12.71            964.9             0.24


                         mean_success_rate       
difficulty                            easy medium
tags                                             
complex_ui_understanding                 -    0.0
data_edit                              0.2    0.0
data_entry                             0.0      -
game_playing                           0.0      -
information_retrieval                  0.0      -
parameterized                         0.11    0.0
requires_setup                         0.0      -
screen_reading                         0.0      -
search                                0.07    0.0
untagged                               0.5      -
verification                           0.8      -
W0813 16:02:51.557395 132979839951936 task_eval.py:125] Skipping app snapshot loading : Snapshot not found in /data/data/android_world/snapshots/org.tasks.
Running task TasksDueOnDate with goal "What tasks do I have due October 15 2023 in Tasks app? Answer with the titles only. If there are multiples titles, format your answer in a comma separated list."
Completed step 1.
Completed step 2.
Completed step 3.
Completed step 4.
Completed step 5.
Completed step 6.
Completed step 7.
Completed step 8.
Completed step 9.
Completed step 10.
Agent did not indicate task is done. Reached max number of steps.
Task Failed ❌;  What tasks do I have due October 15 2023 in Tasks app? Answer with the titles only. If there are multiples titles, format your answer in a comma separated list.
W0813 16:04:28.846097 132979839951936 task_eval.py:125] Skipping app snapshot loading : Snapshot not found in /data/data/android_world/snapshots/org.tasks.


                                       task_num  num_complete_trials  mean_success_rate  mean_episode_length  total_runtime_s  num_fail_trials
task                                                                                                                                          
AudioRecorderRecordAudio                      0                 5.00               0.00                12.00           1079.9             0.00
BrowserDraw                                   1                 5.00               0.00                20.00           2083.1             0.00
CameraTakePhoto                               2                 5.00               0.00                10.00            585.0             0.00
ClockStopWatchPausedVerify                    3                 5.00               0.80                 4.80            419.8             0.00
ClockStopWatchRunning                         4                 5.00               1.00                 3.20            288.8             0.00
ContactsAddContact                            5                 5.00               0.00                12.00            898.4             0.00
ExpenseAddSingle                              6                 5.00               0.00                12.00           1845.3             0.00
FilesDeleteFile                               7                 5.00               0.00                22.00           2613.2             0.00
MarkorCreateFolder                            8                 5.00               0.00                10.00            946.6             0.00
NotesIsTodo                                   9                 5.00               0.00                10.00            595.5             0.00
OpenAppTaskEval                              10                 5.00               1.00                 1.40            124.6             0.00
OsmAndFavorite                               11                 5.00               0.00                13.00            615.4             0.00
RecipeDeleteSingleRecipe                     12                 5.00               0.40                 9.80            848.0             0.00
RecipeDeleteSingleWithRecipeWithNoise        13                 5.00               0.00                20.00           2438.6             0.00
RetroPlayingQueue                            14                 0.00                NaN                  NaN            110.6             5.00
SimpleCalendarAddOneEventTomorrow            15                 5.00               0.00                34.00           1722.8             0.00
SimpleDrawProCreateDrawing                   16                 5.00               0.00                18.00            887.3             0.00
SimpleSmsReply                               17                 5.00               0.00                12.00           1105.3             0.00
SportsTrackerActivitiesCountForWeek          18                 5.00               0.00                10.00            481.4             0.00
SystemWifiTurnOn                             19                 5.00               0.00                10.00            479.9             0.00
TasksDueOnDate                               20                 2.00               0.00                10.00            189.9             0.00
========= Average =========                   0                 4.62               0.16                12.71            969.5             0.24


                         mean_success_rate       
difficulty                            easy medium
tags                                             
complex_ui_understanding                 -    0.0
data_edit                              0.2    0.0
data_entry                             0.0      -
game_playing                           0.0      -
information_retrieval                  0.0      -
parameterized                         0.11    0.0
requires_setup                         0.0      -
screen_reading                         0.0      -
search                                0.07    0.0
untagged                               0.5      -
verification                           0.8      -
W0813 16:04:32.523686 132979839951936 task_eval.py:125] Skipping app snapshot loading : Snapshot not found in /data/data/android_world/snapshots/org.tasks.
Running task TasksDueOnDate with goal "What tasks do I have due October 28 2023 in Tasks app? Answer with the titles only. If there are multiples titles, format your answer in a comma separated list."
Completed step 1.
Completed step 2.
Completed step 3.
Completed step 4.
Completed step 5.
Completed step 6.
Completed step 7.
Completed step 8.
Completed step 9.
Completed step 10.
Agent did not indicate task is done. Reached max number of steps.
Task Failed ❌;  What tasks do I have due October 28 2023 in Tasks app? Answer with the titles only. If there are multiples titles, format your answer in a comma separated list.
W0813 16:06:09.933324 132979839951936 task_eval.py:125] Skipping app snapshot loading : Snapshot not found in /data/data/android_world/snapshots/org.tasks.


                                       task_num  num_complete_trials  mean_success_rate  mean_episode_length  total_runtime_s  num_fail_trials
task                                                                                                                                          
AudioRecorderRecordAudio                      0                 5.00               0.00                12.00           1079.9             0.00
BrowserDraw                                   1                 5.00               0.00                20.00           2083.1             0.00
CameraTakePhoto                               2                 5.00               0.00                10.00            585.0             0.00
ClockStopWatchPausedVerify                    3                 5.00               0.80                 4.80            419.8             0.00
ClockStopWatchRunning                         4                 5.00               1.00                 3.20            288.8             0.00
ContactsAddContact                            5                 5.00               0.00                12.00            898.4             0.00
ExpenseAddSingle                              6                 5.00               0.00                12.00           1845.3             0.00
FilesDeleteFile                               7                 5.00               0.00                22.00           2613.2             0.00
MarkorCreateFolder                            8                 5.00               0.00                10.00            946.6             0.00
NotesIsTodo                                   9                 5.00               0.00                10.00            595.5             0.00
OpenAppTaskEval                              10                 5.00               1.00                 1.40            124.6             0.00
OsmAndFavorite                               11                 5.00               0.00                13.00            615.4             0.00
RecipeDeleteSingleRecipe                     12                 5.00               0.40                 9.80            848.0             0.00
RecipeDeleteSingleWithRecipeWithNoise        13                 5.00               0.00                20.00           2438.6             0.00
RetroPlayingQueue                            14                 0.00                NaN                  NaN            110.6             5.00
SimpleCalendarAddOneEventTomorrow            15                 5.00               0.00                34.00           1722.8             0.00
SimpleDrawProCreateDrawing                   16                 5.00               0.00                18.00            887.3             0.00
SimpleSmsReply                               17                 5.00               0.00                12.00           1105.3             0.00
SportsTrackerActivitiesCountForWeek          18                 5.00               0.00                10.00            481.4             0.00
SystemWifiTurnOn                             19                 5.00               0.00                10.00            479.9             0.00
TasksDueOnDate                               20                 3.00               0.00                10.00            286.6             0.00
========= Average =========                   0                 4.67               0.16                12.71            974.1             0.24


                         mean_success_rate       
difficulty                            easy medium
tags                                             
complex_ui_understanding                 -    0.0
data_edit                              0.2    0.0
data_entry                             0.0      -
game_playing                           0.0      -
information_retrieval                  0.0      -
parameterized                         0.11    0.0
requires_setup                         0.0      -
screen_reading                         0.0      -
search                                0.07    0.0
untagged                               0.5      -
verification                           0.8      -
W0813 16:06:13.556298 132979839951936 task_eval.py:125] Skipping app snapshot loading : Snapshot not found in /data/data/android_world/snapshots/org.tasks.
Running task TasksDueOnDate with goal "What tasks do I have due October 26 in Tasks app? Answer with the titles only. If there are multiples titles, format your answer in a comma separated list."
Completed step 1.
Completed step 2.
Completed step 3.
Completed step 4.
Completed step 5.
Completed step 6.
Completed step 7.
Completed step 8.
Completed step 9.
Completed step 10.
Agent did not indicate task is done. Reached max number of steps.
Task Failed ❌;  What tasks do I have due October 26 in Tasks app? Answer with the titles only. If there are multiples titles, format your answer in a comma separated list.
W0813 16:07:50.532505 132979839951936 task_eval.py:125] Skipping app snapshot loading : Snapshot not found in /data/data/android_world/snapshots/org.tasks.


                                       task_num  num_complete_trials  mean_success_rate  mean_episode_length  total_runtime_s  num_fail_trials
task                                                                                                                                          
AudioRecorderRecordAudio                      0                 5.00               0.00                12.00          1079.90             0.00
BrowserDraw                                   1                 5.00               0.00                20.00          2083.10             0.00
CameraTakePhoto                               2                 5.00               0.00                10.00           585.00             0.00
ClockStopWatchPausedVerify                    3                 5.00               0.80                 4.80           419.80             0.00
ClockStopWatchRunning                         4                 5.00               1.00                 3.20           288.80             0.00
ContactsAddContact                            5                 5.00               0.00                12.00           898.40             0.00
ExpenseAddSingle                              6                 5.00               0.00                12.00          1845.30             0.00
FilesDeleteFile                               7                 5.00               0.00                22.00          2613.20             0.00
MarkorCreateFolder                            8                 5.00               0.00                10.00           946.60             0.00
NotesIsTodo                                   9                 5.00               0.00                10.00           595.50             0.00
OpenAppTaskEval                              10                 5.00               1.00                 1.40           124.60             0.00
OsmAndFavorite                               11                 5.00               0.00                13.00           615.40             0.00
RecipeDeleteSingleRecipe                     12                 5.00               0.40                 9.80           848.00             0.00
RecipeDeleteSingleWithRecipeWithNoise        13                 5.00               0.00                20.00          2438.60             0.00
RetroPlayingQueue                            14                 0.00                NaN                  NaN           110.60             5.00
SimpleCalendarAddOneEventTomorrow            15                 5.00               0.00                34.00          1722.80             0.00
SimpleDrawProCreateDrawing                   16                 5.00               0.00                18.00           887.30             0.00
SimpleSmsReply                               17                 5.00               0.00                12.00          1105.30             0.00
SportsTrackerActivitiesCountForWeek          18                 5.00               0.00                10.00           481.40             0.00
SystemWifiTurnOn                             19                 5.00               0.00                10.00           479.90             0.00
TasksDueOnDate                               20                 4.00               0.00                10.00           382.80             0.00
========= Average =========                   0                 4.71               0.16                12.71           978.68             0.24


                         mean_success_rate       
difficulty                            easy medium
tags                                             
complex_ui_understanding                 -    0.0
data_edit                              0.2    0.0
data_entry                             0.0      -
game_playing                           0.0      -
information_retrieval                  0.0      -
parameterized                         0.11    0.0
requires_setup                         0.0      -
screen_reading                         0.0      -
search                                0.07    0.0
untagged                               0.5      -
verification                           0.8      -
W0813 16:07:54.106470 132979839951936 task_eval.py:125] Skipping app snapshot loading : Snapshot not found in /data/data/android_world/snapshots/org.tasks.
Running task TasksDueOnDate with goal "What tasks do I have due October 17 in Tasks app? Answer with the titles only. If there are multiples titles, format your answer in a comma separated list."
Completed step 1.
Completed step 2.
Completed step 3.
Completed step 4.
Completed step 5.
Completed step 6.
Completed step 7.
Completed step 8.
Completed step 9.
Completed step 10.
Agent did not indicate task is done. Reached max number of steps.
Task Failed ❌;  What tasks do I have due October 17 in Tasks app? Answer with the titles only. If there are multiples titles, format your answer in a comma separated list.
W0813 16:09:35.206685 132979839951936 task_eval.py:125] Skipping app snapshot loading : Snapshot not found in /data/data/android_world/snapshots/org.tasks.


                                       task_num  num_complete_trials  mean_success_rate  mean_episode_length  total_runtime_s  num_fail_trials
task                                                                                                                                          
AudioRecorderRecordAudio                      0                 5.00               0.00                12.00          1079.90             0.00
BrowserDraw                                   1                 5.00               0.00                20.00          2083.10             0.00
CameraTakePhoto                               2                 5.00               0.00                10.00           585.00             0.00
ClockStopWatchPausedVerify                    3                 5.00               0.80                 4.80           419.80             0.00
ClockStopWatchRunning                         4                 5.00               1.00                 3.20           288.80             0.00
ContactsAddContact                            5                 5.00               0.00                12.00           898.40             0.00
ExpenseAddSingle                              6                 5.00               0.00                12.00          1845.30             0.00
FilesDeleteFile                               7                 5.00               0.00                22.00          2613.20             0.00
MarkorCreateFolder                            8                 5.00               0.00                10.00           946.60             0.00
NotesIsTodo                                   9                 5.00               0.00                10.00           595.50             0.00
OpenAppTaskEval                              10                 5.00               1.00                 1.40           124.60             0.00
OsmAndFavorite                               11                 5.00               0.00                13.00           615.40             0.00
RecipeDeleteSingleRecipe                     12                 5.00               0.40                 9.80           848.00             0.00
RecipeDeleteSingleWithRecipeWithNoise        13                 5.00               0.00                20.00          2438.60             0.00
RetroPlayingQueue                            14                 0.00                NaN                  NaN           110.60             5.00
SimpleCalendarAddOneEventTomorrow            15                 5.00               0.00                34.00          1722.80             0.00
SimpleDrawProCreateDrawing                   16                 5.00               0.00                18.00           887.30             0.00
SimpleSmsReply                               17                 5.00               0.00                12.00          1105.30             0.00
SportsTrackerActivitiesCountForWeek          18                 5.00               0.00                10.00           481.40             0.00
SystemWifiTurnOn                             19                 5.00               0.00                10.00           479.90             0.00
TasksDueOnDate                               20                 5.00               0.00                10.00           483.10             0.00
========= Average =========                   0                 4.76               0.16                12.71           983.46             0.24


                         mean_success_rate       
difficulty                            easy medium
tags                                             
complex_ui_understanding                 -    0.0
data_edit                              0.2    0.0
data_entry                             0.0      -
game_playing                           0.0      -
information_retrieval                  0.0      -
parameterized                         0.11    0.0
requires_setup                         0.0      -
screen_reading                         0.0      -
search                                0.07    0.0
untagged                               0.5      -
verification                           0.8      -

Running task: VlcCreatePlaylist
===============================
W0813 16:09:38.832028 132979839951936 task_eval.py:125] Skipping app snapshot loading : Snapshot not found in /data/data/android_world/snapshots/org.videolan.vlc.
Running task VlcCreatePlaylist with goal "Create a playlist titled "Ultimate Fails Series" with the following files in VLC (located in Internal Memory/VLCVideos), in order: highlight_41_4K_2023_03_30.mp4, scene_68_4K_copy.mp4"
Completed step 1.
Completed step 2.
Completed step 3.
Completed step 4.
Completed step 5.
Completed step 6.
Completed step 7.
Completed step 8.
Completed step 9.
Completed step 10.
Completed step 11.
Completed step 12.
Completed step 13.
Completed step 14.
Completed step 15.
Completed step 16.
Completed step 17.
Completed step 18.
Completed step 19.
Completed step 20.
Completed step 21.
Completed step 22.
Completed step 23.
Completed step 24.
Completed step 25.
Completed step 26.
Completed step 27.
Completed step 28.
Agent did not indicate task is done. Reached max number of steps.
Task Failed ❌;  Create a playlist titled "Ultimate Fails Series" with the following files in VLC (located in Internal Memory/VLCVideos), in order: highlight_41_4K_2023_03_30.mp4, scene_68_4K_copy.mp4
W0813 16:14:18.280703 132979839951936 task_eval.py:125] Skipping app snapshot loading : Snapshot not found in /data/data/android_world/snapshots/org.videolan.vlc.


                                       task_num  num_complete_trials  mean_success_rate  mean_episode_length  total_runtime_s  num_fail_trials
task                                                                                                                                          
AudioRecorderRecordAudio                      0                 5.00               0.00                12.00          1079.90             0.00
BrowserDraw                                   1                 5.00               0.00                20.00          2083.10             0.00
CameraTakePhoto                               2                 5.00               0.00                10.00           585.00             0.00
ClockStopWatchPausedVerify                    3                 5.00               0.80                 4.80           419.80             0.00
ClockStopWatchRunning                         4                 5.00               1.00                 3.20           288.80             0.00
ContactsAddContact                            5                 5.00               0.00                12.00           898.40             0.00
ExpenseAddSingle                              6                 5.00               0.00                12.00          1845.30             0.00
FilesDeleteFile                               7                 5.00               0.00                22.00          2613.20             0.00
MarkorCreateFolder                            8                 5.00               0.00                10.00           946.60             0.00
NotesIsTodo                                   9                 5.00               0.00                10.00           595.50             0.00
OpenAppTaskEval                              10                 5.00               1.00                 1.40           124.60             0.00
OsmAndFavorite                               11                 5.00               0.00                13.00           615.40             0.00
RecipeDeleteSingleRecipe                     12                 5.00               0.40                 9.80           848.00             0.00
RecipeDeleteSingleWithRecipeWithNoise        13                 5.00               0.00                20.00          2438.60             0.00
RetroPlayingQueue                            14                 0.00                NaN                  NaN           110.60             5.00
SimpleCalendarAddOneEventTomorrow            15                 5.00               0.00                34.00          1722.80             0.00
SimpleDrawProCreateDrawing                   16                 5.00               0.00                18.00           887.30             0.00
SimpleSmsReply                               17                 5.00               0.00                12.00          1105.30             0.00
SportsTrackerActivitiesCountForWeek          18                 5.00               0.00                10.00           481.40             0.00
SystemWifiTurnOn                             19                 5.00               0.00                10.00           479.90             0.00
TasksDueOnDate                               20                 5.00               0.00                10.00           483.10             0.00
VlcCreatePlaylist                            21                 1.00               0.00                28.00           280.10             0.00
========= Average =========                   0                 4.59               0.15                13.44           951.49             0.23


                         mean_success_rate       
difficulty                            easy medium
tags                                             
complex_ui_understanding                 -    0.0
data_edit                              0.2    0.0
data_entry                             0.0      -
game_playing                           0.0      -
information_retrieval                  0.0      -
parameterized                         0.11    0.0
repetition                               -    0.0
requires_setup                         0.0      -
screen_reading                         0.0      -
search                                0.07    0.0
untagged                               0.5      -
verification                           0.8      -
W0813 16:14:30.582495 132979839951936 task_eval.py:125] Skipping app snapshot loading : Snapshot not found in /data/data/android_world/snapshots/org.videolan.vlc.
Running task VlcCreatePlaylist with goal "Create a playlist titled "Mystery and Thrills Ultimate Collection" with the following files in VLC (located in Internal Memory/VLCVideos), in order: 2023_04_20_moment_42_4K.mp4, recording_15_raw_final.mp4"
Completed step 1.
Completed step 2.
Completed step 3.
Completed step 4.
Completed step 5.
Completed step 6.
Completed step 7.
Completed step 8.
Completed step 9.
Completed step 10.
Completed step 11.
Completed step 12.
Completed step 13.
Completed step 14.
Completed step 15.
Completed step 16.
Completed step 17.
Completed step 18.
Completed step 19.
Completed step 20.
Completed step 21.
Completed step 22.
Completed step 23.
Completed step 24.
Completed step 25.
Completed step 26.
Completed step 27.
Completed step 28.
Agent did not indicate task is done. Reached max number of steps.
Task Failed ❌;  Create a playlist titled "Mystery and Thrills Ultimate Collection" with the following files in VLC (located in Internal Memory/VLCVideos), in order: 2023_04_20_moment_42_4K.mp4, recording_15_raw_final.mp4
W0813 16:19:31.324540 132979839951936 task_eval.py:125] Skipping app snapshot loading : Snapshot not found in /data/data/android_world/snapshots/org.videolan.vlc.


                                       task_num  num_complete_trials  mean_success_rate  mean_episode_length  total_runtime_s  num_fail_trials
task                                                                                                                                          
AudioRecorderRecordAudio                      0                 5.00               0.00                12.00          1079.90             0.00
BrowserDraw                                   1                 5.00               0.00                20.00          2083.10             0.00
CameraTakePhoto                               2                 5.00               0.00                10.00           585.00             0.00
ClockStopWatchPausedVerify                    3                 5.00               0.80                 4.80           419.80             0.00
ClockStopWatchRunning                         4                 5.00               1.00                 3.20           288.80             0.00
ContactsAddContact                            5                 5.00               0.00                12.00           898.40             0.00
ExpenseAddSingle                              6                 5.00               0.00                12.00          1845.30             0.00
FilesDeleteFile                               7                 5.00               0.00                22.00          2613.20             0.00
MarkorCreateFolder                            8                 5.00               0.00                10.00           946.60             0.00
NotesIsTodo                                   9                 5.00               0.00                10.00           595.50             0.00
OpenAppTaskEval                              10                 5.00               1.00                 1.40           124.60             0.00
OsmAndFavorite                               11                 5.00               0.00                13.00           615.40             0.00
RecipeDeleteSingleRecipe                     12                 5.00               0.40                 9.80           848.00             0.00
RecipeDeleteSingleWithRecipeWithNoise        13                 5.00               0.00                20.00          2438.60             0.00
RetroPlayingQueue                            14                 0.00                NaN                  NaN           110.60             5.00
SimpleCalendarAddOneEventTomorrow            15                 5.00               0.00                34.00          1722.80             0.00
SimpleDrawProCreateDrawing                   16                 5.00               0.00                18.00           887.30             0.00
SimpleSmsReply                               17                 5.00               0.00                12.00          1105.30             0.00
SportsTrackerActivitiesCountForWeek          18                 5.00               0.00                10.00           481.40             0.00
SystemWifiTurnOn                             19                 5.00               0.00                10.00           479.90             0.00
TasksDueOnDate                               20                 5.00               0.00                10.00           483.10             0.00
VlcCreatePlaylist                            21                 2.00               0.00                28.00           581.60             0.00
========= Average =========                   0                 4.64               0.15                13.44           965.19             0.23


                         mean_success_rate       
difficulty                            easy medium
tags                                             
complex_ui_understanding                 -    0.0
data_edit                              0.2    0.0
data_entry                             0.0      -
game_playing                           0.0      -
information_retrieval                  0.0      -
parameterized                         0.11    0.0
repetition                               -    0.0
requires_setup                         0.0      -
screen_reading                         0.0      -
search                                0.07    0.0
untagged                               0.5      -
verification                           0.8      -
W0813 16:19:44.112657 132979839951936 task_eval.py:125] Skipping app snapshot loading : Snapshot not found in /data/data/android_world/snapshots/org.videolan.vlc.
Running task VlcCreatePlaylist with goal "Create a playlist titled "Comedy Series" with the following files in VLC (located in Internal Memory/VLCVideos), in order: 2023_02_13_footage_40_raw.mp4, 2023_08_17_episode_41_raw.mp4, episode_33_export_2023_07_13.mp4, copy_highlight_91_raw.mp4"
Completed step 1.
Completed step 2.
Completed step 3.
Completed step 4.
Completed step 5.
Completed step 6.
Completed step 7.
Completed step 8.
Completed step 9.
Completed step 10.
Completed step 11.
Completed step 12.
Completed step 13.
Completed step 14.
Completed step 15.
Completed step 16.
Completed step 17.
Completed step 18.
Completed step 19.
Completed step 20.
Completed step 21.
Completed step 22.
Completed step 23.
Completed step 24.
Completed step 25.
Completed step 26.
Completed step 27.
Completed step 28.
Agent did not indicate task is done. Reached max number of steps.
Task Failed ❌;  Create a playlist titled "Comedy Series" with the following files in VLC (located in Internal Memory/VLCVideos), in order: 2023_02_13_footage_40_raw.mp4, 2023_08_17_episode_41_raw.mp4, episode_33_export_2023_07_13.mp4, copy_highlight_91_raw.mp4
W0813 16:24:31.903111 132979839951936 task_eval.py:125] Skipping app snapshot loading : Snapshot not found in /data/data/android_world/snapshots/org.videolan.vlc.


                                       task_num  num_complete_trials  mean_success_rate  mean_episode_length  total_runtime_s  num_fail_trials
task                                                                                                                                          
AudioRecorderRecordAudio                      0                 5.00               0.00                12.00          1079.90             0.00
BrowserDraw                                   1                 5.00               0.00                20.00          2083.10             0.00
CameraTakePhoto                               2                 5.00               0.00                10.00           585.00             0.00
ClockStopWatchPausedVerify                    3                 5.00               0.80                 4.80           419.80             0.00
ClockStopWatchRunning                         4                 5.00               1.00                 3.20           288.80             0.00
ContactsAddContact                            5                 5.00               0.00                12.00           898.40             0.00
ExpenseAddSingle                              6                 5.00               0.00                12.00          1845.30             0.00
FilesDeleteFile                               7                 5.00               0.00                22.00          2613.20             0.00
MarkorCreateFolder                            8                 5.00               0.00                10.00           946.60             0.00
NotesIsTodo                                   9                 5.00               0.00                10.00           595.50             0.00
OpenAppTaskEval                              10                 5.00               1.00                 1.40           124.60             0.00
OsmAndFavorite                               11                 5.00               0.00                13.00           615.40             0.00
RecipeDeleteSingleRecipe                     12                 5.00               0.40                 9.80           848.00             0.00
RecipeDeleteSingleWithRecipeWithNoise        13                 5.00               0.00                20.00          2438.60             0.00
RetroPlayingQueue                            14                 0.00                NaN                  NaN           110.60             5.00
SimpleCalendarAddOneEventTomorrow            15                 5.00               0.00                34.00          1722.80             0.00
SimpleDrawProCreateDrawing                   16                 5.00               0.00                18.00           887.30             0.00
SimpleSmsReply                               17                 5.00               0.00                12.00          1105.30             0.00
SportsTrackerActivitiesCountForWeek          18                 5.00               0.00                10.00           481.40             0.00
SystemWifiTurnOn                             19                 5.00               0.00                10.00           479.90             0.00
TasksDueOnDate                               20                 5.00               0.00                10.00           483.10             0.00
VlcCreatePlaylist                            21                 3.00               0.00                28.00           870.20             0.00
========= Average =========                   0                 4.68               0.15                13.44           978.31             0.23


                         mean_success_rate       
difficulty                            easy medium
tags                                             
complex_ui_understanding                 -    0.0
data_edit                              0.2    0.0
data_entry                             0.0      -
game_playing                           0.0      -
information_retrieval                  0.0      -
parameterized                         0.11    0.0
repetition                               -    0.0
requires_setup                         0.0      -
screen_reading                         0.0      -
search                                0.07    0.0
untagged                               0.5      -
verification                           0.8      -
W0813 16:24:47.298495 132979839951936 task_eval.py:125] Skipping app snapshot loading : Snapshot not found in /data/data/android_world/snapshots/org.videolan.vlc.
Running task VlcCreatePlaylist with goal "Create a playlist titled "Road Trips Essentials" with the following files in VLC (located in Internal Memory/VLCVideos), in order: footage_78_export_2023_02_08.mp4, aXM7_moment_88_HD.mp4"
Completed step 1.
Completed step 2.
Completed step 3.
Completed step 4.
Completed step 5.
Completed step 6.
Completed step 7.
Completed step 8.
Completed step 9.
Completed step 10.
Completed step 11.
Completed step 12.
Completed step 13.
Completed step 14.
Completed step 15.
Completed step 16.
Completed step 17.
Completed step 18.
Completed step 19.
Completed step 20.
Completed step 21.
Completed step 22.
Completed step 23.
Completed step 24.
Completed step 25.
Completed step 26.
Completed step 27.
Completed step 28.
Agent did not indicate task is done. Reached max number of steps.
Task Failed ❌;  Create a playlist titled "Road Trips Essentials" with the following files in VLC (located in Internal Memory/VLCVideos), in order: footage_78_export_2023_02_08.mp4, aXM7_moment_88_HD.mp4
W0813 16:29:26.848247 132979839951936 task_eval.py:125] Skipping app snapshot loading : Snapshot not found in /data/data/android_world/snapshots/org.videolan.vlc.


                                       task_num  num_complete_trials  mean_success_rate  mean_episode_length  total_runtime_s  num_fail_trials
task                                                                                                                                          
AudioRecorderRecordAudio                      0                 5.00               0.00                12.00          1079.90             0.00
BrowserDraw                                   1                 5.00               0.00                20.00          2083.10             0.00
CameraTakePhoto                               2                 5.00               0.00                10.00           585.00             0.00
ClockStopWatchPausedVerify                    3                 5.00               0.80                 4.80           419.80             0.00
ClockStopWatchRunning                         4                 5.00               1.00                 3.20           288.80             0.00
ContactsAddContact                            5                 5.00               0.00                12.00           898.40             0.00
ExpenseAddSingle                              6                 5.00               0.00                12.00          1845.30             0.00
FilesDeleteFile                               7                 5.00               0.00                22.00          2613.20             0.00
MarkorCreateFolder                            8                 5.00               0.00                10.00           946.60             0.00
NotesIsTodo                                   9                 5.00               0.00                10.00           595.50             0.00
OpenAppTaskEval                              10                 5.00               1.00                 1.40           124.60             0.00
OsmAndFavorite                               11                 5.00               0.00                13.00           615.40             0.00
RecipeDeleteSingleRecipe                     12                 5.00               0.40                 9.80           848.00             0.00
RecipeDeleteSingleWithRecipeWithNoise        13                 5.00               0.00                20.00          2438.60             0.00
RetroPlayingQueue                            14                 0.00                NaN                  NaN           110.60             5.00
SimpleCalendarAddOneEventTomorrow            15                 5.00               0.00                34.00          1722.80             0.00
SimpleDrawProCreateDrawing                   16                 5.00               0.00                18.00           887.30             0.00
SimpleSmsReply                               17                 5.00               0.00                12.00          1105.30             0.00
SportsTrackerActivitiesCountForWeek          18                 5.00               0.00                10.00           481.40             0.00
SystemWifiTurnOn                             19                 5.00               0.00                10.00           479.90             0.00
TasksDueOnDate                               20                 5.00               0.00                10.00           483.10             0.00
VlcCreatePlaylist                            21                 4.00               0.00                28.00          1150.50             0.00
========= Average =========                   0                 4.73               0.15                13.44           991.05             0.23


                         mean_success_rate       
difficulty                            easy medium
tags                                             
complex_ui_understanding                 -    0.0
data_edit                              0.2    0.0
data_entry                             0.0      -
game_playing                           0.0      -
information_retrieval                  0.0      -
parameterized                         0.11    0.0
repetition                               -    0.0
requires_setup                         0.0      -
screen_reading                         0.0      -
search                                0.07    0.0
untagged                               0.5      -
verification                           0.8      -
W0813 16:29:39.191539 132979839951936 task_eval.py:125] Skipping app snapshot loading : Snapshot not found in /data/data/android_world/snapshots/org.videolan.vlc.
Running task VlcCreatePlaylist with goal "Create a playlist titled "How To Favorites" with the following files in VLC (located in Internal Memory/VLCVideos), in order: highlight_68_HD_final.mp4, highlight_10_raw_js2b.mp4"
Completed step 1.
Completed step 2.
Completed step 3.
Completed step 4.
Completed step 5.
Completed step 6.
Completed step 7.
Completed step 8.
Completed step 9.
Completed step 10.
Completed step 11.
Completed step 12.
Completed step 13.
Completed step 14.
Completed step 15.
Completed step 16.
Completed step 17.
Completed step 18.
Completed step 19.
Completed step 20.
Completed step 21.
Completed step 22.
Completed step 23.
Completed step 24.
Completed step 25.
Completed step 26.
Completed step 27.
Completed step 28.
Agent did not indicate task is done. Reached max number of steps.
Task Failed ❌;  Create a playlist titled "How To Favorites" with the following files in VLC (located in Internal Memory/VLCVideos), in order: highlight_68_HD_final.mp4, highlight_10_raw_js2b.mp4
W0813 16:34:23.595304 132979839951936 task_eval.py:125] Skipping app snapshot loading : Snapshot not found in /data/data/android_world/snapshots/org.videolan.vlc.


                                       task_num  num_complete_trials  mean_success_rate  mean_episode_length  total_runtime_s  num_fail_trials
task                                                                                                                                          
AudioRecorderRecordAudio                      0                 5.00               0.00                12.00          1079.90             0.00
BrowserDraw                                   1                 5.00               0.00                20.00          2083.10             0.00
CameraTakePhoto                               2                 5.00               0.00                10.00           585.00             0.00
ClockStopWatchPausedVerify                    3                 5.00               0.80                 4.80           419.80             0.00
ClockStopWatchRunning                         4                 5.00               1.00                 3.20           288.80             0.00
ContactsAddContact                            5                 5.00               0.00                12.00           898.40             0.00
ExpenseAddSingle                              6                 5.00               0.00                12.00          1845.30             0.00
FilesDeleteFile                               7                 5.00               0.00                22.00          2613.20             0.00
MarkorCreateFolder                            8                 5.00               0.00                10.00           946.60             0.00
NotesIsTodo                                   9                 5.00               0.00                10.00           595.50             0.00
OpenAppTaskEval                              10                 5.00               1.00                 1.40           124.60             0.00
OsmAndFavorite                               11                 5.00               0.00                13.00           615.40             0.00
RecipeDeleteSingleRecipe                     12                 5.00               0.40                 9.80           848.00             0.00
RecipeDeleteSingleWithRecipeWithNoise        13                 5.00               0.00                20.00          2438.60             0.00
RetroPlayingQueue                            14                 0.00                NaN                  NaN           110.60             5.00
SimpleCalendarAddOneEventTomorrow            15                 5.00               0.00                34.00          1722.80             0.00
SimpleDrawProCreateDrawing                   16                 5.00               0.00                18.00           887.30             0.00
SimpleSmsReply                               17                 5.00               0.00                12.00          1105.30             0.00
SportsTrackerActivitiesCountForWeek          18                 5.00               0.00                10.00           481.40             0.00
SystemWifiTurnOn                             19                 5.00               0.00                10.00           479.90             0.00
TasksDueOnDate                               20                 5.00               0.00                10.00           483.10             0.00
VlcCreatePlaylist                            21                 5.00               0.00                28.00          1435.70             0.00
========= Average =========                   0                 4.77               0.15                13.44          1004.01             0.23


                         mean_success_rate       
difficulty                            easy medium
tags                                             
complex_ui_understanding                 -    0.0
data_edit                              0.2    0.0
data_entry                             0.0      -
game_playing                           0.0      -
information_retrieval                  0.0      -
parameterized                         0.11    0.0
repetition                               -    0.0
requires_setup                         0.0      -
screen_reading                         0.0      -
search                                0.07    0.0
untagged                               0.5      -
verification                           0.8      -

Summary: SR=nan, avg_steps_per_task=nan, avg_tokens_per_task=262223.07, num_tasks=110. Wrote /home/suyichn/android_world_results/mini_benchmark_zero_shot_20260813_101751/summary.json
Finished running agent zero_shot on android_world family. Wrote to /home/suyichn/android_world_results/mini_benchmark_zero_shot_20260813_101751/run_20260813T101821970123.
