/home/suyichn/projects/android_world/android_world/agents/infer.py:23: FutureWarning: 

All support for the `google.generativeai` package has ended. It will no longer be receiving 
updates or bug fixes. Please switch to the `google.genai` package as soon as possible.
See README for more details:

https://github.com/google-gemini/deprecated-generative-ai-python/blob/main/README.md

  import google.generativeai as genai
Initializing agent...
Starting eval with agent static_memory and writing to /home/suyichn/android_world_results/baseline_b_mini_benchmark_20260814_151229/run_20260814T151302272882
Incremental results CSV: /home/suyichn/android_world_results/baseline_b_mini_benchmark_20260814_151229/results.csv
Benchmark config: mini-benchmark-v1; tasks=22; n_task_combinations=5; seed=30
Running task: OpenAppTaskEval
=============================
W0814 15:13:03.340429 124305553613888 task_eval.py:125] Skipping app snapshot loading : Snapshot not found in /data/data/android_world/snapshots/com.android.camera2.
W0814 15:13:03.652057 124305553613888 task_eval.py:125] Skipping app snapshot loading : Snapshot not found in /data/data/android_world/snapshots/com.google.android.deskclock.
W0814 15:13:03.899657 124305553613888 task_eval.py:125] Skipping app snapshot loading : Snapshot not found in /data/data/android_world/snapshots/com.google.android.contacts.
W0814 15:13:04.192551 124305553613888 task_eval.py:125] Skipping app snapshot loading : Snapshot not found in /data/data/android_world/snapshots/com.android.settings.
W0814 15:13:04.520182 124305553613888 task_eval.py:125] Skipping app snapshot loading : Snapshot not found in /data/data/android_world/snapshots/com.google.android.dialer.
Running task OpenAppTaskEval with goal "Open the contacts app. Clear any pop-ups that may appear by granting all permissions that are required."
W0814 15:13:05.097649 124305553613888 android_world_controller.py:98] Could not get a11y tree, retrying.
Completed step 1.
Completed step 2.
Environment ends episode.
Task Successful ✅;  Open the contacts app. Clear any pop-ups that may appear by granting all permissions that are required.
W0814 15:14:13.345813 124305553613888 task_eval.py:125] Skipping app snapshot loading : Snapshot not found in /data/data/android_world/snapshots/com.android.camera2.
W0814 15:14:13.592355 124305553613888 task_eval.py:125] Skipping app snapshot loading : Snapshot not found in /data/data/android_world/snapshots/com.google.android.deskclock.
W0814 15:14:13.917620 124305553613888 task_eval.py:125] Skipping app snapshot loading : Snapshot not found in /data/data/android_world/snapshots/com.google.android.contacts.
W0814 15:14:14.337981 124305553613888 task_eval.py:125] Skipping app snapshot loading : Snapshot not found in /data/data/android_world/snapshots/com.android.settings.
W0814 15:14:14.610285 124305553613888 task_eval.py:125] Skipping app snapshot loading : Snapshot not found in /data/data/android_world/snapshots/com.google.android.dialer.


                             task_num  num_complete_trials  mean_success_rate  mean_episode_length  total_runtime_s  num_fail_trials
task                                                                                                                                
OpenAppTaskEval                     0                  1.0                1.0                  2.0             70.8              0.0
========= Average =========         0                  1.0                1.0                  2.0             70.8              0.0


              mean_success_rate
difficulty                 easy
tags                           
parameterized               1.0
W0814 15:14:16.798289 124305553613888 task_eval.py:125] Skipping app snapshot loading : Snapshot not found in /data/data/android_world/snapshots/com.android.camera2.
W0814 15:14:17.019596 124305553613888 task_eval.py:125] Skipping app snapshot loading : Snapshot not found in /data/data/android_world/snapshots/com.google.android.deskclock.
W0814 15:14:17.274229 124305553613888 task_eval.py:125] Skipping app snapshot loading : Snapshot not found in /data/data/android_world/snapshots/com.google.android.contacts.
W0814 15:14:17.524260 124305553613888 task_eval.py:125] Skipping app snapshot loading : Snapshot not found in /data/data/android_world/snapshots/com.android.settings.
W0814 15:14:17.810656 124305553613888 task_eval.py:125] Skipping app snapshot loading : Snapshot not found in /data/data/android_world/snapshots/com.google.android.dialer.
Running task OpenAppTaskEval with goal "Open the contacts app. Clear any pop-ups that may appear by granting all permissions that are required."
W0814 15:14:18.331508 124305553613888 android_world_controller.py:98] Could not get a11y tree, retrying.
W0814 15:14:22.265234 124305553613888 android_world_controller.py:98] Could not get a11y tree, retrying.
Completed step 1.
Completed step 2.
Environment ends episode.
Task Successful ✅;  Open the contacts app. Clear any pop-ups that may appear by granting all permissions that are required.
W0814 15:15:24.485457 124305553613888 task_eval.py:125] Skipping app snapshot loading : Snapshot not found in /data/data/android_world/snapshots/com.android.camera2.
W0814 15:15:24.740461 124305553613888 task_eval.py:125] Skipping app snapshot loading : Snapshot not found in /data/data/android_world/snapshots/com.google.android.deskclock.
W0814 15:15:25.107821 124305553613888 task_eval.py:125] Skipping app snapshot loading : Snapshot not found in /data/data/android_world/snapshots/com.google.android.contacts.
W0814 15:15:25.426893 124305553613888 task_eval.py:125] Skipping app snapshot loading : Snapshot not found in /data/data/android_world/snapshots/com.android.settings.
W0814 15:15:25.722474 124305553613888 task_eval.py:125] Skipping app snapshot loading : Snapshot not found in /data/data/android_world/snapshots/com.google.android.dialer.


                             task_num  num_complete_trials  mean_success_rate  mean_episode_length  total_runtime_s  num_fail_trials
task                                                                                                                                
OpenAppTaskEval                     0                  2.0                1.0                  2.0            139.1              0.0
========= Average =========         0                  2.0                1.0                  2.0            139.1              0.0


              mean_success_rate
difficulty                 easy
tags                           
parameterized               1.0
W0814 15:15:27.586639 124305553613888 task_eval.py:125] Skipping app snapshot loading : Snapshot not found in /data/data/android_world/snapshots/com.android.camera2.
W0814 15:15:27.842699 124305553613888 task_eval.py:125] Skipping app snapshot loading : Snapshot not found in /data/data/android_world/snapshots/com.google.android.deskclock.
W0814 15:15:28.071305 124305553613888 task_eval.py:125] Skipping app snapshot loading : Snapshot not found in /data/data/android_world/snapshots/com.google.android.contacts.
W0814 15:15:28.297986 124305553613888 task_eval.py:125] Skipping app snapshot loading : Snapshot not found in /data/data/android_world/snapshots/com.android.settings.
W0814 15:15:28.595607 124305553613888 task_eval.py:125] Skipping app snapshot loading : Snapshot not found in /data/data/android_world/snapshots/com.google.android.dialer.
Running task OpenAppTaskEval with goal "Open the camera app. Clear any pop-ups that may appear by granting all permissions that are required."
W0814 15:15:29.047703 124305553613888 android_world_controller.py:98] Could not get a11y tree, retrying.
Completed step 1.
Completed step 2.
Environment ends episode.
Task Successful ✅;  Open the camera app. Clear any pop-ups that may appear by granting all permissions that are required.
W0814 15:16:54.961505 124305553613888 task_eval.py:125] Skipping app snapshot loading : Snapshot not found in /data/data/android_world/snapshots/com.android.camera2.
W0814 15:16:55.430052 124305553613888 task_eval.py:125] Skipping app snapshot loading : Snapshot not found in /data/data/android_world/snapshots/com.google.android.deskclock.
W0814 15:16:55.717639 124305553613888 task_eval.py:125] Skipping app snapshot loading : Snapshot not found in /data/data/android_world/snapshots/com.google.android.contacts.
W0814 15:16:56.005582 124305553613888 task_eval.py:125] Skipping app snapshot loading : Snapshot not found in /data/data/android_world/snapshots/com.android.settings.
W0814 15:16:56.255058 124305553613888 task_eval.py:125] Skipping app snapshot loading : Snapshot not found in /data/data/android_world/snapshots/com.google.android.dialer.


                             task_num  num_complete_trials  mean_success_rate  mean_episode_length  total_runtime_s  num_fail_trials
task                                                                                                                                
OpenAppTaskEval                     0                  3.0                1.0                  2.0            227.0              0.0
========= Average =========         0                  3.0                1.0                  2.0            227.0              0.0


              mean_success_rate
difficulty                 easy
tags                           
parameterized               1.0
W0814 15:16:58.366816 124305553613888 task_eval.py:125] Skipping app snapshot loading : Snapshot not found in /data/data/android_world/snapshots/com.android.camera2.
W0814 15:16:58.602745 124305553613888 task_eval.py:125] Skipping app snapshot loading : Snapshot not found in /data/data/android_world/snapshots/com.google.android.deskclock.
W0814 15:16:58.828490 124305553613888 task_eval.py:125] Skipping app snapshot loading : Snapshot not found in /data/data/android_world/snapshots/com.google.android.contacts.
W0814 15:16:59.089301 124305553613888 task_eval.py:125] Skipping app snapshot loading : Snapshot not found in /data/data/android_world/snapshots/com.android.settings.
W0814 15:16:59.338312 124305553613888 task_eval.py:125] Skipping app snapshot loading : Snapshot not found in /data/data/android_world/snapshots/com.google.android.dialer.
Running task OpenAppTaskEval with goal "Open the camera app. Clear any pop-ups that may appear by granting all permissions that are required."
W0814 15:16:59.745152 124305553613888 android_world_controller.py:98] Could not get a11y tree, retrying.
Completed step 1.
Completed step 2.
Environment ends episode.
Task Successful ✅;  Open the camera app. Clear any pop-ups that may appear by granting all permissions that are required.
W0814 15:18:08.782739 124305553613888 task_eval.py:125] Skipping app snapshot loading : Snapshot not found in /data/data/android_world/snapshots/com.android.camera2.
W0814 15:18:09.159018 124305553613888 task_eval.py:125] Skipping app snapshot loading : Snapshot not found in /data/data/android_world/snapshots/com.google.android.deskclock.
W0814 15:18:09.527464 124305553613888 task_eval.py:125] Skipping app snapshot loading : Snapshot not found in /data/data/android_world/snapshots/com.google.android.contacts.
W0814 15:18:09.772993 124305553613888 task_eval.py:125] Skipping app snapshot loading : Snapshot not found in /data/data/android_world/snapshots/com.android.settings.
W0814 15:18:10.003694 124305553613888 task_eval.py:125] Skipping app snapshot loading : Snapshot not found in /data/data/android_world/snapshots/com.google.android.dialer.


                             task_num  num_complete_trials  mean_success_rate  mean_episode_length  total_runtime_s  num_fail_trials
task                                                                                                                                
OpenAppTaskEval                     0                  4.0                1.0                  2.0            298.1              0.0
========= Average =========         0                  4.0                1.0                  2.0            298.1              0.0


              mean_success_rate
difficulty                 easy
tags                           
parameterized               1.0
W0814 15:18:12.049316 124305553613888 task_eval.py:125] Skipping app snapshot loading : Snapshot not found in /data/data/android_world/snapshots/com.android.camera2.
W0814 15:18:12.264024 124305553613888 task_eval.py:125] Skipping app snapshot loading : Snapshot not found in /data/data/android_world/snapshots/com.google.android.deskclock.
W0814 15:18:12.527064 124305553613888 task_eval.py:125] Skipping app snapshot loading : Snapshot not found in /data/data/android_world/snapshots/com.google.android.contacts.
W0814 15:18:12.779679 124305553613888 task_eval.py:125] Skipping app snapshot loading : Snapshot not found in /data/data/android_world/snapshots/com.android.settings.
W0814 15:18:13.058421 124305553613888 task_eval.py:125] Skipping app snapshot loading : Snapshot not found in /data/data/android_world/snapshots/com.google.android.dialer.
Running task OpenAppTaskEval with goal "Open the dialer app. Clear any pop-ups that may appear by granting all permissions that are required."
W0814 15:18:13.507712 124305553613888 android_world_controller.py:98] Could not get a11y tree, retrying.
Completed step 1.
Environment ends episode.
Task Successful ✅;  Open the dialer app. Clear any pop-ups that may appear by granting all permissions that are required.
W0814 15:18:44.445630 124305553613888 task_eval.py:125] Skipping app snapshot loading : Snapshot not found in /data/data/android_world/snapshots/com.android.camera2.
W0814 15:18:44.630340 124305553613888 task_eval.py:125] Skipping app snapshot loading : Snapshot not found in /data/data/android_world/snapshots/com.google.android.deskclock.
W0814 15:18:44.822976 124305553613888 task_eval.py:125] Skipping app snapshot loading : Snapshot not found in /data/data/android_world/snapshots/com.google.android.contacts.
W0814 15:18:45.014268 124305553613888 task_eval.py:125] Skipping app snapshot loading : Snapshot not found in /data/data/android_world/snapshots/com.android.settings.
W0814 15:18:45.418803 124305553613888 task_eval.py:125] Skipping app snapshot loading : Snapshot not found in /data/data/android_world/snapshots/com.google.android.dialer.


                             task_num  num_complete_trials  mean_success_rate  mean_episode_length  total_runtime_s  num_fail_trials
task                                                                                                                                
OpenAppTaskEval                     0                  5.0                1.0                  1.8            331.3              0.0
========= Average =========         0                  5.0                1.0                  1.8            331.3              0.0


              mean_success_rate
difficulty                 easy
tags                           
parameterized               1.0

Running task: ClockStopWatchRunning
===================================
W0814 15:18:47.630313 124305553613888 task_eval.py:125] Skipping app snapshot loading : Snapshot not found in /data/data/android_world/snapshots/com.google.android.deskclock.
Running task ClockStopWatchRunning with goal "Run the stopwatch."
Completed step 1.
Completed step 2.
Completed step 3.
Completed step 4.
Completed step 5.
Completed step 6.
Completed step 7.
Completed step 8.
Completed step 9.
Completed step 10.
Agent did not indicate task is done. Reached max number of steps.
Task Failed ❌;  Run the stopwatch.
W0814 15:21:24.101646 124305553613888 task_eval.py:125] Skipping app snapshot loading : Snapshot not found in /data/data/android_world/snapshots/com.google.android.deskclock.


                             task_num  num_complete_trials  mean_success_rate  mean_episode_length  total_runtime_s  num_fail_trials
task                                                                                                                                
ClockStopWatchRunning               0                  1.0                0.0                 10.0            154.1              0.0
OpenAppTaskEval                     1                  5.0                1.0                  1.8            331.3              0.0
========= Average =========         0                  3.0                0.5                  5.9            242.7              0.0


              mean_success_rate
difficulty                 easy
tags                           
parameterized               1.0
untagged                    0.0
W0814 15:21:27.081088 124305553613888 task_eval.py:125] Skipping app snapshot loading : Snapshot not found in /data/data/android_world/snapshots/com.google.android.deskclock.
Running task ClockStopWatchRunning with goal "Run the stopwatch."
Completed step 1.
Agent indicates task is done.
Task Failed ❌;  Run the stopwatch.
W0814 15:21:47.493490 124305553613888 task_eval.py:125] Skipping app snapshot loading : Snapshot not found in /data/data/android_world/snapshots/com.google.android.deskclock.


                             task_num  num_complete_trials  mean_success_rate  mean_episode_length  total_runtime_s  num_fail_trials
task                                                                                                                                
ClockStopWatchRunning               0                  2.0                0.0                 5.50            175.3              0.0
OpenAppTaskEval                     1                  5.0                1.0                 1.80            331.3              0.0
========= Average =========         0                  3.5                0.5                 3.65            253.3              0.0


              mean_success_rate
difficulty                 easy
tags                           
parameterized               1.0
untagged                    0.0
W0814 15:21:49.341526 124305553613888 task_eval.py:125] Skipping app snapshot loading : Snapshot not found in /data/data/android_world/snapshots/com.google.android.deskclock.
Running task ClockStopWatchRunning with goal "Run the stopwatch."
Completed step 1.
Completed step 2.
Completed step 3.
Completed step 4.
Completed step 5.
Completed step 6.
Completed step 7.
Completed step 8.
Completed step 9.
Completed step 10.
Agent did not indicate task is done. Reached max number of steps.
Task Failed ❌;  Run the stopwatch.
W0814 15:24:21.670630 124305553613888 task_eval.py:125] Skipping app snapshot loading : Snapshot not found in /data/data/android_world/snapshots/com.google.android.deskclock.


                             task_num  num_complete_trials  mean_success_rate  mean_episode_length  total_runtime_s  num_fail_trials
task                                                                                                                                
ClockStopWatchRunning               0                  3.0                0.0                  7.0           327.80              0.0
OpenAppTaskEval                     1                  5.0                1.0                  1.8           331.30              0.0
========= Average =========         0                  4.0                0.5                  4.4           329.55              0.0


              mean_success_rate
difficulty                 easy
tags                           
parameterized               1.0
untagged                    0.0
W0814 15:24:24.510458 124305553613888 task_eval.py:125] Skipping app snapshot loading : Snapshot not found in /data/data/android_world/snapshots/com.google.android.deskclock.
Running task ClockStopWatchRunning with goal "Run the stopwatch."
W0814 15:24:25.164883 124305553613888 android_world_controller.py:98] Could not get a11y tree, retrying.
Completed step 1.
Completed step 2.
Environment ends episode.
Task Successful ✅;  Run the stopwatch.
W0814 15:25:17.593527 124305553613888 task_eval.py:125] Skipping app snapshot loading : Snapshot not found in /data/data/android_world/snapshots/com.google.android.deskclock.


                             task_num  num_complete_trials  mean_success_rate  mean_episode_length  total_runtime_s  num_fail_trials
task                                                                                                                                
ClockStopWatchRunning               0                  4.0               0.25                 5.75            381.5              0.0
OpenAppTaskEval                     1                  5.0               1.00                 1.80            331.3              0.0
========= Average =========         0                  4.5               0.62                 3.77            356.4              0.0


              mean_success_rate
difficulty                 easy
tags                           
parameterized              1.00
untagged                   0.25
W0814 15:25:20.094123 124305553613888 task_eval.py:125] Skipping app snapshot loading : Snapshot not found in /data/data/android_world/snapshots/com.google.android.deskclock.
Running task ClockStopWatchRunning with goal "Run the stopwatch."
W0814 15:25:20.751556 124305553613888 android_world_controller.py:98] Could not get a11y tree, retrying.
Completed step 1.
Agent indicates task is done.
Task Failed ❌;  Run the stopwatch.
W0814 15:25:41.080410 124305553613888 task_eval.py:125] Skipping app snapshot loading : Snapshot not found in /data/data/android_world/snapshots/com.google.android.deskclock.


                             task_num  num_complete_trials  mean_success_rate  mean_episode_length  total_runtime_s  num_fail_trials
task                                                                                                                                
ClockStopWatchRunning               0                  5.0                0.2                  4.8           403.60              0.0
OpenAppTaskEval                     1                  5.0                1.0                  1.8           331.30              0.0
========= Average =========         0                  5.0                0.6                  3.3           367.45              0.0


              mean_success_rate
difficulty                 easy
tags                           
parameterized               1.0
untagged                    0.2

Running task: ClockStopWatchPausedVerify
========================================
W0814 15:25:43.112243 124305553613888 task_eval.py:125] Skipping app snapshot loading : Snapshot not found in /data/data/android_world/snapshots/com.google.android.deskclock.
Running task ClockStopWatchPausedVerify with goal "Pause the stopwatch."
W0814 15:25:43.753982 124305553613888 android_world_controller.py:98] Could not get a11y tree, retrying.
Completed step 1.
Environment ends episode.
Task Successful ✅;  Pause the stopwatch.
W0814 15:26:13.431604 124305553613888 task_eval.py:125] Skipping app snapshot loading : Snapshot not found in /data/data/android_world/snapshots/com.google.android.deskclock.


                             task_num  num_complete_trials  mean_success_rate  mean_episode_length  total_runtime_s  num_fail_trials
task                                                                                                                                
ClockStopWatchPausedVerify          0                 1.00               1.00                 1.00             31.0              0.0
ClockStopWatchRunning               1                 5.00               0.20                 4.80            403.6              0.0
OpenAppTaskEval                     2                 5.00               1.00                 1.80            331.3              0.0
========= Average =========         0                 3.67               0.73                 2.53            255.3              0.0


              mean_success_rate
difficulty                 easy
tags                           
parameterized               1.0
untagged                    0.2
verification                1.0
W0814 15:26:15.744832 124305553613888 task_eval.py:125] Skipping app snapshot loading : Snapshot not found in /data/data/android_world/snapshots/com.google.android.deskclock.
Running task ClockStopWatchPausedVerify with goal "Pause the stopwatch."
W0814 15:26:16.532878 124305553613888 android_world_controller.py:98] Could not get a11y tree, retrying.
Completed step 1.
Completed step 2.
Completed step 3.
Completed step 4.
Completed step 5.
Completed step 6.
Completed step 7.
Completed step 8.
Completed step 9.
Completed step 10.
Agent did not indicate task is done. Reached max number of steps.
Task Failed ❌;  Pause the stopwatch.
W0814 15:29:18.456186 124305553613888 task_eval.py:125] Skipping app snapshot loading : Snapshot not found in /data/data/android_world/snapshots/com.google.android.deskclock.


                             task_num  num_complete_trials  mean_success_rate  mean_episode_length  total_runtime_s  num_fail_trials
task                                                                                                                                
ClockStopWatchPausedVerify          0                  2.0               0.50                 5.50            214.6              0.0
ClockStopWatchRunning               1                  5.0               0.20                 4.80            403.6              0.0
OpenAppTaskEval                     2                  5.0               1.00                 1.80            331.3              0.0
========= Average =========         0                  4.0               0.57                 4.03            316.5              0.0


              mean_success_rate
difficulty                 easy
tags                           
parameterized               1.0
untagged                    0.2
verification                0.5
W0814 15:29:22.332551 124305553613888 task_eval.py:125] Skipping app snapshot loading : Snapshot not found in /data/data/android_world/snapshots/com.google.android.deskclock.
Running task ClockStopWatchPausedVerify with goal "Pause the stopwatch."
W0814 15:29:22.912550 124305553613888 android_world_controller.py:98] Could not get a11y tree, retrying.
Completed step 1.
Completed step 2.
Completed step 3.
Completed step 4.
Completed step 5.
Completed step 6.
Completed step 7.
Completed step 8.
Completed step 9.
Completed step 10.
Agent did not indicate task is done. Reached max number of steps.
Task Failed ❌;  Pause the stopwatch.
W0814 15:32:07.448042 124305553613888 task_eval.py:125] Skipping app snapshot loading : Snapshot not found in /data/data/android_world/snapshots/com.google.android.deskclock.


                             task_num  num_complete_trials  mean_success_rate  mean_episode_length  total_runtime_s  num_fail_trials
task                                                                                                                                
ClockStopWatchPausedVerify          0                 3.00               0.33                 7.00           380.60              0.0
ClockStopWatchRunning               1                 5.00               0.20                 4.80           403.60              0.0
OpenAppTaskEval                     2                 5.00               1.00                 1.80           331.30              0.0
========= Average =========         0                 4.33               0.51                 4.53           371.83              0.0


              mean_success_rate
difficulty                 easy
tags                           
parameterized              1.00
untagged                   0.20
verification               0.33
W0814 15:32:10.388823 124305553613888 task_eval.py:125] Skipping app snapshot loading : Snapshot not found in /data/data/android_world/snapshots/com.google.android.deskclock.
Running task ClockStopWatchPausedVerify with goal "Pause the stopwatch."
Completed step 1.
Completed step 2.
Completed step 3.
Completed step 4.
Completed step 5.
Completed step 6.
Completed step 7.
Completed step 8.
Completed step 9.
Completed step 10.
Agent did not indicate task is done. Reached max number of steps.
Task Failed ❌;  Pause the stopwatch.
W0814 15:35:34.029834 124305553613888 task_eval.py:125] Skipping app snapshot loading : Snapshot not found in /data/data/android_world/snapshots/com.google.android.deskclock.


                             task_num  num_complete_trials  mean_success_rate  mean_episode_length  total_runtime_s  num_fail_trials
task                                                                                                                                
ClockStopWatchPausedVerify          0                 4.00               0.25                 7.75            584.8              0.0
ClockStopWatchRunning               1                 5.00               0.20                 4.80            403.6              0.0
OpenAppTaskEval                     2                 5.00               1.00                 1.80            331.3              0.0
========= Average =========         0                 4.67               0.48                 4.78            439.9              0.0


              mean_success_rate
difficulty                 easy
tags                           
parameterized              1.00
untagged                   0.20
verification               0.25
W0814 15:35:37.133671 124305553613888 task_eval.py:125] Skipping app snapshot loading : Snapshot not found in /data/data/android_world/snapshots/com.google.android.deskclock.
Running task ClockStopWatchPausedVerify with goal "Pause the stopwatch."
W0814 15:35:37.664777 124305553613888 android_world_controller.py:98] Could not get a11y tree, retrying.
W0814 15:35:38.665170 124305553613888 android_world_controller.py:98] Could not get a11y tree, retrying.
Completed step 1.
Completed step 2.
Completed step 3.
Completed step 4.
Completed step 5.
Completed step 6.
Completed step 7.
Completed step 8.
Environment ends episode.
Task Successful ✅;  Pause the stopwatch.
W0814 15:38:32.173986 124305553613888 task_eval.py:125] Skipping app snapshot loading : Snapshot not found in /data/data/android_world/snapshots/com.google.android.deskclock.


                             task_num  num_complete_trials  mean_success_rate  mean_episode_length  total_runtime_s  num_fail_trials
task                                                                                                                                
ClockStopWatchPausedVerify          0                  5.0               0.40                  7.8           760.40              0.0
ClockStopWatchRunning               1                  5.0               0.20                  4.8           403.60              0.0
OpenAppTaskEval                     2                  5.0               1.00                  1.8           331.30              0.0
========= Average =========         0                  5.0               0.53                  4.8           498.43              0.0


              mean_success_rate
difficulty                 easy
tags                           
parameterized               1.0
untagged                    0.2
verification                0.4

Running task: RecipeDeleteSingleRecipe
======================================
W0814 15:38:38.146863 124305553613888 task_eval.py:125] Skipping app snapshot loading : Snapshot not found in /data/data/android_world/snapshots/com.flauschcode.broccoli.
Running task RecipeDeleteSingleRecipe with goal "Delete the following recipes from Broccoli app: Thai Peanut Noodle Salad."
Completed step 1.
Completed step 2.
Completed step 3.
Completed step 4.
Completed step 5.
Completed step 6.
Completed step 7.
Completed step 8.
Completed step 9.
Completed step 10.
Agent did not indicate task is done. Reached max number of steps.
Task Failed ❌;  Delete the following recipes from Broccoli app: Thai Peanut Noodle Salad.
W0814 15:41:29.870499 124305553613888 task_eval.py:125] Skipping app snapshot loading : Snapshot not found in /data/data/android_world/snapshots/com.flauschcode.broccoli.


                             task_num  num_complete_trials  mean_success_rate  mean_episode_length  total_runtime_s  num_fail_trials
task                                                                                                                                
ClockStopWatchPausedVerify          0                  5.0                0.4                  7.8           760.40              0.0
ClockStopWatchRunning               1                  5.0                0.2                  4.8           403.60              0.0
OpenAppTaskEval                     2                  5.0                1.0                  1.8           331.30              0.0
RecipeDeleteSingleRecipe            3                  1.0                0.0                 10.0           174.80              0.0
========= Average =========         0                  4.0                0.4                  6.1           417.52              0.0


              mean_success_rate
difficulty                 easy
tags                           
data_edit                   0.0
parameterized               0.5
search                      0.0
untagged                    0.2
verification                0.4
W0814 15:41:36.742993 124305553613888 task_eval.py:125] Skipping app snapshot loading : Snapshot not found in /data/data/android_world/snapshots/com.flauschcode.broccoli.
Running task RecipeDeleteSingleRecipe with goal "Delete the following recipes from Broccoli app: BBQ Chicken Quesadillas."
Completed step 1.
Completed step 2.
Completed step 3.
Completed step 4.
Completed step 5.
Completed step 6.
Completed step 7.
Completed step 8.
Completed step 9.
Completed step 10.
Agent did not indicate task is done. Reached max number of steps.
Task Failed ❌;  Delete the following recipes from Broccoli app: BBQ Chicken Quesadillas.
W0814 15:44:27.064930 124305553613888 task_eval.py:125] Skipping app snapshot loading : Snapshot not found in /data/data/android_world/snapshots/com.flauschcode.broccoli.


                             task_num  num_complete_trials  mean_success_rate  mean_episode_length  total_runtime_s  num_fail_trials
task                                                                                                                                
ClockStopWatchPausedVerify          0                 5.00                0.4                  7.8           760.40              0.0
ClockStopWatchRunning               1                 5.00                0.2                  4.8           403.60              0.0
OpenAppTaskEval                     2                 5.00                1.0                  1.8           331.30              0.0
RecipeDeleteSingleRecipe            3                 2.00                0.0                 10.0           347.60              0.0
========= Average =========         0                 4.25                0.4                  6.1           460.73              0.0


              mean_success_rate
difficulty                 easy
tags                           
data_edit                   0.0
parameterized               0.5
search                      0.0
untagged                    0.2
verification                0.4
W0814 15:44:33.971851 124305553613888 task_eval.py:125] Skipping app snapshot loading : Snapshot not found in /data/data/android_world/snapshots/com.flauschcode.broccoli.
Running task RecipeDeleteSingleRecipe with goal "Delete the following recipes from Broccoli app: Sweet Potato and Black Bean Tacos."
Completed step 1.
Completed step 2.
Completed step 3.
Completed step 4.
Completed step 5.
Completed step 6.
Completed step 7.
Completed step 8.
Completed step 9.
Completed step 10.
Agent did not indicate task is done. Reached max number of steps.
Task Failed ❌;  Delete the following recipes from Broccoli app: Sweet Potato and Black Bean Tacos.
W0814 15:47:28.064506 124305553613888 task_eval.py:125] Skipping app snapshot loading : Snapshot not found in /data/data/android_world/snapshots/com.flauschcode.broccoli.


                             task_num  num_complete_trials  mean_success_rate  mean_episode_length  total_runtime_s  num_fail_trials
task                                                                                                                                
ClockStopWatchPausedVerify          0                  5.0                0.4                  7.8           760.40              0.0
ClockStopWatchRunning               1                  5.0                0.2                  4.8           403.60              0.0
OpenAppTaskEval                     2                  5.0                1.0                  1.8           331.30              0.0
RecipeDeleteSingleRecipe            3                  3.0                0.0                 10.0           524.20              0.0
========= Average =========         0                  4.5                0.4                  6.1           504.88              0.0


              mean_success_rate
difficulty                 easy
tags                           
data_edit                   0.0
parameterized               0.5
search                      0.0
untagged                    0.2
verification                0.4
W0814 15:47:34.945283 124305553613888 task_eval.py:125] Skipping app snapshot loading : Snapshot not found in /data/data/android_world/snapshots/com.flauschcode.broccoli.
Running task RecipeDeleteSingleRecipe with goal "Delete the following recipes from Broccoli app: Spinach and Feta Stuffed Chicken."
Completed step 1.
Completed step 2.
Completed step 3.
Completed step 4.
Completed step 5.
Completed step 6.
Environment ends episode.
Task Successful ✅;  Delete the following recipes from Broccoli app: Spinach and Feta Stuffed Chicken.
W0814 15:49:47.016677 124305553613888 task_eval.py:125] Skipping app snapshot loading : Snapshot not found in /data/data/android_world/snapshots/com.flauschcode.broccoli.


                             task_num  num_complete_trials  mean_success_rate  mean_episode_length  total_runtime_s  num_fail_trials
task                                                                                                                                
ClockStopWatchPausedVerify          0                 5.00               0.40                 7.80           760.40              0.0
ClockStopWatchRunning               1                 5.00               0.20                 4.80           403.60              0.0
OpenAppTaskEval                     2                 5.00               1.00                 1.80           331.30              0.0
RecipeDeleteSingleRecipe            3                 4.00               0.25                 9.00           658.90              0.0
========= Average =========         0                 4.75               0.46                 5.85           538.55              0.0


              mean_success_rate
difficulty                 easy
tags                           
data_edit                  0.25
parameterized              0.62
search                     0.25
untagged                   0.20
verification               0.40
W0814 15:49:53.761659 124305553613888 task_eval.py:125] Skipping app snapshot loading : Snapshot not found in /data/data/android_world/snapshots/com.flauschcode.broccoli.
Running task RecipeDeleteSingleRecipe with goal "Delete the following recipes from Broccoli app: Greek Salad Pita Pockets."
Completed step 1.
Completed step 2.
Completed step 3.
Completed step 4.
Completed step 5.
Completed step 6.
Completed step 7.
Completed step 8.
Completed step 9.
Completed step 10.
Agent did not indicate task is done. Reached max number of steps.
Task Failed ❌;  Delete the following recipes from Broccoli app: Greek Salad Pita Pockets.
W0814 15:52:43.318478 124305553613888 task_eval.py:125] Skipping app snapshot loading : Snapshot not found in /data/data/android_world/snapshots/com.flauschcode.broccoli.


                             task_num  num_complete_trials  mean_success_rate  mean_episode_length  total_runtime_s  num_fail_trials
task                                                                                                                                
ClockStopWatchPausedVerify          0                  5.0               0.40                  7.8           760.40              0.0
ClockStopWatchRunning               1                  5.0               0.20                  4.8           403.60              0.0
OpenAppTaskEval                     2                  5.0               1.00                  1.8           331.30              0.0
RecipeDeleteSingleRecipe            3                  5.0               0.20                  9.2           831.00              0.0
========= Average =========         0                  5.0               0.45                  5.9           581.58              0.0


              mean_success_rate
difficulty                 easy
tags                           
data_edit                   0.2
parameterized               0.6
search                      0.2
untagged                    0.2
verification                0.4

Running task: RecipeDeleteSingleWithRecipeWithNoise
===================================================
W0814 15:52:50.400599 124305553613888 task_eval.py:125] Skipping app snapshot loading : Snapshot not found in /data/data/android_world/snapshots/com.flauschcode.broccoli.
Running task RecipeDeleteSingleWithRecipeWithNoise with goal "Delete the following recipes from Broccoli app: Classic Margherita Pizza."
W0814 15:52:55.511925 124305553613888 android_world_controller.py:98] Could not get a11y tree, retrying.
Completed step 1.
Completed step 2.
Completed step 3.
Completed step 4.
Completed step 5.
Completed step 6.
Completed step 7.
Completed step 8.
Completed step 9.
Completed step 10.
Completed step 11.
Completed step 12.
Completed step 13.
Completed step 14.
Completed step 15.
Completed step 16.
Completed step 17.
Completed step 18.
Completed step 19.
Completed step 20.
Agent did not indicate task is done. Reached max number of steps.
Task Failed ❌;  Delete the following recipes from Broccoli app: Classic Margherita Pizza.
W0814 16:00:51.523481 124305553613888 task_eval.py:125] Skipping app snapshot loading : Snapshot not found in /data/data/android_world/snapshots/com.flauschcode.broccoli.


                                       task_num  num_complete_trials  mean_success_rate  mean_episode_length  total_runtime_s  num_fail_trials
task                                                                                                                                          
ClockStopWatchPausedVerify                    0                  5.0               0.40                 7.80            760.4              0.0
ClockStopWatchRunning                         1                  5.0               0.20                 4.80            403.6              0.0
OpenAppTaskEval                               2                  5.0               1.00                 1.80            331.3              0.0
RecipeDeleteSingleRecipe                      3                  5.0               0.20                 9.20            831.0              0.0
RecipeDeleteSingleWithRecipeWithNoise         4                  1.0               0.00                20.00            483.7              0.0
========= Average =========                   0                  4.2               0.36                 8.72            562.0              0.0


               mean_success_rate
difficulty                  easy
tags                            
data_edit                    0.1
parameterized                0.4
screen_reading               0.0
search                       0.1
untagged                     0.2
verification                 0.4
W0814 16:00:58.538938 124305553613888 task_eval.py:125] Skipping app snapshot loading : Snapshot not found in /data/data/android_world/snapshots/com.flauschcode.broccoli.
Running task RecipeDeleteSingleWithRecipeWithNoise with goal "Delete the following recipes from Broccoli app: Moroccan Chickpea Stew."
W0814 16:01:03.824997 124305553613888 android_world_controller.py:98] Could not get a11y tree, retrying.
Completed step 1.
Completed step 2.
Completed step 3.
Completed step 4.
Completed step 5.
Completed step 6.
Completed step 7.
Completed step 8.
Completed step 9.
Completed step 10.
Completed step 11.
Completed step 12.
Completed step 13.
Completed step 14.
Completed step 15.
Completed step 16.
Completed step 17.
Completed step 18.
Completed step 19.
Completed step 20.
Agent did not indicate task is done. Reached max number of steps.
Task Failed ❌;  Delete the following recipes from Broccoli app: Moroccan Chickpea Stew.
W0814 16:10:48.160537 124305553613888 task_eval.py:125] Skipping app snapshot loading : Snapshot not found in /data/data/android_world/snapshots/com.flauschcode.broccoli.


                                       task_num  num_complete_trials  mean_success_rate  mean_episode_length  total_runtime_s  num_fail_trials
task                                                                                                                                          
ClockStopWatchPausedVerify                    0                  5.0               0.40                 7.80           760.40              0.0
ClockStopWatchRunning                         1                  5.0               0.20                 4.80           403.60              0.0
OpenAppTaskEval                               2                  5.0               1.00                 1.80           331.30              0.0
RecipeDeleteSingleRecipe                      3                  5.0               0.20                 9.20           831.00              0.0
RecipeDeleteSingleWithRecipeWithNoise         4                  2.0               0.00                20.00          1075.90              0.0
========= Average =========                   0                  4.4               0.36                 8.72           680.44              0.0


               mean_success_rate
difficulty                  easy
tags                            
data_edit                    0.1
parameterized                0.4
screen_reading               0.0
search                       0.1
untagged                     0.2
verification                 0.4
W0814 16:10:55.977410 124305553613888 task_eval.py:125] Skipping app snapshot loading : Snapshot not found in /data/data/android_world/snapshots/com.flauschcode.broccoli.
Running task RecipeDeleteSingleWithRecipeWithNoise with goal "Delete the following recipes from Broccoli app: Spinach and Feta Stuffed Chicken."
Completed step 1.
Completed step 2.
Completed step 3.
Completed step 4.
Completed step 5.
Completed step 6.
Completed step 7.
Completed step 8.
Completed step 9.
Completed step 10.
Completed step 11.
Completed step 12.
Completed step 13.
Completed step 14.
Completed step 15.
Completed step 16.
Completed step 17.
Completed step 18.
Completed step 19.
Completed step 20.
Agent did not indicate task is done. Reached max number of steps.
Task Failed ❌;  Delete the following recipes from Broccoli app: Spinach and Feta Stuffed Chicken.
W0814 16:16:58.964663 124305553613888 task_eval.py:125] Skipping app snapshot loading : Snapshot not found in /data/data/android_world/snapshots/com.flauschcode.broccoli.


                                       task_num  num_complete_trials  mean_success_rate  mean_episode_length  total_runtime_s  num_fail_trials
task                                                                                                                                          
ClockStopWatchPausedVerify                    0                  5.0               0.40                 7.80           760.40              0.0
ClockStopWatchRunning                         1                  5.0               0.20                 4.80           403.60              0.0
OpenAppTaskEval                               2                  5.0               1.00                 1.80           331.30              0.0
RecipeDeleteSingleRecipe                      3                  5.0               0.20                 9.20           831.00              0.0
RecipeDeleteSingleWithRecipeWithNoise         4                  3.0               0.00                20.00          1441.60              0.0
========= Average =========                   0                  4.6               0.36                 8.72           753.58              0.0


               mean_success_rate
difficulty                  easy
tags                            
data_edit                    0.1
parameterized                0.4
screen_reading               0.0
search                       0.1
untagged                     0.2
verification                 0.4
W0814 16:17:11.101481 124305553613888 task_eval.py:125] Skipping app snapshot loading : Snapshot not found in /data/data/android_world/snapshots/com.flauschcode.broccoli.
Running task RecipeDeleteSingleWithRecipeWithNoise with goal "Delete the following recipes from Broccoli app: Pan-Seared Salmon with Quinoa."
W0814 16:17:16.464782 124305553613888 android_world_controller.py:98] Could not get a11y tree, retrying.
Completed step 1.
Completed step 2.
Completed step 3.
Completed step 4.
Completed step 5.
Completed step 6.
Completed step 7.
Completed step 8.
Completed step 9.
Completed step 10.
Completed step 11.
Completed step 12.
Completed step 13.
Completed step 14.
Completed step 15.
Completed step 16.
Completed step 17.
Completed step 18.
Completed step 19.
Completed step 20.
Agent did not indicate task is done. Reached max number of steps.
Task Failed ❌;  Delete the following recipes from Broccoli app: Pan-Seared Salmon with Quinoa.
W0814 16:23:15.968140 124305553613888 task_eval.py:125] Skipping app snapshot loading : Snapshot not found in /data/data/android_world/snapshots/com.flauschcode.broccoli.


                                       task_num  num_complete_trials  mean_success_rate  mean_episode_length  total_runtime_s  num_fail_trials
task                                                                                                                                          
ClockStopWatchPausedVerify                    0                  5.0               0.40                 7.80            760.4              0.0
ClockStopWatchRunning                         1                  5.0               0.20                 4.80            403.6              0.0
OpenAppTaskEval                               2                  5.0               1.00                 1.80            331.3              0.0
RecipeDeleteSingleRecipe                      3                  5.0               0.20                 9.20            831.0              0.0
RecipeDeleteSingleWithRecipeWithNoise         4                  4.0               0.00                20.00           1809.2              0.0
========= Average =========                   0                  4.8               0.36                 8.72            827.1              0.0


               mean_success_rate
difficulty                  easy
tags                            
data_edit                    0.1
parameterized                0.4
screen_reading               0.0
search                       0.1
untagged                     0.2
verification                 0.4
W0814 16:23:25.076166 124305553613888 task_eval.py:125] Skipping app snapshot loading : Snapshot not found in /data/data/android_world/snapshots/com.flauschcode.broccoli.
Running task RecipeDeleteSingleWithRecipeWithNoise with goal "Delete the following recipes from Broccoli app: Vegetarian Chili."
Completed step 1.
Completed step 2.
Completed step 3.
Completed step 4.
Completed step 5.
Completed step 6.
Completed step 7.
Completed step 8.
Completed step 9.
Completed step 10.
Completed step 11.
Completed step 12.
Completed step 13.
Completed step 14.
Completed step 15.
Completed step 16.
Completed step 17.
Completed step 18.
Completed step 19.
Completed step 20.
Agent did not indicate task is done. Reached max number of steps.
Task Failed ❌;  Delete the following recipes from Broccoli app: Vegetarian Chili.
W0814 16:29:19.538115 124305553613888 task_eval.py:125] Skipping app snapshot loading : Snapshot not found in /data/data/android_world/snapshots/com.flauschcode.broccoli.


                                       task_num  num_complete_trials  mean_success_rate  mean_episode_length  total_runtime_s  num_fail_trials
task                                                                                                                                          
ClockStopWatchPausedVerify                    0                  5.0               0.40                 7.80            760.4              0.0
ClockStopWatchRunning                         1                  5.0               0.20                 4.80            403.6              0.0
OpenAppTaskEval                               2                  5.0               1.00                 1.80            331.3              0.0
RecipeDeleteSingleRecipe                      3                  5.0               0.20                 9.20            831.0              0.0
RecipeDeleteSingleWithRecipeWithNoise         4                  5.0               0.00                20.00           2166.2              0.0
========= Average =========                   0                  5.0               0.36                 8.72            898.5              0.0


               mean_success_rate
difficulty                  easy
tags                            
data_edit                    0.1
parameterized                0.4
screen_reading               0.0
search                       0.1
untagged                     0.2
verification                 0.4

Running task: AudioRecorderRecordAudio
======================================
W0814 16:29:29.637677 124305553613888 task_eval.py:125] Skipping app snapshot loading : Snapshot not found in /data/data/android_world/snapshots/com.dimowner.audiorecorder.
Running task AudioRecorderRecordAudio with goal "Record an audio clip using Audio Recorder app and save it."
Completed step 1.
Completed step 2.
Completed step 3.
Completed step 4.
Completed step 5.
Completed step 6.
Completed step 7.
Completed step 8.
Completed step 9.
Completed step 10.
Completed step 11.
Completed step 12.
Agent did not indicate task is done. Reached max number of steps.
Task Failed ❌;  Record an audio clip using Audio Recorder app and save it.
W0814 16:32:37.587361 124305553613888 task_eval.py:125] Skipping app snapshot loading : Snapshot not found in /data/data/android_world/snapshots/com.dimowner.audiorecorder.


                                       task_num  num_complete_trials  mean_success_rate  mean_episode_length  total_runtime_s  num_fail_trials
task                                                                                                                                          
AudioRecorderRecordAudio                      0                 1.00                0.0                12.00           188.60              0.0
ClockStopWatchPausedVerify                    1                 5.00                0.4                 7.80           760.40              0.0
ClockStopWatchRunning                         2                 5.00                0.2                 4.80           403.60              0.0
OpenAppTaskEval                               3                 5.00                1.0                 1.80           331.30              0.0
RecipeDeleteSingleRecipe                      4                 5.00                0.2                 9.20           831.00              0.0
RecipeDeleteSingleWithRecipeWithNoise         5                 5.00                0.0                20.00          2166.20              0.0
========= Average =========                   0                 4.33                0.3                 9.27           780.18              0.0


               mean_success_rate
difficulty                  easy
tags                            
data_edit                    0.1
parameterized                0.4
requires_setup               0.0
screen_reading               0.0
search                       0.1
untagged                     0.2
verification                 0.4
W0814 16:32:40.027931 124305553613888 task_eval.py:125] Skipping app snapshot loading : Snapshot not found in /data/data/android_world/snapshots/com.dimowner.audiorecorder.
Running task AudioRecorderRecordAudio with goal "Record an audio clip using Audio Recorder app and save it."
Completed step 1.
Completed step 2.
Completed step 3.
Completed step 4.
Completed step 5.
Completed step 6.
Completed step 7.
Completed step 8.
Completed step 9.
Completed step 10.
Completed step 11.
Completed step 12.
Agent did not indicate task is done. Reached max number of steps.
Task Failed ❌;  Record an audio clip using Audio Recorder app and save it.
W0814 16:35:38.686720 124305553613888 task_eval.py:125] Skipping app snapshot loading : Snapshot not found in /data/data/android_world/snapshots/com.dimowner.audiorecorder.


                                       task_num  num_complete_trials  mean_success_rate  mean_episode_length  total_runtime_s  num_fail_trials
task                                                                                                                                          
AudioRecorderRecordAudio                      0                  2.0                0.0                12.00           367.80              0.0
ClockStopWatchPausedVerify                    1                  5.0                0.4                 7.80           760.40              0.0
ClockStopWatchRunning                         2                  5.0                0.2                 4.80           403.60              0.0
OpenAppTaskEval                               3                  5.0                1.0                 1.80           331.30              0.0
RecipeDeleteSingleRecipe                      4                  5.0                0.2                 9.20           831.00              0.0
RecipeDeleteSingleWithRecipeWithNoise         5                  5.0                0.0                20.00          2166.20              0.0
========= Average =========                   0                  4.5                0.3                 9.27           810.05              0.0


               mean_success_rate
difficulty                  easy
tags                            
data_edit                    0.1
parameterized                0.4
requires_setup               0.0
screen_reading               0.0
search                       0.1
untagged                     0.2
verification                 0.4
W0814 16:35:40.942536 124305553613888 task_eval.py:125] Skipping app snapshot loading : Snapshot not found in /data/data/android_world/snapshots/com.dimowner.audiorecorder.
Running task AudioRecorderRecordAudio with goal "Record an audio clip using Audio Recorder app and save it."
Completed step 1.
Completed step 2.
Completed step 3.
Completed step 4.
Completed step 5.
Completed step 6.
Completed step 7.
Completed step 8.
Completed step 9.
Environment ends episode.
Task Successful ✅;  Record an audio clip using Audio Recorder app and save it.
W0814 16:38:02.053277 124305553613888 task_eval.py:125] Skipping app snapshot loading : Snapshot not found in /data/data/android_world/snapshots/com.dimowner.audiorecorder.


                                       task_num  num_complete_trials  mean_success_rate  mean_episode_length  total_runtime_s  num_fail_trials
task                                                                                                                                          
AudioRecorderRecordAudio                      0                 3.00               0.33                 11.0           509.30              0.0
ClockStopWatchPausedVerify                    1                 5.00               0.40                  7.8           760.40              0.0
ClockStopWatchRunning                         2                 5.00               0.20                  4.8           403.60              0.0
OpenAppTaskEval                               3                 5.00               1.00                  1.8           331.30              0.0
RecipeDeleteSingleRecipe                      4                 5.00               0.20                  9.2           831.00              0.0
RecipeDeleteSingleWithRecipeWithNoise         5                 5.00               0.00                 20.0          2166.20              0.0
========= Average =========                   0                 4.67               0.36                  9.1           833.63              0.0


               mean_success_rate
difficulty                  easy
tags                            
data_edit                   0.10
parameterized               0.40
requires_setup              0.33
screen_reading              0.00
search                      0.10
untagged                    0.20
verification                0.40
W0814 16:38:04.113668 124305553613888 task_eval.py:125] Skipping app snapshot loading : Snapshot not found in /data/data/android_world/snapshots/com.dimowner.audiorecorder.
Running task AudioRecorderRecordAudio with goal "Record an audio clip using Audio Recorder app and save it."
Completed step 1.
Completed step 2.
Completed step 3.
Completed step 4.
Environment ends episode.
Task Successful ✅;  Record an audio clip using Audio Recorder app and save it.
W0814 16:39:34.395471 124305553613888 task_eval.py:125] Skipping app snapshot loading : Snapshot not found in /data/data/android_world/snapshots/com.dimowner.audiorecorder.


                                       task_num  num_complete_trials  mean_success_rate  mean_episode_length  total_runtime_s  num_fail_trials
task                                                                                                                                          
AudioRecorderRecordAudio                      0                 4.00               0.50                 9.25           600.00              0.0
ClockStopWatchPausedVerify                    1                 5.00               0.40                 7.80           760.40              0.0
ClockStopWatchRunning                         2                 5.00               0.20                 4.80           403.60              0.0
OpenAppTaskEval                               3                 5.00               1.00                 1.80           331.30              0.0
RecipeDeleteSingleRecipe                      4                 5.00               0.20                 9.20           831.00              0.0
RecipeDeleteSingleWithRecipeWithNoise         5                 5.00               0.00                20.00          2166.20              0.0
========= Average =========                   0                 4.83               0.38                 8.81           848.75              0.0


               mean_success_rate
difficulty                  easy
tags                            
data_edit                    0.1
parameterized                0.4
requires_setup               0.5
screen_reading               0.0
search                       0.1
untagged                     0.2
verification                 0.4
W0814 16:39:36.132612 124305553613888 task_eval.py:125] Skipping app snapshot loading : Snapshot not found in /data/data/android_world/snapshots/com.dimowner.audiorecorder.
Running task AudioRecorderRecordAudio with goal "Record an audio clip using Audio Recorder app and save it."
Completed step 1.
Completed step 2.
Completed step 3.
Completed step 4.
Environment ends episode.
Task Successful ✅;  Record an audio clip using Audio Recorder app and save it.
W0814 16:41:00.985080 124305553613888 task_eval.py:125] Skipping app snapshot loading : Snapshot not found in /data/data/android_world/snapshots/com.dimowner.audiorecorder.


                                       task_num  num_complete_trials  mean_success_rate  mean_episode_length  total_runtime_s  num_fail_trials
task                                                                                                                                          
AudioRecorderRecordAudio                      0                  5.0                0.6                 8.20           685.20              0.0
ClockStopWatchPausedVerify                    1                  5.0                0.4                 7.80           760.40              0.0
ClockStopWatchRunning                         2                  5.0                0.2                 4.80           403.60              0.0
OpenAppTaskEval                               3                  5.0                1.0                 1.80           331.30              0.0
RecipeDeleteSingleRecipe                      4                  5.0                0.2                 9.20           831.00              0.0
RecipeDeleteSingleWithRecipeWithNoise         5                  5.0                0.0                20.00          2166.20              0.0
========= Average =========                   0                  5.0                0.4                 8.63           862.95              0.0


               mean_success_rate
difficulty                  easy
tags                            
data_edit                    0.1
parameterized                0.4
requires_setup               0.6
screen_reading               0.0
search                       0.1
untagged                     0.2
verification                 0.4

Running task: BrowserDraw
=========================
W0814 16:41:03.321156 124305553613888 task_eval.py:125] Skipping app snapshot loading : Snapshot not found in /data/data/android_world/snapshots/com.android.chrome.
Running task BrowserDraw with goal "Open the file task.html in Downloads in the file manager; when prompted open it with Chrome. Then create a drawing using the three colors shown at the top and hit submit."
Completed step 1.
Completed step 2.
Completed step 3.
Completed step 4.
Completed step 5.
Completed step 6.
Completed step 7.
Completed step 8.
Completed step 9.
Completed step 10.
Completed step 11.
Completed step 12.
Completed step 13.
Completed step 14.
Completed step 15.
Completed step 16.
Completed step 17.
Completed step 18.
Completed step 19.
Completed step 20.
Agent did not indicate task is done. Reached max number of steps.
Task Failed ❌;  Open the file task.html in Downloads in the file manager; when prompted open it with Chrome. Then create a drawing using the three colors shown at the top and hit submit.
W0814 16:46:44.340135 124305553613888 task_eval.py:125] Skipping app snapshot loading : Snapshot not found in /data/data/android_world/snapshots/com.android.chrome.


                                       task_num  num_complete_trials  mean_success_rate  mean_episode_length  total_runtime_s  num_fail_trials
task                                                                                                                                          
AudioRecorderRecordAudio                      0                 5.00               0.60                 8.20           685.20              0.0
BrowserDraw                                   1                 1.00               0.00                20.00           342.20              0.0
ClockStopWatchPausedVerify                    2                 5.00               0.40                 7.80           760.40              0.0
ClockStopWatchRunning                         3                 5.00               0.20                 4.80           403.60              0.0
OpenAppTaskEval                               4                 5.00               1.00                 1.80           331.30              0.0
RecipeDeleteSingleRecipe                      5                 5.00               0.20                 9.20           831.00              0.0
RecipeDeleteSingleWithRecipeWithNoise         6                 5.00               0.00                20.00          2166.20              0.0
========= Average =========                   0                 4.43               0.34                10.26           788.56              0.0


               mean_success_rate
difficulty                  easy
tags                            
data_edit                    0.1
game_playing                 0.0
parameterized                0.3
requires_setup               0.6
screen_reading               0.0
search                       0.1
untagged                     0.2
verification                 0.4
W0814 16:47:03.747520 124305553613888 task_eval.py:125] Skipping app snapshot loading : Snapshot not found in /data/data/android_world/snapshots/com.android.chrome.
Running task BrowserDraw with goal "Open the file task.html in Downloads in the file manager; when prompted open it with Chrome. Then create a drawing using the three colors shown at the top and hit submit."
Completed step 1.
Completed step 2.
Completed step 3.
Completed step 4.
Completed step 5.
Completed step 6.
Completed step 7.
Completed step 8.
Completed step 9.
Completed step 10.
Completed step 11.
Completed step 12.
Completed step 13.
Completed step 14.
Completed step 15.
Completed step 16.
Completed step 17.
Completed step 18.
Completed step 19.
Completed step 20.
Agent did not indicate task is done. Reached max number of steps.
Task Failed ❌;  Open the file task.html in Downloads in the file manager; when prompted open it with Chrome. Then create a drawing using the three colors shown at the top and hit submit.
W0814 16:53:49.136382 124305553613888 task_eval.py:125] Skipping app snapshot loading : Snapshot not found in /data/data/android_world/snapshots/com.android.chrome.


                                       task_num  num_complete_trials  mean_success_rate  mean_episode_length  total_runtime_s  num_fail_trials
task                                                                                                                                          
AudioRecorderRecordAudio                      0                 5.00               0.60                 8.20           685.20              0.0
BrowserDraw                                   1                 2.00               0.00                20.00           751.70              0.0
ClockStopWatchPausedVerify                    2                 5.00               0.40                 7.80           760.40              0.0
ClockStopWatchRunning                         3                 5.00               0.20                 4.80           403.60              0.0
OpenAppTaskEval                               4                 5.00               1.00                 1.80           331.30              0.0
RecipeDeleteSingleRecipe                      5                 5.00               0.20                 9.20           831.00              0.0
RecipeDeleteSingleWithRecipeWithNoise         6                 5.00               0.00                20.00          2166.20              0.0
========= Average =========                   0                 4.57               0.34                10.26           847.06              0.0


               mean_success_rate
difficulty                  easy
tags                            
data_edit                    0.1
game_playing                 0.0
parameterized                0.3
requires_setup               0.6
screen_reading               0.0
search                       0.1
untagged                     0.2
verification                 0.4
W0814 16:53:56.098328 124305553613888 task_eval.py:125] Skipping app snapshot loading : Snapshot not found in /data/data/android_world/snapshots/com.android.chrome.
Running task BrowserDraw with goal "Open the file task.html in Downloads in the file manager; when prompted open it with Chrome. Then create a drawing using the three colors shown at the top and hit submit."
Completed step 1.
Completed step 2.
E0814 16:54:58.345159 124305553613888 adb_controller.py:131] Failed to execute ADB command (try 1 of 3): [adb -P 5037 -s emulator-5554 shell am start  -W -n com.android.chrome/com.google.android.apps.chrome.Main]
Traceback (most recent call last):
  File "/home/suyichn/miniconda3/envs/android_world/lib/python3.11/site-packages/android_env/components/adb_controller.py", line 122, in execute_command
    cmd_output = subprocess.check_output(
                 ^^^^^^^^^^^^^^^^^^^^^^^^
  File "/home/suyichn/miniconda3/envs/android_world/lib/python3.11/subprocess.py", line 466, in check_output
    return run(*popenargs, stdout=PIPE, timeout=timeout, check=True,
           ^^^^^^^^^^^^^^^^^^^^^^^^^^^^^^^^^^^^^^^^^^^^^^^^^^^^^^^^^
  File "/home/suyichn/miniconda3/envs/android_world/lib/python3.11/subprocess.py", line 550, in run
    stdout, stderr = process.communicate(input, timeout=timeout)
                     ^^^^^^^^^^^^^^^^^^^^^^^^^^^^^^^^^^^^^^^^^^^
  File "/home/suyichn/miniconda3/envs/android_world/lib/python3.11/subprocess.py", line 1209, in communicate
    stdout, stderr = self._communicate(input, endtime, timeout)
                     ^^^^^^^^^^^^^^^^^^^^^^^^^^^^^^^^^^^^^^^^^^
  File "/home/suyichn/miniconda3/envs/android_world/lib/python3.11/subprocess.py", line 2116, in _communicate
    self._check_timeout(endtime, orig_timeout, stdout, stderr)
  File "/home/suyichn/miniconda3/envs/android_world/lib/python3.11/subprocess.py", line 1253, in _check_timeout
    raise TimeoutExpired(
subprocess.TimeoutExpired: Command '['/home/suyichn/Android/Sdk/platform-tools/adb', '-P', '5037', '-s', 'emulator-5554', 'shell', 'am', 'start', '', '-W', '-n', 'com.android.chrome/com.google.android.apps.chrome.Main']' timed out after 5.0 seconds
E0814 16:54:58.348091 124305553613888 adb_controller.py:135] **stdout**:
E0814 16:54:58.348167 124305553613888 adb_controller.py:137]     b'Starting: Intent { cmp=com.android.chrome/com.google.android.apps.chrome.Main }'
Completed step 3.
Completed step 4.
Completed step 5.
Completed step 6.
Completed step 7.
Completed step 8.
Completed step 9.
Completed step 10.
Completed step 11.
Completed step 12.
Completed step 13.
Completed step 14.
Completed step 15.
Completed step 16.
Completed step 17.
Completed step 18.
Completed step 19.
Completed step 20.
Agent did not indicate task is done. Reached max number of steps.
Task Failed ❌;  Open the file task.html in Downloads in the file manager; when prompted open it with Chrome. Then create a drawing using the three colors shown at the top and hit submit.
W0814 17:01:00.520493 124305553613888 task_eval.py:125] Skipping app snapshot loading : Snapshot not found in /data/data/android_world/snapshots/com.android.chrome.


                                       task_num  num_complete_trials  mean_success_rate  mean_episode_length  total_runtime_s  num_fail_trials
task                                                                                                                                          
AudioRecorderRecordAudio                      0                 5.00               0.60                 8.20           685.20              0.0
BrowserDraw                                   1                 3.00               0.00                20.00          1177.20              0.0
ClockStopWatchPausedVerify                    2                 5.00               0.40                 7.80           760.40              0.0
ClockStopWatchRunning                         3                 5.00               0.20                 4.80           403.60              0.0
OpenAppTaskEval                               4                 5.00               1.00                 1.80           331.30              0.0
RecipeDeleteSingleRecipe                      5                 5.00               0.20                 9.20           831.00              0.0
RecipeDeleteSingleWithRecipeWithNoise         6                 5.00               0.00                20.00          2166.20              0.0
========= Average =========                   0                 4.71               0.34                10.26           907.84              0.0


               mean_success_rate
difficulty                  easy
tags                            
data_edit                    0.1
game_playing                 0.0
parameterized                0.3
requires_setup               0.6
screen_reading               0.0
search                       0.1
untagged                     0.2
verification                 0.4
W0814 17:01:10.120143 124305553613888 task_eval.py:125] Skipping app snapshot loading : Snapshot not found in /data/data/android_world/snapshots/com.android.chrome.
Running task BrowserDraw with goal "Open the file task.html in Downloads in the file manager; when prompted open it with Chrome. Then create a drawing using the three colors shown at the top and hit submit."
Completed step 1.
Completed step 2.
Completed step 3.
Completed step 4.
Completed step 5.
Completed step 6.
Completed step 7.
Completed step 8.
Completed step 9.
Completed step 10.
Completed step 11.
Completed step 12.
Completed step 13.
Completed step 14.
Completed step 15.
Completed step 16.
Completed step 17.
Completed step 18.
Completed step 19.
Completed step 20.
Agent did not indicate task is done. Reached max number of steps.
Task Failed ❌;  Open the file task.html in Downloads in the file manager; when prompted open it with Chrome. Then create a drawing using the three colors shown at the top and hit submit.
W0814 17:08:17.649682 124305553613888 task_eval.py:125] Skipping app snapshot loading : Snapshot not found in /data/data/android_world/snapshots/com.android.chrome.


                                       task_num  num_complete_trials  mean_success_rate  mean_episode_length  total_runtime_s  num_fail_trials
task                                                                                                                                          
AudioRecorderRecordAudio                      0                 5.00               0.60                 8.20           685.20              0.0
BrowserDraw                                   1                 4.00               0.00                20.00          1605.90              0.0
ClockStopWatchPausedVerify                    2                 5.00               0.40                 7.80           760.40              0.0
ClockStopWatchRunning                         3                 5.00               0.20                 4.80           403.60              0.0
OpenAppTaskEval                               4                 5.00               1.00                 1.80           331.30              0.0
RecipeDeleteSingleRecipe                      5                 5.00               0.20                 9.20           831.00              0.0
RecipeDeleteSingleWithRecipeWithNoise         6                 5.00               0.00                20.00          2166.20              0.0
========= Average =========                   0                 4.86               0.34                10.26           969.09              0.0


               mean_success_rate
difficulty                  easy
tags                            
data_edit                    0.1
game_playing                 0.0
parameterized                0.3
requires_setup               0.6
screen_reading               0.0
search                       0.1
untagged                     0.2
verification                 0.4
W0814 17:08:24.582690 124305553613888 task_eval.py:125] Skipping app snapshot loading : Snapshot not found in /data/data/android_world/snapshots/com.android.chrome.
Running task BrowserDraw with goal "Open the file task.html in Downloads in the file manager; when prompted open it with Chrome. Then create a drawing using the three colors shown at the top and hit submit."
W0814 17:08:26.338081 124305553613888 android_world_controller.py:98] Could not get a11y tree, retrying.
Completed step 1.
Completed step 2.
Completed step 3.
Completed step 4.
Completed step 5.
Completed step 6.
Completed step 7.
Completed step 8.
Completed step 9.
Completed step 10.
Completed step 11.
Completed step 12.
Completed step 13.
Completed step 14.
Completed step 15.
Completed step 16.
Completed step 17.
Completed step 18.
Completed step 19.
Completed step 20.
Agent did not indicate task is done. Reached max number of steps.
Task Failed ❌;  Open the file task.html in Downloads in the file manager; when prompted open it with Chrome. Then create a drawing using the three colors shown at the top and hit submit.
W0814 17:13:23.788924 124305553613888 task_eval.py:125] Skipping app snapshot loading : Snapshot not found in /data/data/android_world/snapshots/com.android.chrome.


                                       task_num  num_complete_trials  mean_success_rate  mean_episode_length  total_runtime_s  num_fail_trials
task                                                                                                                                          
AudioRecorderRecordAudio                      0                  5.0               0.60                 8.20            685.2              0.0
BrowserDraw                                   1                  5.0               0.00                20.00           1906.3              0.0
ClockStopWatchPausedVerify                    2                  5.0               0.40                 7.80            760.4              0.0
ClockStopWatchRunning                         3                  5.0               0.20                 4.80            403.6              0.0
OpenAppTaskEval                               4                  5.0               1.00                 1.80            331.3              0.0
RecipeDeleteSingleRecipe                      5                  5.0               0.20                 9.20            831.0              0.0
RecipeDeleteSingleWithRecipeWithNoise         6                  5.0               0.00                20.00           2166.2              0.0
========= Average =========                   0                  5.0               0.34                10.26           1012.0              0.0


               mean_success_rate
difficulty                  easy
tags                            
data_edit                    0.1
game_playing                 0.0
parameterized                0.3
requires_setup               0.6
screen_reading               0.0
search                       0.1
untagged                     0.2
verification                 0.4

Running task: CameraTakePhoto
=============================
W0814 17:13:33.053973 124305553613888 task_eval.py:125] Skipping app snapshot loading : Snapshot not found in /data/data/android_world/snapshots/com.android.camera2.
Running task CameraTakePhoto with goal "Take one photo."
W0814 17:13:33.874063 124305553613888 android_world_controller.py:98] Could not get a11y tree, retrying.
Completed step 1.
Completed step 2.
Completed step 3.
Completed step 4.
Completed step 5.
Completed step 6.
Completed step 7.
Completed step 8.
Completed step 9.
Completed step 10.
Agent did not indicate task is done. Reached max number of steps.
Task Failed ❌;  Take one photo.
W0814 17:15:56.718078 124305553613888 task_eval.py:125] Skipping app snapshot loading : Snapshot not found in /data/data/android_world/snapshots/com.android.camera2.


                                       task_num  num_complete_trials  mean_success_rate  mean_episode_length  total_runtime_s  num_fail_trials
task                                                                                                                                          
AudioRecorderRecordAudio                      0                  5.0                0.6                 8.20           685.20              0.0
BrowserDraw                                   1                  5.0                0.0                20.00          1906.30              0.0
CameraTakePhoto                               2                  1.0                0.0                10.00           144.30              0.0
ClockStopWatchPausedVerify                    3                  5.0                0.4                 7.80           760.40              0.0
ClockStopWatchRunning                         4                  5.0                0.2                 4.80           403.60              0.0
OpenAppTaskEval                               5                  5.0                1.0                 1.80           331.30              0.0
RecipeDeleteSingleRecipe                      6                  5.0                0.2                 9.20           831.00              0.0
RecipeDeleteSingleWithRecipeWithNoise         7                  5.0                0.0                20.00          2166.20              0.0
========= Average =========                   0                  4.5                0.3                10.22           903.54              0.0


               mean_success_rate
difficulty                  easy
tags                            
data_edit                    0.1
game_playing                 0.0
parameterized                0.3
requires_setup               0.6
screen_reading               0.0
search                       0.1
untagged                     0.1
verification                 0.4
W0814 17:15:59.936645 124305553613888 task_eval.py:125] Skipping app snapshot loading : Snapshot not found in /data/data/android_world/snapshots/com.android.camera2.
Running task CameraTakePhoto with goal "Take one photo."
Completed step 1.
Completed step 2.
Completed step 3.
Completed step 4.
Completed step 5.
Completed step 6.
Completed step 7.
Completed step 8.
Completed step 9.
Completed step 10.
Agent did not indicate task is done. Reached max number of steps.
Task Failed ❌;  Take one photo.
W0814 17:18:03.942261 124305553613888 task_eval.py:125] Skipping app snapshot loading : Snapshot not found in /data/data/android_world/snapshots/com.android.camera2.


                                       task_num  num_complete_trials  mean_success_rate  mean_episode_length  total_runtime_s  num_fail_trials
task                                                                                                                                          
AudioRecorderRecordAudio                      0                 5.00                0.6                 8.20           685.20              0.0
BrowserDraw                                   1                 5.00                0.0                20.00          1906.30              0.0
CameraTakePhoto                               2                 2.00                0.0                10.00           268.60              0.0
ClockStopWatchPausedVerify                    3                 5.00                0.4                 7.80           760.40              0.0
ClockStopWatchRunning                         4                 5.00                0.2                 4.80           403.60              0.0
OpenAppTaskEval                               5                 5.00                1.0                 1.80           331.30              0.0
RecipeDeleteSingleRecipe                      6                 5.00                0.2                 9.20           831.00              0.0
RecipeDeleteSingleWithRecipeWithNoise         7                 5.00                0.0                20.00          2166.20              0.0
========= Average =========                   0                 4.62                0.3                10.22           919.08              0.0


               mean_success_rate
difficulty                  easy
tags                            
data_edit                    0.1
game_playing                 0.0
parameterized                0.3
requires_setup               0.6
screen_reading               0.0
search                       0.1
untagged                     0.1
verification                 0.4
W0814 17:18:09.443125 124305553613888 task_eval.py:125] Skipping app snapshot loading : Snapshot not found in /data/data/android_world/snapshots/com.android.camera2.
Running task CameraTakePhoto with goal "Take one photo."
W0814 17:18:10.248087 124305553613888 android_world_controller.py:98] Could not get a11y tree, retrying.
W0814 17:18:11.248461 124305553613888 android_world_controller.py:98] Could not get a11y tree, retrying.
Completed step 1.
Completed step 2.
Completed step 3.
Completed step 4.
Completed step 5.
Completed step 6.
Completed step 7.
Completed step 8.
Completed step 9.
Completed step 10.
Agent did not indicate task is done. Reached max number of steps.
Task Failed ❌;  Take one photo.
W0814 17:20:19.294191 124305553613888 task_eval.py:125] Skipping app snapshot loading : Snapshot not found in /data/data/android_world/snapshots/com.android.camera2.


                                       task_num  num_complete_trials  mean_success_rate  mean_episode_length  total_runtime_s  num_fail_trials
task                                                                                                                                          
AudioRecorderRecordAudio                      0                 5.00                0.6                 8.20           685.20              0.0
BrowserDraw                                   1                 5.00                0.0                20.00          1906.30              0.0
CameraTakePhoto                               2                 3.00                0.0                10.00           401.90              0.0
ClockStopWatchPausedVerify                    3                 5.00                0.4                 7.80           760.40              0.0
ClockStopWatchRunning                         4                 5.00                0.2                 4.80           403.60              0.0
OpenAppTaskEval                               5                 5.00                1.0                 1.80           331.30              0.0
RecipeDeleteSingleRecipe                      6                 5.00                0.2                 9.20           831.00              0.0
RecipeDeleteSingleWithRecipeWithNoise         7                 5.00                0.0                20.00          2166.20              0.0
========= Average =========                   0                 4.75                0.3                10.22           935.74              0.0


               mean_success_rate
difficulty                  easy
tags                            
data_edit                    0.1
game_playing                 0.0
parameterized                0.3
requires_setup               0.6
screen_reading               0.0
search                       0.1
untagged                     0.1
verification                 0.4
W0814 17:20:21.831923 124305553613888 task_eval.py:125] Skipping app snapshot loading : Snapshot not found in /data/data/android_world/snapshots/com.android.camera2.
Running task CameraTakePhoto with goal "Take one photo."
Completed step 1.
Completed step 2.
Completed step 3.
Completed step 4.
Completed step 5.
Completed step 6.
Completed step 7.
Completed step 8.
Completed step 9.
Completed step 10.
Agent did not indicate task is done. Reached max number of steps.
Task Failed ❌;  Take one photo.
W0814 17:22:51.791312 124305553613888 task_eval.py:125] Skipping app snapshot loading : Snapshot not found in /data/data/android_world/snapshots/com.android.camera2.


                                       task_num  num_complete_trials  mean_success_rate  mean_episode_length  total_runtime_s  num_fail_trials
task                                                                                                                                          
AudioRecorderRecordAudio                      0                 5.00                0.6                 8.20           685.20              0.0
BrowserDraw                                   1                 5.00                0.0                20.00          1906.30              0.0
CameraTakePhoto                               2                 4.00                0.0                10.00           552.10              0.0
ClockStopWatchPausedVerify                    3                 5.00                0.4                 7.80           760.40              0.0
ClockStopWatchRunning                         4                 5.00                0.2                 4.80           403.60              0.0
OpenAppTaskEval                               5                 5.00                1.0                 1.80           331.30              0.0
RecipeDeleteSingleRecipe                      6                 5.00                0.2                 9.20           831.00              0.0
RecipeDeleteSingleWithRecipeWithNoise         7                 5.00                0.0                20.00          2166.20              0.0
========= Average =========                   0                 4.88                0.3                10.22           954.51              0.0


               mean_success_rate
difficulty                  easy
tags                            
data_edit                    0.1
game_playing                 0.0
parameterized                0.3
requires_setup               0.6
screen_reading               0.0
search                       0.1
untagged                     0.1
verification                 0.4
W0814 17:22:54.121224 124305553613888 task_eval.py:125] Skipping app snapshot loading : Snapshot not found in /data/data/android_world/snapshots/com.android.camera2.
Running task CameraTakePhoto with goal "Take one photo."
Completed step 1.
Completed step 2.
Completed step 3.
Completed step 4.
Completed step 5.
Completed step 6.
Completed step 7.
Completed step 8.
Completed step 9.
Completed step 10.
Agent did not indicate task is done. Reached max number of steps.
Task Failed ❌;  Take one photo.
W0814 17:25:03.045470 124305553613888 task_eval.py:125] Skipping app snapshot loading : Snapshot not found in /data/data/android_world/snapshots/com.android.camera2.


                                       task_num  num_complete_trials  mean_success_rate  mean_episode_length  total_runtime_s  num_fail_trials
task                                                                                                                                          
AudioRecorderRecordAudio                      0                  5.0                0.6                 8.20           685.20              0.0
BrowserDraw                                   1                  5.0                0.0                20.00          1906.30              0.0
CameraTakePhoto                               2                  5.0                0.0                10.00           681.30              0.0
ClockStopWatchPausedVerify                    3                  5.0                0.4                 7.80           760.40              0.0
ClockStopWatchRunning                         4                  5.0                0.2                 4.80           403.60              0.0
OpenAppTaskEval                               5                  5.0                1.0                 1.80           331.30              0.0
RecipeDeleteSingleRecipe                      6                  5.0                0.2                 9.20           831.00              0.0
RecipeDeleteSingleWithRecipeWithNoise         7                  5.0                0.0                20.00          2166.20              0.0
========= Average =========                   0                  5.0                0.3                10.22           970.66              0.0


               mean_success_rate
difficulty                  easy
tags                            
data_edit                    0.1
game_playing                 0.0
parameterized                0.3
requires_setup               0.6
screen_reading               0.0
search                       0.1
untagged                     0.1
verification                 0.4

Running task: ContactsAddContact
================================
W0814 17:25:05.422025 124305553613888 task_eval.py:125] Skipping app snapshot loading : Snapshot not found in /data/data/android_world/snapshots/com.google.android.contacts.
Running task ContactsAddContact with goal "Create a new contact for Hugo Pereira. Their number is +13920741751."
W0814 17:25:06.079737 124305553613888 android_world_controller.py:98] Could not get a11y tree, retrying.
W0814 17:25:07.080103 124305553613888 android_world_controller.py:98] Could not get a11y tree, retrying.
Completed step 1.
Completed step 2.
Completed step 3.
Completed step 4.
Completed step 5.
Completed step 6.
Completed step 7.
Completed step 8.
Completed step 9.
Completed step 10.
Completed step 11.
Completed step 12.
Agent did not indicate task is done. Reached max number of steps.
Task Failed ❌;  Create a new contact for Hugo Pereira. Their number is +13920741751.
W0814 17:29:11.199367 124305553613888 task_eval.py:125] Skipping app snapshot loading : Snapshot not found in /data/data/android_world/snapshots/com.google.android.contacts.


                                       task_num  num_complete_trials  mean_success_rate  mean_episode_length  total_runtime_s  num_fail_trials
task                                                                                                                                          
AudioRecorderRecordAudio                      0                 5.00               0.60                 8.20           685.20              0.0
BrowserDraw                                   1                 5.00               0.00                20.00          1906.30              0.0
CameraTakePhoto                               2                 5.00               0.00                10.00           681.30              0.0
ClockStopWatchPausedVerify                    3                 5.00               0.40                 7.80           760.40              0.0
ClockStopWatchRunning                         4                 5.00               0.20                 4.80           403.60              0.0
ContactsAddContact                            5                 1.00               0.00                12.00           246.20              0.0
OpenAppTaskEval                               6                 5.00               1.00                 1.80           331.30              0.0
RecipeDeleteSingleRecipe                      7                 5.00               0.20                 9.20           831.00              0.0
RecipeDeleteSingleWithRecipeWithNoise         8                 5.00               0.00                20.00          2166.20              0.0
========= Average =========                   0                 4.56               0.27                10.42           890.17              0.0


               mean_success_rate
difficulty                  easy
tags                            
data_edit                   0.10
data_entry                  0.00
game_playing                0.00
parameterized               0.24
requires_setup              0.60
screen_reading              0.00
search                      0.10
untagged                    0.10
verification                0.40
W0814 17:29:13.698043 124305553613888 task_eval.py:125] Skipping app snapshot loading : Snapshot not found in /data/data/android_world/snapshots/com.google.android.contacts.
Running task ContactsAddContact with goal "Create a new contact for Mariam Chen. Their number is +18332445674."
Completed step 1.
Completed step 2.
Completed step 3.
Completed step 4.
Completed step 5.
Completed step 6.
Completed step 7.
Completed step 8.
Completed step 9.
Completed step 10.
Completed step 11.
Completed step 12.
Agent did not indicate task is done. Reached max number of steps.
Task Failed ❌;  Create a new contact for Mariam Chen. Their number is +18332445674.
W0814 17:33:28.668990 124305553613888 task_eval.py:125] Skipping app snapshot loading : Snapshot not found in /data/data/android_world/snapshots/com.google.android.contacts.


                                       task_num  num_complete_trials  mean_success_rate  mean_episode_length  total_runtime_s  num_fail_trials
task                                                                                                                                          
AudioRecorderRecordAudio                      0                 5.00               0.60                 8.20           685.20              0.0
BrowserDraw                                   1                 5.00               0.00                20.00          1906.30              0.0
CameraTakePhoto                               2                 5.00               0.00                10.00           681.30              0.0
ClockStopWatchPausedVerify                    3                 5.00               0.40                 7.80           760.40              0.0
ClockStopWatchRunning                         4                 5.00               0.20                 4.80           403.60              0.0
ContactsAddContact                            5                 2.00               0.00                12.00           501.60              0.0
OpenAppTaskEval                               6                 5.00               1.00                 1.80           331.30              0.0
RecipeDeleteSingleRecipe                      7                 5.00               0.20                 9.20           831.00              0.0
RecipeDeleteSingleWithRecipeWithNoise         8                 5.00               0.00                20.00          2166.20              0.0
========= Average =========                   0                 4.67               0.27                10.42           918.54              0.0


               mean_success_rate
difficulty                  easy
tags                            
data_edit                   0.10
data_entry                  0.00
game_playing                0.00
parameterized               0.24
requires_setup              0.60
screen_reading              0.00
search                      0.10
untagged                    0.10
verification                0.40
W0814 17:33:31.228898 124305553613888 task_eval.py:125] Skipping app snapshot loading : Snapshot not found in /data/data/android_world/snapshots/com.google.android.contacts.
Running task ContactsAddContact with goal "Create a new contact for Isla Martin. Their number is +15256606183."
Completed step 1.
Completed step 2.
Completed step 3.
Completed step 4.
Completed step 5.
Completed step 6.
Completed step 7.
Completed step 8.
Completed step 9.
Completed step 10.
Completed step 11.
Completed step 12.
Agent did not indicate task is done. Reached max number of steps.
Task Failed ❌;  Create a new contact for Isla Martin. Their number is +15256606183.
W0814 17:36:35.097999 124305553613888 task_eval.py:125] Skipping app snapshot loading : Snapshot not found in /data/data/android_world/snapshots/com.google.android.contacts.


                                       task_num  num_complete_trials  mean_success_rate  mean_episode_length  total_runtime_s  num_fail_trials
task                                                                                                                                          
AudioRecorderRecordAudio                      0                 5.00               0.60                 8.20           685.20              0.0
BrowserDraw                                   1                 5.00               0.00                20.00          1906.30              0.0
CameraTakePhoto                               2                 5.00               0.00                10.00           681.30              0.0
ClockStopWatchPausedVerify                    3                 5.00               0.40                 7.80           760.40              0.0
ClockStopWatchRunning                         4                 5.00               0.20                 4.80           403.60              0.0
ContactsAddContact                            5                 3.00               0.00                12.00           686.00              0.0
OpenAppTaskEval                               6                 5.00               1.00                 1.80           331.30              0.0
RecipeDeleteSingleRecipe                      7                 5.00               0.20                 9.20           831.00              0.0
RecipeDeleteSingleWithRecipeWithNoise         8                 5.00               0.00                20.00          2166.20              0.0
========= Average =========                   0                 4.78               0.27                10.42           939.03              0.0


               mean_success_rate
difficulty                  easy
tags                            
data_edit                   0.10
data_entry                  0.00
game_playing                0.00
parameterized               0.24
requires_setup              0.60
screen_reading              0.00
search                      0.10
untagged                    0.10
verification                0.40
W0814 17:36:37.472171 124305553613888 task_eval.py:125] Skipping app snapshot loading : Snapshot not found in /data/data/android_world/snapshots/com.google.android.contacts.
Running task ContactsAddContact with goal "Create a new contact for Sophie Ahmed. Their number is +11555474287."
Completed step 1.
Completed step 2.
Completed step 3.
Completed step 4.
Completed step 5.
Completed step 6.
Completed step 7.
Completed step 8.
Completed step 9.
Completed step 10.
Completed step 11.
Completed step 12.
Agent did not indicate task is done. Reached max number of steps.
Task Failed ❌;  Create a new contact for Sophie Ahmed. Their number is +11555474287.
W0814 17:39:44.171179 124305553613888 task_eval.py:125] Skipping app snapshot loading : Snapshot not found in /data/data/android_world/snapshots/com.google.android.contacts.


                                       task_num  num_complete_trials  mean_success_rate  mean_episode_length  total_runtime_s  num_fail_trials
task                                                                                                                                          
AudioRecorderRecordAudio                      0                 5.00               0.60                 8.20           685.20              0.0
BrowserDraw                                   1                 5.00               0.00                20.00          1906.30              0.0
CameraTakePhoto                               2                 5.00               0.00                10.00           681.30              0.0
ClockStopWatchPausedVerify                    3                 5.00               0.40                 7.80           760.40              0.0
ClockStopWatchRunning                         4                 5.00               0.20                 4.80           403.60              0.0
ContactsAddContact                            5                 4.00               0.00                12.00           873.20              0.0
OpenAppTaskEval                               6                 5.00               1.00                 1.80           331.30              0.0
RecipeDeleteSingleRecipe                      7                 5.00               0.20                 9.20           831.00              0.0
RecipeDeleteSingleWithRecipeWithNoise         8                 5.00               0.00                20.00          2166.20              0.0
========= Average =========                   0                 4.89               0.27                10.42           959.83              0.0


               mean_success_rate
difficulty                  easy
tags                            
data_edit                   0.10
data_entry                  0.00
game_playing                0.00
parameterized               0.24
requires_setup              0.60
screen_reading              0.00
search                      0.10
untagged                    0.10
verification                0.40
W0814 17:39:46.549742 124305553613888 task_eval.py:125] Skipping app snapshot loading : Snapshot not found in /data/data/android_world/snapshots/com.google.android.contacts.
Running task ContactsAddContact with goal "Create a new contact for Sophia Zhang. Their number is +17890682839."
Completed step 1.
Completed step 2.
Completed step 3.
Completed step 4.
Completed step 5.
Completed step 6.
Completed step 7.
Completed step 8.
Completed step 9.
Completed step 10.
Completed step 11.
Completed step 12.
Agent did not indicate task is done. Reached max number of steps.
Task Failed ❌;  Create a new contact for Sophia Zhang. Their number is +17890682839.
W0814 17:43:44.225429 124305553613888 task_eval.py:125] Skipping app snapshot loading : Snapshot not found in /data/data/android_world/snapshots/com.google.android.contacts.


                                       task_num  num_complete_trials  mean_success_rate  mean_episode_length  total_runtime_s  num_fail_trials
task                                                                                                                                          
AudioRecorderRecordAudio                      0                  5.0               0.60                 8.20           685.20              0.0
BrowserDraw                                   1                  5.0               0.00                20.00          1906.30              0.0
CameraTakePhoto                               2                  5.0               0.00                10.00           681.30              0.0
ClockStopWatchPausedVerify                    3                  5.0               0.40                 7.80           760.40              0.0
ClockStopWatchRunning                         4                  5.0               0.20                 4.80           403.60              0.0
ContactsAddContact                            5                  5.0               0.00                12.00          1111.50              0.0
OpenAppTaskEval                               6                  5.0               1.00                 1.80           331.30              0.0
RecipeDeleteSingleRecipe                      7                  5.0               0.20                 9.20           831.00              0.0
RecipeDeleteSingleWithRecipeWithNoise         8                  5.0               0.00                20.00          2166.20              0.0
========= Average =========                   0                  5.0               0.27                10.42           986.31              0.0


               mean_success_rate
difficulty                  easy
tags                            
data_edit                   0.10
data_entry                  0.00
game_playing                0.00
parameterized               0.24
requires_setup              0.60
screen_reading              0.00
search                      0.10
untagged                    0.10
verification                0.40

Running task: ExpenseAddSingle
==============================
W0814 17:43:48.512387 124305553613888 task_eval.py:125] Skipping app snapshot loading : Snapshot not found in /data/data/android_world/snapshots/com.arduia.expense.
Running task ExpenseAddSingle with goal "Add the following expenses into the pro expense:
Expense: Therapy Sessions
 amount_dollars: $307.01
 category_name: Health Care
 note: I may repeat this
"
Completed step 1.
W0814 17:44:19.315000 124305553613888 sqlite_validators.py:168] Expected row Expense(name='Therapy Sessions', amount=30701, category=9, note='I may repeat this', created_date=1697097600000, modified_date=1697097600000, expense_id=-1) not found in the 'after' state.
Completed step 2.
W0814 17:44:48.910784 124305553613888 sqlite_validators.py:168] Expected row Expense(name='Therapy Sessions', amount=30701, category=9, note='I may repeat this', created_date=1697097600000, modified_date=1697097600000, expense_id=-1) not found in the 'after' state.
Completed step 3.
W0814 17:45:18.002398 124305553613888 sqlite_validators.py:168] Expected row Expense(name='Therapy Sessions', amount=30701, category=9, note='I may repeat this', created_date=1697097600000, modified_date=1697097600000, expense_id=-1) not found in the 'after' state.
Completed step 4.
W0814 17:45:36.301350 124305553613888 sqlite_validators.py:168] Expected row Expense(name='Therapy Sessions', amount=30701, category=9, note='I may repeat this', created_date=1697097600000, modified_date=1697097600000, expense_id=-1) not found in the 'after' state.
Completed step 5.
W0814 17:46:04.520220 124305553613888 sqlite_validators.py:168] Expected row Expense(name='Therapy Sessions', amount=30701, category=9, note='I may repeat this', created_date=1697097600000, modified_date=1697097600000, expense_id=-1) not found in the 'after' state.
Completed step 6.
W0814 17:46:25.701253 124305553613888 sqlite_validators.py:168] Expected row Expense(name='Therapy Sessions', amount=30701, category=9, note='I may repeat this', created_date=1697097600000, modified_date=1697097600000, expense_id=-1) not found in the 'after' state.
Completed step 7.
W0814 17:46:43.475527 124305553613888 sqlite_validators.py:168] Expected row Expense(name='Therapy Sessions', amount=30701, category=9, note='I may repeat this', created_date=1697097600000, modified_date=1697097600000, expense_id=-1) not found in the 'after' state.
Completed step 8.
W0814 17:47:04.344509 124305553613888 sqlite_validators.py:168] Expected row Expense(name='Therapy Sessions', amount=30701, category=9, note='I may repeat this', created_date=1697097600000, modified_date=1697097600000, expense_id=-1) not found in the 'after' state.
Completed step 9.
W0814 17:47:22.533781 124305553613888 sqlite_validators.py:168] Expected row Expense(name='Therapy Sessions', amount=30701, category=9, note='I may repeat this', created_date=1697097600000, modified_date=1697097600000, expense_id=-1) not found in the 'after' state.
Completed step 10.
W0814 17:47:43.380716 124305553613888 sqlite_validators.py:168] Expected row Expense(name='Therapy Sessions', amount=30701, category=9, note='I may repeat this', created_date=1697097600000, modified_date=1697097600000, expense_id=-1) not found in the 'after' state.
Completed step 11.
W0814 17:48:04.545504 124305553613888 sqlite_validators.py:168] Expected row Expense(name='Therapy Sessions', amount=30701, category=9, note='I may repeat this', created_date=1697097600000, modified_date=1697097600000, expense_id=-1) not found in the 'after' state.
Completed step 12.
W0814 17:48:25.068244 124305553613888 sqlite_validators.py:168] Expected row Expense(name='Therapy Sessions', amount=30701, category=9, note='I may repeat this', created_date=1697097600000, modified_date=1697097600000, expense_id=-1) not found in the 'after' state.
Agent did not indicate task is done. Reached max number of steps.
W0814 17:48:25.553801 124305553613888 sqlite_validators.py:168] Expected row Expense(name='Therapy Sessions', amount=30701, category=9, note='I may repeat this', created_date=1697097600000, modified_date=1697097600000, expense_id=-1) not found in the 'after' state.
Task Failed ❌;  Add the following expenses into the pro expense:
Expense: Therapy Sessions
 amount_dollars: $307.01
 category_name: Health Care
 note: I may repeat this

W0814 17:48:25.825860 124305553613888 task_eval.py:125] Skipping app snapshot loading : Snapshot not found in /data/data/android_world/snapshots/com.arduia.expense.


                                       task_num  num_complete_trials  mean_success_rate  mean_episode_length  total_runtime_s  num_fail_trials
task                                                                                                                                          
AudioRecorderRecordAudio                      0                  5.0               0.60                 8.20           685.20              0.0
BrowserDraw                                   1                  5.0               0.00                20.00          1906.30              0.0
CameraTakePhoto                               2                  5.0               0.00                10.00           681.30              0.0
ClockStopWatchPausedVerify                    3                  5.0               0.40                 7.80           760.40              0.0
ClockStopWatchRunning                         4                  5.0               0.20                 4.80           403.60              0.0
ContactsAddContact                            5                  5.0               0.00                12.00          1111.50              0.0
ExpenseAddSingle                              6                  1.0               0.00                12.00           279.60              0.0
OpenAppTaskEval                               7                  5.0               1.00                 1.80           331.30              0.0
RecipeDeleteSingleRecipe                      8                  5.0               0.20                 9.20           831.00              0.0
RecipeDeleteSingleWithRecipeWithNoise         9                  5.0               0.00                20.00          2166.20              0.0
========= Average =========                   0                  4.6               0.24                10.58           915.64              0.0


               mean_success_rate
difficulty                  easy
tags                            
data_edit                   0.10
data_entry                  0.00
game_playing                0.00
parameterized               0.20
requires_setup              0.60
screen_reading              0.00
search                      0.07
untagged                    0.10
verification                0.40
W0814 17:48:31.541202 124305553613888 task_eval.py:125] Skipping app snapshot loading : Snapshot not found in /data/data/android_world/snapshots/com.arduia.expense.
Running task ExpenseAddSingle with goal "Add the following expenses into the pro expense:
Expense: Health Insurance
 amount_dollars: $317.47
 category_name: Health Care
 note: I may repeat this
"
W0814 17:48:34.781247 124305553613888 android_world_controller.py:98] Could not get a11y tree, retrying.
Completed step 1.
W0814 17:49:02.541084 124305553613888 sqlite_validators.py:168] Expected row Expense(name='Health Insurance', amount=31747, category=9, note='I may repeat this', created_date=1696370400000, modified_date=1696370400000, expense_id=-1) not found in the 'after' state.
Completed step 2.
W0814 17:49:29.041926 124305553613888 sqlite_validators.py:168] Expected row Expense(name='Health Insurance', amount=31747, category=9, note='I may repeat this', created_date=1696370400000, modified_date=1696370400000, expense_id=-1) not found in the 'after' state.
Completed step 3.
W0814 17:50:00.411645 124305553613888 sqlite_validators.py:168] Expected row Expense(name='Health Insurance', amount=31747, category=9, note='I may repeat this', created_date=1696370400000, modified_date=1696370400000, expense_id=-1) not found in the 'after' state.
Completed step 4.
W0814 17:50:40.685475 124305553613888 sqlite_validators.py:168] Expected row Expense(name='Health Insurance', amount=31747, category=9, note='I may repeat this', created_date=1696370400000, modified_date=1696370400000, expense_id=-1) not found in the 'after' state.
Completed step 5.
W0814 17:51:27.057043 124305553613888 sqlite_validators.py:168] Expected row Expense(name='Health Insurance', amount=31747, category=9, note='I may repeat this', created_date=1696370400000, modified_date=1696370400000, expense_id=-1) not found in the 'after' state.
Completed step 6.
W0814 17:52:04.529755 124305553613888 sqlite_validators.py:168] Expected row Expense(name='Health Insurance', amount=31747, category=9, note='I may repeat this', created_date=1696370400000, modified_date=1696370400000, expense_id=-1) not found in the 'after' state.
Completed step 7.
W0814 17:52:34.819784 124305553613888 sqlite_validators.py:168] Expected row Expense(name='Health Insurance', amount=31747, category=9, note='I may repeat this', created_date=1696370400000, modified_date=1696370400000, expense_id=-1) not found in the 'after' state.
Completed step 8.
W0814 17:53:04.929742 124305553613888 sqlite_validators.py:168] Expected row Expense(name='Health Insurance', amount=31747, category=9, note='I may repeat this', created_date=1696370400000, modified_date=1696370400000, expense_id=-1) not found in the 'after' state.
Completed step 9.
W0814 17:53:44.348755 124305553613888 sqlite_validators.py:168] Expected row Expense(name='Health Insurance', amount=31747, category=9, note='I may repeat this', created_date=1696370400000, modified_date=1696370400000, expense_id=-1) not found in the 'after' state.
Completed step 10.
W0814 17:54:34.545993 124305553613888 sqlite_validators.py:168] Expected row Expense(name='Health Insurance', amount=31747, category=9, note='I may repeat this', created_date=1696370400000, modified_date=1696370400000, expense_id=-1) not found in the 'after' state.
Completed step 11.
W0814 17:55:20.085806 124305553613888 sqlite_validators.py:168] Expected row Expense(name='Health Insurance', amount=31747, category=9, note='I may repeat this', created_date=1696370400000, modified_date=1696370400000, expense_id=-1) not found in the 'after' state.
Completed step 12.
W0814 17:56:07.776589 124305553613888 sqlite_validators.py:168] Expected row Expense(name='Health Insurance', amount=31747, category=9, note='I may repeat this', created_date=1696370400000, modified_date=1696370400000, expense_id=-1) not found in the 'after' state.
Agent did not indicate task is done. Reached max number of steps.
W0814 17:56:08.254493 124305553613888 sqlite_validators.py:168] Expected row Expense(name='Health Insurance', amount=31747, category=9, note='I may repeat this', created_date=1696370400000, modified_date=1696370400000, expense_id=-1) not found in the 'after' state.
Task Failed ❌;  Add the following expenses into the pro expense:
Expense: Health Insurance
 amount_dollars: $317.47
 category_name: Health Care
 note: I may repeat this

W0814 17:56:08.550629 124305553613888 task_eval.py:125] Skipping app snapshot loading : Snapshot not found in /data/data/android_world/snapshots/com.arduia.expense.


                                       task_num  num_complete_trials  mean_success_rate  mean_episode_length  total_runtime_s  num_fail_trials
task                                                                                                                                          
AudioRecorderRecordAudio                      0                  5.0               0.60                 8.20           685.20              0.0
BrowserDraw                                   1                  5.0               0.00                20.00          1906.30              0.0
CameraTakePhoto                               2                  5.0               0.00                10.00           681.30              0.0
ClockStopWatchPausedVerify                    3                  5.0               0.40                 7.80           760.40              0.0
ClockStopWatchRunning                         4                  5.0               0.20                 4.80           403.60              0.0
ContactsAddContact                            5                  5.0               0.00                12.00          1111.50              0.0
ExpenseAddSingle                              6                  2.0               0.00                12.00           738.80              0.0
OpenAppTaskEval                               7                  5.0               1.00                 1.80           331.30              0.0
RecipeDeleteSingleRecipe                      8                  5.0               0.20                 9.20           831.00              0.0
RecipeDeleteSingleWithRecipeWithNoise         9                  5.0               0.00                20.00          2166.20              0.0
========= Average =========                   0                  4.7               0.24                10.58           961.56              0.0


               mean_success_rate
difficulty                  easy
tags                            
data_edit                   0.10
data_entry                  0.00
game_playing                0.00
parameterized               0.20
requires_setup              0.60
screen_reading              0.00
search                      0.07
untagged                    0.10
verification                0.40
W0814 17:56:18.011029 124305553613888 task_eval.py:125] Skipping app snapshot loading : Snapshot not found in /data/data/android_world/snapshots/com.arduia.expense.
Running task ExpenseAddSingle with goal "Add the following expenses into the pro expense:
name|amount_dollars|category_name|note
Sportswear|$418.57|Clothes|A need"
W0814 17:56:21.672226 124305553613888 android_world_controller.py:98] Could not get a11y tree, retrying.
Completed step 1.
W0814 17:56:47.002469 124305553613888 sqlite_validators.py:168] Expected row Expense(name='Sportswear', amount=41857, category=8, note='A need', created_date=1697230800000, modified_date=1697230800000, expense_id=-1) not found in the 'after' state.
Completed step 2.
W0814 17:57:14.168835 124305553613888 sqlite_validators.py:168] Expected row Expense(name='Sportswear', amount=41857, category=8, note='A need', created_date=1697230800000, modified_date=1697230800000, expense_id=-1) not found in the 'after' state.
Completed step 3.
W0814 17:57:34.813349 124305553613888 sqlite_validators.py:168] Expected row Expense(name='Sportswear', amount=41857, category=8, note='A need', created_date=1697230800000, modified_date=1697230800000, expense_id=-1) not found in the 'after' state.
Completed step 4.
W0814 17:57:52.530361 124305553613888 sqlite_validators.py:168] Expected row Expense(name='Sportswear', amount=41857, category=8, note='A need', created_date=1697230800000, modified_date=1697230800000, expense_id=-1) not found in the 'after' state.
Completed step 5.
W0814 17:58:13.056369 124305553613888 sqlite_validators.py:168] Expected row Expense(name='Sportswear', amount=41857, category=8, note='A need', created_date=1697230800000, modified_date=1697230800000, expense_id=-1) not found in the 'after' state.
Completed step 6.
W0814 17:58:30.671556 124305553613888 sqlite_validators.py:168] Expected row Expense(name='Sportswear', amount=41857, category=8, note='A need', created_date=1697230800000, modified_date=1697230800000, expense_id=-1) not found in the 'after' state.
Completed step 7.
W0814 17:58:51.350010 124305553613888 sqlite_validators.py:168] Expected row Expense(name='Sportswear', amount=41857, category=8, note='A need', created_date=1697230800000, modified_date=1697230800000, expense_id=-1) not found in the 'after' state.
Completed step 8.
W0814 17:59:12.006725 124305553613888 sqlite_validators.py:168] Expected row Expense(name='Sportswear', amount=41857, category=8, note='A need', created_date=1697230800000, modified_date=1697230800000, expense_id=-1) not found in the 'after' state.
Completed step 9.
W0814 17:59:29.574752 124305553613888 sqlite_validators.py:168] Expected row Expense(name='Sportswear', amount=41857, category=8, note='A need', created_date=1697230800000, modified_date=1697230800000, expense_id=-1) not found in the 'after' state.
Completed step 10.
W0814 17:59:50.215238 124305553613888 sqlite_validators.py:168] Expected row Expense(name='Sportswear', amount=41857, category=8, note='A need', created_date=1697230800000, modified_date=1697230800000, expense_id=-1) not found in the 'after' state.
Completed step 11.
W0814 18:00:07.639154 124305553613888 sqlite_validators.py:168] Expected row Expense(name='Sportswear', amount=41857, category=8, note='A need', created_date=1697230800000, modified_date=1697230800000, expense_id=-1) not found in the 'after' state.
Completed step 12.
W0814 18:00:28.361869 124305553613888 sqlite_validators.py:168] Expected row Expense(name='Sportswear', amount=41857, category=8, note='A need', created_date=1697230800000, modified_date=1697230800000, expense_id=-1) not found in the 'after' state.
Agent did not indicate task is done. Reached max number of steps.
W0814 18:00:28.843386 124305553613888 sqlite_validators.py:168] Expected row Expense(name='Sportswear', amount=41857, category=8, note='A need', created_date=1697230800000, modified_date=1697230800000, expense_id=-1) not found in the 'after' state.
Task Failed ❌;  Add the following expenses into the pro expense:
name|amount_dollars|category_name|note
Sportswear|$418.57|Clothes|A need
W0814 18:00:29.110093 124305553613888 task_eval.py:125] Skipping app snapshot loading : Snapshot not found in /data/data/android_world/snapshots/com.arduia.expense.


                                       task_num  num_complete_trials  mean_success_rate  mean_episode_length  total_runtime_s  num_fail_trials
task                                                                                                                                          
AudioRecorderRecordAudio                      0                  5.0               0.60                 8.20           685.20              0.0
BrowserDraw                                   1                  5.0               0.00                20.00          1906.30              0.0
CameraTakePhoto                               2                  5.0               0.00                10.00           681.30              0.0
ClockStopWatchPausedVerify                    3                  5.0               0.40                 7.80           760.40              0.0
ClockStopWatchRunning                         4                  5.0               0.20                 4.80           403.60              0.0
ContactsAddContact                            5                  5.0               0.00                12.00          1111.50              0.0
ExpenseAddSingle                              6                  3.0               0.00                12.00           995.10              0.0
OpenAppTaskEval                               7                  5.0               1.00                 1.80           331.30              0.0
RecipeDeleteSingleRecipe                      8                  5.0               0.20                 9.20           831.00              0.0
RecipeDeleteSingleWithRecipeWithNoise         9                  5.0               0.00                20.00          2166.20              0.0
========= Average =========                   0                  4.8               0.24                10.58           987.19              0.0


               mean_success_rate
difficulty                  easy
tags                            
data_edit                   0.10
data_entry                  0.00
game_playing                0.00
parameterized               0.20
requires_setup              0.60
screen_reading              0.00
search                      0.07
untagged                    0.10
verification                0.40
W0814 18:00:35.064683 124305553613888 task_eval.py:125] Skipping app snapshot loading : Snapshot not found in /data/data/android_world/snapshots/com.arduia.expense.
Running task ExpenseAddSingle with goal "Add the following expenses into the pro expense:
Expense: Seminars
 amount_dollars: $441.21
 category_name: Education
 note: I may repeat this
"
Completed step 1.
W0814 18:01:05.672822 124305553613888 sqlite_validators.py:168] Expected row Expense(name='Seminars', amount=44121, category=10, note='I may repeat this', created_date=1696230000000, modified_date=1696230000000, expense_id=-1) not found in the 'after' state.
Completed step 2.
W0814 18:01:45.719827 124305553613888 sqlite_validators.py:168] Expected row Expense(name='Seminars', amount=44121, category=10, note='I may repeat this', created_date=1696230000000, modified_date=1696230000000, expense_id=-1) not found in the 'after' state.
Completed step 3.
W0814 18:02:15.062710 124305553613888 sqlite_validators.py:168] Expected row Expense(name='Seminars', amount=44121, category=10, note='I may repeat this', created_date=1696230000000, modified_date=1696230000000, expense_id=-1) not found in the 'after' state.
Completed step 4.
W0814 18:02:44.817972 124305553613888 sqlite_validators.py:168] Expected row Expense(name='Seminars', amount=44121, category=10, note='I may repeat this', created_date=1696230000000, modified_date=1696230000000, expense_id=-1) not found in the 'after' state.
Completed step 5.
W0814 18:03:24.508836 124305553613888 sqlite_validators.py:168] Expected row Expense(name='Seminars', amount=44121, category=10, note='I may repeat this', created_date=1696230000000, modified_date=1696230000000, expense_id=-1) not found in the 'after' state.
Completed step 6.
W0814 18:03:54.518097 124305553613888 sqlite_validators.py:168] Expected row Expense(name='Seminars', amount=44121, category=10, note='I may repeat this', created_date=1696230000000, modified_date=1696230000000, expense_id=-1) not found in the 'after' state.
Completed step 7.
W0814 18:04:21.258175 124305553613888 sqlite_validators.py:168] Expected row Expense(name='Seminars', amount=44121, category=10, note='I may repeat this', created_date=1696230000000, modified_date=1696230000000, expense_id=-1) not found in the 'after' state.
Completed step 8.
W0814 18:04:50.915588 124305553613888 sqlite_validators.py:168] Expected row Expense(name='Seminars', amount=44121, category=10, note='I may repeat this', created_date=1696230000000, modified_date=1696230000000, expense_id=-1) not found in the 'after' state.
Completed step 9.
W0814 18:05:23.444027 124305553613888 sqlite_validators.py:168] Expected row Expense(name='Seminars', amount=44121, category=10, note='I may repeat this', created_date=1696230000000, modified_date=1696230000000, expense_id=-1) not found in the 'after' state.
Completed step 10.
W0814 18:05:45.379237 124305553613888 sqlite_validators.py:168] Expected row Expense(name='Seminars', amount=44121, category=10, note='I may repeat this', created_date=1696230000000, modified_date=1696230000000, expense_id=-1) not found in the 'after' state.
Completed step 11.
W0814 18:06:18.017610 124305553613888 sqlite_validators.py:168] Expected row Expense(name='Seminars', amount=44121, category=10, note='I may repeat this', created_date=1696230000000, modified_date=1696230000000, expense_id=-1) not found in the 'after' state.
Completed step 12.
W0814 18:06:50.231684 124305553613888 sqlite_validators.py:168] Expected row Expense(name='Seminars', amount=44121, category=10, note='I may repeat this', created_date=1696230000000, modified_date=1696230000000, expense_id=-1) not found in the 'after' state.
Agent did not indicate task is done. Reached max number of steps.
W0814 18:06:50.698353 124305553613888 sqlite_validators.py:168] Expected row Expense(name='Seminars', amount=44121, category=10, note='I may repeat this', created_date=1696230000000, modified_date=1696230000000, expense_id=-1) not found in the 'after' state.
Task Failed ❌;  Add the following expenses into the pro expense:
Expense: Seminars
 amount_dollars: $441.21
 category_name: Education
 note: I may repeat this

W0814 18:06:50.955634 124305553613888 task_eval.py:125] Skipping app snapshot loading : Snapshot not found in /data/data/android_world/snapshots/com.arduia.expense.


                                       task_num  num_complete_trials  mean_success_rate  mean_episode_length  total_runtime_s  num_fail_trials
task                                                                                                                                          
AudioRecorderRecordAudio                      0                  5.0               0.60                 8.20            685.2              0.0
BrowserDraw                                   1                  5.0               0.00                20.00           1906.3              0.0
CameraTakePhoto                               2                  5.0               0.00                10.00            681.3              0.0
ClockStopWatchPausedVerify                    3                  5.0               0.40                 7.80            760.4              0.0
ClockStopWatchRunning                         4                  5.0               0.20                 4.80            403.6              0.0
ContactsAddContact                            5                  5.0               0.00                12.00           1111.5              0.0
ExpenseAddSingle                              6                  4.0               0.00                12.00           1373.2              0.0
OpenAppTaskEval                               7                  5.0               1.00                 1.80            331.3              0.0
RecipeDeleteSingleRecipe                      8                  5.0               0.20                 9.20            831.0              0.0
RecipeDeleteSingleWithRecipeWithNoise         9                  5.0               0.00                20.00           2166.2              0.0
========= Average =========                   0                  4.9               0.24                10.58           1025.0              0.0


               mean_success_rate
difficulty                  easy
tags                            
data_edit                   0.10
data_entry                  0.00
game_playing                0.00
parameterized               0.20
requires_setup              0.60
screen_reading              0.00
search                      0.07
untagged                    0.10
verification                0.40
W0814 18:06:57.021755 124305553613888 task_eval.py:125] Skipping app snapshot loading : Snapshot not found in /data/data/android_world/snapshots/com.arduia.expense.
Running task ExpenseAddSingle with goal "Add the following expenses into the pro expense:
name|amount_dollars|category_name|note
Shirt Purchase|$271.64|Clothes|Paid by card"
Completed step 1.
W0814 18:07:27.638270 124305553613888 sqlite_validators.py:168] Expected row Expense(name='Shirt Purchase', amount=27164, category=8, note='Paid by card', created_date=1696233600000, modified_date=1696233600000, expense_id=-1) not found in the 'after' state.
Completed step 2.
W0814 18:07:54.391382 124305553613888 sqlite_validators.py:168] Expected row Expense(name='Shirt Purchase', amount=27164, category=8, note='Paid by card', created_date=1696233600000, modified_date=1696233600000, expense_id=-1) not found in the 'after' state.
Completed step 3.
W0814 18:08:24.835937 124305553613888 sqlite_validators.py:168] Expected row Expense(name='Shirt Purchase', amount=27164, category=8, note='Paid by card', created_date=1696233600000, modified_date=1696233600000, expense_id=-1) not found in the 'after' state.
Completed step 4.
W0814 18:08:46.177975 124305553613888 sqlite_validators.py:168] Expected row Expense(name='Shirt Purchase', amount=27164, category=8, note='Paid by card', created_date=1696233600000, modified_date=1696233600000, expense_id=-1) not found in the 'after' state.
Completed step 5.
W0814 18:09:04.554754 124305553613888 sqlite_validators.py:168] Expected row Expense(name='Shirt Purchase', amount=27164, category=8, note='Paid by card', created_date=1696233600000, modified_date=1696233600000, expense_id=-1) not found in the 'after' state.
Completed step 6.
W0814 18:09:25.883871 124305553613888 sqlite_validators.py:168] Expected row Expense(name='Shirt Purchase', amount=27164, category=8, note='Paid by card', created_date=1696233600000, modified_date=1696233600000, expense_id=-1) not found in the 'after' state.
Completed step 7.
W0814 18:09:47.096828 124305553613888 sqlite_validators.py:168] Expected row Expense(name='Shirt Purchase', amount=27164, category=8, note='Paid by card', created_date=1696233600000, modified_date=1696233600000, expense_id=-1) not found in the 'after' state.
Completed step 8.
W0814 18:10:05.178180 124305553613888 sqlite_validators.py:168] Expected row Expense(name='Shirt Purchase', amount=27164, category=8, note='Paid by card', created_date=1696233600000, modified_date=1696233600000, expense_id=-1) not found in the 'after' state.
Completed step 9.
W0814 18:10:26.491245 124305553613888 sqlite_validators.py:168] Expected row Expense(name='Shirt Purchase', amount=27164, category=8, note='Paid by card', created_date=1696233600000, modified_date=1696233600000, expense_id=-1) not found in the 'after' state.
Completed step 10.
W0814 18:10:44.664456 124305553613888 sqlite_validators.py:168] Expected row Expense(name='Shirt Purchase', amount=27164, category=8, note='Paid by card', created_date=1696233600000, modified_date=1696233600000, expense_id=-1) not found in the 'after' state.
Completed step 11.
W0814 18:11:05.819304 124305553613888 sqlite_validators.py:168] Expected row Expense(name='Shirt Purchase', amount=27164, category=8, note='Paid by card', created_date=1696233600000, modified_date=1696233600000, expense_id=-1) not found in the 'after' state.
Completed step 12.
W0814 18:11:24.288892 124305553613888 sqlite_validators.py:168] Expected row Expense(name='Shirt Purchase', amount=27164, category=8, note='Paid by card', created_date=1696233600000, modified_date=1696233600000, expense_id=-1) not found in the 'after' state.
Agent did not indicate task is done. Reached max number of steps.
W0814 18:11:24.782280 124305553613888 sqlite_validators.py:168] Expected row Expense(name='Shirt Purchase', amount=27164, category=8, note='Paid by card', created_date=1696233600000, modified_date=1696233600000, expense_id=-1) not found in the 'after' state.
Task Failed ❌;  Add the following expenses into the pro expense:
name|amount_dollars|category_name|note
Shirt Purchase|$271.64|Clothes|Paid by card
W0814 18:11:25.165356 124305553613888 task_eval.py:125] Skipping app snapshot loading : Snapshot not found in /data/data/android_world/snapshots/com.arduia.expense.


                                       task_num  num_complete_trials  mean_success_rate  mean_episode_length  total_runtime_s  num_fail_trials
task                                                                                                                                          
AudioRecorderRecordAudio                      0                  5.0               0.60                 8.20           685.20              0.0
BrowserDraw                                   1                  5.0               0.00                20.00          1906.30              0.0
CameraTakePhoto                               2                  5.0               0.00                10.00           681.30              0.0
ClockStopWatchPausedVerify                    3                  5.0               0.40                 7.80           760.40              0.0
ClockStopWatchRunning                         4                  5.0               0.20                 4.80           403.60              0.0
ContactsAddContact                            5                  5.0               0.00                12.00          1111.50              0.0
ExpenseAddSingle                              6                  5.0               0.00                12.00          1643.50              0.0
OpenAppTaskEval                               7                  5.0               1.00                 1.80           331.30              0.0
RecipeDeleteSingleRecipe                      8                  5.0               0.20                 9.20           831.00              0.0
RecipeDeleteSingleWithRecipeWithNoise         9                  5.0               0.00                20.00          2166.20              0.0
========= Average =========                   0                  5.0               0.24                10.58          1052.03              0.0


               mean_success_rate
difficulty                  easy
tags                            
data_edit                   0.10
data_entry                  0.00
game_playing                0.00
parameterized               0.20
requires_setup              0.60
screen_reading              0.00
search                      0.07
untagged                    0.10
verification                0.40

Running task: FilesDeleteFile
=============================
W0814 18:11:32.391209 124305553613888 task_eval.py:125] Skipping app snapshot loading : Snapshot not found in /data/data/android_world/snapshots/com.google.android.documentsui.
Running task FilesDeleteFile with goal "Delete the file q2a8_fancy_banana.mp3 from the Android filesystem located in the Notifications folder within the sdk_gphone_x86_64 storage area."
W0814 18:11:38.762295 124305553613888 android_world_controller.py:98] Could not get a11y tree, retrying.
Completed step 1.
Completed step 2.
Completed step 3.
Completed step 4.
Completed step 5.
Completed step 6.
Completed step 7.
Completed step 8.
Completed step 9.
Completed step 10.
Completed step 11.
Completed step 12.
Completed step 13.
Completed step 14.
Completed step 15.
Completed step 16.
Completed step 17.
Completed step 18.
Completed step 19.
Completed step 20.
Completed step 21.
Completed step 22.
Agent did not indicate task is done. Reached max number of steps.
Task Failed ❌;  Delete the file q2a8_fancy_banana.mp3 from the Android filesystem located in the Notifications folder within the sdk_gphone_x86_64 storage area.
W0814 18:20:48.734041 124305553613888 task_eval.py:125] Skipping app snapshot loading : Snapshot not found in /data/data/android_world/snapshots/com.google.android.documentsui.


                                       task_num  num_complete_trials  mean_success_rate  mean_episode_length  total_runtime_s  num_fail_trials
task                                                                                                                                          
AudioRecorderRecordAudio                      0                 5.00               0.60                 8.20            685.2              0.0
BrowserDraw                                   1                 5.00               0.00                20.00           1906.3              0.0
CameraTakePhoto                               2                 5.00               0.00                10.00            681.3              0.0
ClockStopWatchPausedVerify                    3                 5.00               0.40                 7.80            760.4              0.0
ClockStopWatchRunning                         4                 5.00               0.20                 4.80            403.6              0.0
ContactsAddContact                            5                 5.00               0.00                12.00           1111.5              0.0
ExpenseAddSingle                              6                 5.00               0.00                12.00           1643.5              0.0
FilesDeleteFile                               7                 1.00               0.00                22.00            556.7              0.0
OpenAppTaskEval                               8                 5.00               1.00                 1.80            331.3              0.0
RecipeDeleteSingleRecipe                      9                 5.00               0.20                 9.20            831.0              0.0
RecipeDeleteSingleWithRecipeWithNoise        10                 5.00               0.00                20.00           2166.2              0.0
========= Average =========                   0                 4.64               0.22                11.62           1007.0              0.0


               mean_success_rate       
difficulty                  easy medium
tags                                   
data_edit                   0.10    0.0
data_entry                  0.00      -
game_playing                0.00      -
parameterized               0.20    0.0
requires_setup              0.60      -
screen_reading              0.00      -
search                      0.07      -
untagged                    0.10      -
verification                0.40      -
W0814 18:20:56.721908 124305553613888 task_eval.py:125] Skipping app snapshot loading : Snapshot not found in /data/data/android_world/snapshots/com.google.android.documentsui.
Running task FilesDeleteFile with goal "Delete the file RtPP_cool_nest.mp3 from the Android filesystem located in the Ringtones folder within the sdk_gphone_x86_64 storage area."
Completed step 1.
Completed step 2.
Completed step 3.
Completed step 4.
Completed step 5.
Completed step 6.
Completed step 7.
Completed step 8.
Completed step 9.
Completed step 10.
Completed step 11.
Completed step 12.
Completed step 13.
Completed step 14.
Completed step 15.
Completed step 16.
Completed step 17.
Completed step 18.
Completed step 19.
Completed step 20.
Completed step 21.
Completed step 22.
Agent did not indicate task is done. Reached max number of steps.
Task Failed ❌;  Delete the file RtPP_cool_nest.mp3 from the Android filesystem located in the Ringtones folder within the sdk_gphone_x86_64 storage area.
W0814 18:26:13.974486 124305553613888 task_eval.py:125] Skipping app snapshot loading : Snapshot not found in /data/data/android_world/snapshots/com.google.android.documentsui.


                                       task_num  num_complete_trials  mean_success_rate  mean_episode_length  total_runtime_s  num_fail_trials
task                                                                                                                                          
AudioRecorderRecordAudio                      0                 5.00               0.60                 8.20           685.20              0.0
BrowserDraw                                   1                 5.00               0.00                20.00          1906.30              0.0
CameraTakePhoto                               2                 5.00               0.00                10.00           681.30              0.0
ClockStopWatchPausedVerify                    3                 5.00               0.40                 7.80           760.40              0.0
ClockStopWatchRunning                         4                 5.00               0.20                 4.80           403.60              0.0
ContactsAddContact                            5                 5.00               0.00                12.00          1111.50              0.0
ExpenseAddSingle                              6                 5.00               0.00                12.00          1643.50              0.0
FilesDeleteFile                               7                 2.00               0.00                22.00           874.50              0.0
OpenAppTaskEval                               8                 5.00               1.00                 1.80           331.30              0.0
RecipeDeleteSingleRecipe                      9                 5.00               0.20                 9.20           831.00              0.0
RecipeDeleteSingleWithRecipeWithNoise        10                 5.00               0.00                20.00          2166.20              0.0
========= Average =========                   0                 4.73               0.22                11.62          1035.89              0.0


               mean_success_rate       
difficulty                  easy medium
tags                                   
data_edit                   0.10    0.0
data_entry                  0.00      -
game_playing                0.00      -
parameterized               0.20    0.0
requires_setup              0.60      -
screen_reading              0.00      -
search                      0.07      -
untagged                    0.10      -
verification                0.40      -
W0814 18:26:21.022909 124305553613888 task_eval.py:125] Skipping app snapshot loading : Snapshot not found in /data/data/android_world/snapshots/com.google.android.documentsui.
Running task FilesDeleteFile with goal "Delete the file wdv5_ready_unicorn.mp3 from the Android filesystem located in the Ringtones folder within the sdk_gphone_x86_64 storage area."
Completed step 1.
Completed step 2.
Completed step 3.
Completed step 4.
Completed step 5.
Completed step 6.
Completed step 7.
Completed step 8.
Completed step 9.
Completed step 10.
Completed step 11.
Completed step 12.
Completed step 13.
Completed step 14.
Completed step 15.
Completed step 16.
Completed step 17.
Completed step 18.
Completed step 19.
Completed step 20.
Completed step 21.
Completed step 22.
Agent did not indicate task is done. Reached max number of steps.
Task Failed ❌;  Delete the file wdv5_ready_unicorn.mp3 from the Android filesystem located in the Ringtones folder within the sdk_gphone_x86_64 storage area.
W0814 18:31:36.604291 124305553613888 task_eval.py:125] Skipping app snapshot loading : Snapshot not found in /data/data/android_world/snapshots/com.google.android.documentsui.


                                       task_num  num_complete_trials  mean_success_rate  mean_episode_length  total_runtime_s  num_fail_trials
task                                                                                                                                          
AudioRecorderRecordAudio                      0                 5.00               0.60                 8.20           685.20              0.0
BrowserDraw                                   1                 5.00               0.00                20.00          1906.30              0.0
CameraTakePhoto                               2                 5.00               0.00                10.00           681.30              0.0
ClockStopWatchPausedVerify                    3                 5.00               0.40                 7.80           760.40              0.0
ClockStopWatchRunning                         4                 5.00               0.20                 4.80           403.60              0.0
ContactsAddContact                            5                 5.00               0.00                12.00          1111.50              0.0
ExpenseAddSingle                              6                 5.00               0.00                12.00          1643.50              0.0
FilesDeleteFile                               7                 3.00               0.00                22.00          1190.50              0.0
OpenAppTaskEval                               8                 5.00               1.00                 1.80           331.30              0.0
RecipeDeleteSingleRecipe                      9                 5.00               0.20                 9.20           831.00              0.0
RecipeDeleteSingleWithRecipeWithNoise        10                 5.00               0.00                20.00          2166.20              0.0
========= Average =========                   0                 4.82               0.22                11.62          1064.62              0.0


               mean_success_rate       
difficulty                  easy medium
tags                                   
data_edit                   0.10    0.0
data_entry                  0.00      -
game_playing                0.00      -
parameterized               0.20    0.0
requires_setup              0.60      -
screen_reading              0.00      -
search                      0.07      -
untagged                    0.10      -
verification                0.40      -
W0814 18:31:41.204521 124305553613888 task_eval.py:125] Skipping app snapshot loading : Snapshot not found in /data/data/android_world/snapshots/com.google.android.documentsui.
Running task FilesDeleteFile with goal "Delete the file copy_calm_yacht.mp4 from the Android filesystem located in the Movies folder within the sdk_gphone_x86_64 storage area."
Completed step 1.
Completed step 2.
Completed step 3.
Completed step 4.
Completed step 5.
Completed step 6.
Completed step 7.
Completed step 8.
Completed step 9.
Completed step 10.
Completed step 11.
Completed step 12.
Completed step 13.
Completed step 14.
Completed step 15.
Completed step 16.
Completed step 17.
Completed step 18.
Completed step 19.
Completed step 20.
Completed step 21.
Completed step 22.
Agent did not indicate task is done. Reached max number of steps.
Task Failed ❌;  Delete the file copy_calm_yacht.mp4 from the Android filesystem located in the Movies folder within the sdk_gphone_x86_64 storage area.
W0814 18:39:20.610972 124305553613888 task_eval.py:125] Skipping app snapshot loading : Snapshot not found in /data/data/android_world/snapshots/com.google.android.documentsui.


                                       task_num  num_complete_trials  mean_success_rate  mean_episode_length  total_runtime_s  num_fail_trials
task                                                                                                                                          
AudioRecorderRecordAudio                      0                 5.00               0.60                 8.20           685.20              0.0
BrowserDraw                                   1                 5.00               0.00                20.00          1906.30              0.0
CameraTakePhoto                               2                 5.00               0.00                10.00           681.30              0.0
ClockStopWatchPausedVerify                    3                 5.00               0.40                 7.80           760.40              0.0
ClockStopWatchRunning                         4                 5.00               0.20                 4.80           403.60              0.0
ContactsAddContact                            5                 5.00               0.00                12.00          1111.50              0.0
ExpenseAddSingle                              6                 5.00               0.00                12.00          1643.50              0.0
FilesDeleteFile                               7                 4.00               0.00                22.00          1650.30              0.0
OpenAppTaskEval                               8                 5.00               1.00                 1.80           331.30              0.0
RecipeDeleteSingleRecipe                      9                 5.00               0.20                 9.20           831.00              0.0
RecipeDeleteSingleWithRecipeWithNoise        10                 5.00               0.00                20.00          2166.20              0.0
========= Average =========                   0                 4.91               0.22                11.62          1106.42              0.0


               mean_success_rate       
difficulty                  easy medium
tags                                   
data_edit                   0.10    0.0
data_entry                  0.00      -
game_playing                0.00      -
parameterized               0.20    0.0
requires_setup              0.60      -
screen_reading              0.00      -
search                      0.07      -
untagged                    0.10      -
verification                0.40      -
W0814 18:39:26.187340 124305553613888 task_eval.py:125] Skipping app snapshot loading : Snapshot not found in /data/data/android_world/snapshots/com.google.android.documentsui.
Running task FilesDeleteFile with goal "Delete the file 2023_02_28_strong_yacht.jpg from the Android filesystem located in the Pictures folder within the sdk_gphone_x86_64 storage area."
Completed step 1.
Completed step 2.
Completed step 3.
Completed step 4.
Completed step 5.
Completed step 6.
Completed step 7.
Completed step 8.
Completed step 9.
Completed step 10.
Completed step 11.
Completed step 12.
Completed step 13.
Completed step 14.
Completed step 15.
Completed step 16.
Completed step 17.
Completed step 18.
Completed step 19.
Completed step 20.
Completed step 21.
Completed step 22.
Agent did not indicate task is done. Reached max number of steps.
Task Failed ❌;  Delete the file 2023_02_28_strong_yacht.jpg from the Android filesystem located in the Pictures folder within the sdk_gphone_x86_64 storage area.
W0814 18:47:19.411729 124305553613888 task_eval.py:125] Skipping app snapshot loading : Snapshot not found in /data/data/android_world/snapshots/com.google.android.documentsui.


                                       task_num  num_complete_trials  mean_success_rate  mean_episode_length  total_runtime_s  num_fail_trials
task                                                                                                                                          
AudioRecorderRecordAudio                      0                  5.0               0.60                 8.20            685.2              0.0
BrowserDraw                                   1                  5.0               0.00                20.00           1906.3              0.0
CameraTakePhoto                               2                  5.0               0.00                10.00            681.3              0.0
ClockStopWatchPausedVerify                    3                  5.0               0.40                 7.80            760.4              0.0
ClockStopWatchRunning                         4                  5.0               0.20                 4.80            403.6              0.0
ContactsAddContact                            5                  5.0               0.00                12.00           1111.5              0.0
ExpenseAddSingle                              6                  5.0               0.00                12.00           1643.5              0.0
FilesDeleteFile                               7                  5.0               0.00                22.00           2124.2              0.0
OpenAppTaskEval                               8                  5.0               1.00                 1.80            331.3              0.0
RecipeDeleteSingleRecipe                      9                  5.0               0.20                 9.20            831.0              0.0
RecipeDeleteSingleWithRecipeWithNoise        10                  5.0               0.00                20.00           2166.2              0.0
========= Average =========                   0                  5.0               0.22                11.62           1149.5              0.0


               mean_success_rate       
difficulty                  easy medium
tags                                   
data_edit                   0.10    0.0
data_entry                  0.00      -
game_playing                0.00      -
parameterized               0.20    0.0
requires_setup              0.60      -
screen_reading              0.00      -
search                      0.07      -
untagged                    0.10      -
verification                0.40      -

Running task: MarkorCreateFolder
================================
W0814 18:47:26.221741 124305553613888 task_eval.py:125] Skipping app snapshot loading : Snapshot not found in /data/data/android_world/snapshots/net.gsantner.markor.
Running task MarkorCreateFolder with goal "Create a new folder in Markor named folder_20260814_151301."
Completed step 1.
Completed step 2.
Completed step 3.
Completed step 4.
Completed step 5.
Completed step 6.
Completed step 7.
Completed step 8.
Completed step 9.
Completed step 10.
Agent did not indicate task is done. Reached max number of steps.
Task Failed ❌;  Create a new folder in Markor named folder_20260814_151301.
W0814 18:50:19.734635 124305553613888 task_eval.py:125] Skipping app snapshot loading : Snapshot not found in /data/data/android_world/snapshots/net.gsantner.markor.


                                       task_num  num_complete_trials  mean_success_rate  mean_episode_length  total_runtime_s  num_fail_trials
task                                                                                                                                          
AudioRecorderRecordAudio                      0                 5.00                0.6                 8.20            685.2              0.0
BrowserDraw                                   1                 5.00                0.0                20.00           1906.3              0.0
CameraTakePhoto                               2                 5.00                0.0                10.00            681.3              0.0
ClockStopWatchPausedVerify                    3                 5.00                0.4                 7.80            760.4              0.0
ClockStopWatchRunning                         4                 5.00                0.2                 4.80            403.6              0.0
ContactsAddContact                            5                 5.00                0.0                12.00           1111.5              0.0
ExpenseAddSingle                              6                 5.00                0.0                12.00           1643.5              0.0
FilesDeleteFile                               7                 5.00                0.0                22.00           2124.2              0.0
MarkorCreateFolder                            8                 1.00                0.0                10.00            173.9              0.0
OpenAppTaskEval                               9                 5.00                1.0                 1.80            331.3              0.0
RecipeDeleteSingleRecipe                     10                 5.00                0.2                 9.20            831.0              0.0
RecipeDeleteSingleWithRecipeWithNoise        11                 5.00                0.0                20.00           2166.2              0.0
========= Average =========                   0                 4.67                0.2                11.48           1068.2              0.0


               mean_success_rate       
difficulty                  easy medium
tags                                   
data_edit                   0.10    0.0
data_entry                  0.00      -
game_playing                0.00      -
parameterized               0.17    0.0
requires_setup              0.60      -
screen_reading              0.00      -
search                      0.07      -
untagged                    0.10      -
verification                0.40      -
W0814 18:50:22.039942 124305553613888 task_eval.py:125] Skipping app snapshot loading : Snapshot not found in /data/data/android_world/snapshots/net.gsantner.markor.
Running task MarkorCreateFolder with goal "Create a new folder in Markor named folder_20260814_151301."
Completed step 1.
Completed step 2.
Completed step 3.
Completed step 4.
Completed step 5.
Completed step 6.
Completed step 7.
Completed step 8.
Completed step 9.
Completed step 10.
Agent did not indicate task is done. Reached max number of steps.
Task Failed ❌;  Create a new folder in Markor named folder_20260814_151301.
W0814 18:53:23.152593 124305553613888 task_eval.py:125] Skipping app snapshot loading : Snapshot not found in /data/data/android_world/snapshots/net.gsantner.markor.


                                       task_num  num_complete_trials  mean_success_rate  mean_episode_length  total_runtime_s  num_fail_trials
task                                                                                                                                          
AudioRecorderRecordAudio                      0                 5.00                0.6                 8.20           685.20              0.0
BrowserDraw                                   1                 5.00                0.0                20.00          1906.30              0.0
CameraTakePhoto                               2                 5.00                0.0                10.00           681.30              0.0
ClockStopWatchPausedVerify                    3                 5.00                0.4                 7.80           760.40              0.0
ClockStopWatchRunning                         4                 5.00                0.2                 4.80           403.60              0.0
ContactsAddContact                            5                 5.00                0.0                12.00          1111.50              0.0
ExpenseAddSingle                              6                 5.00                0.0                12.00          1643.50              0.0
FilesDeleteFile                               7                 5.00                0.0                22.00          2124.20              0.0
MarkorCreateFolder                            8                 2.00                0.0                10.00           355.20              0.0
OpenAppTaskEval                               9                 5.00                1.0                 1.80           331.30              0.0
RecipeDeleteSingleRecipe                     10                 5.00                0.2                 9.20           831.00              0.0
RecipeDeleteSingleWithRecipeWithNoise        11                 5.00                0.0                20.00          2166.20              0.0
========= Average =========                   0                 4.75                0.2                11.48          1083.31              0.0


               mean_success_rate       
difficulty                  easy medium
tags                                   
data_edit                   0.10    0.0
data_entry                  0.00      -
game_playing                0.00      -
parameterized               0.17    0.0
requires_setup              0.60      -
screen_reading              0.00      -
search                      0.07      -
untagged                    0.10      -
verification                0.40      -
W0814 18:53:25.761539 124305553613888 task_eval.py:125] Skipping app snapshot loading : Snapshot not found in /data/data/android_world/snapshots/net.gsantner.markor.
Running task MarkorCreateFolder with goal "Create a new folder in Markor named folder_20260814_151301."
Completed step 1.
Completed step 2.
Completed step 3.
Completed step 4.
Completed step 5.
Completed step 6.
Completed step 7.
Completed step 8.
Completed step 9.
Completed step 10.
Agent did not indicate task is done. Reached max number of steps.
Task Failed ❌;  Create a new folder in Markor named folder_20260814_151301.
W0814 18:56:27.791394 124305553613888 task_eval.py:125] Skipping app snapshot loading : Snapshot not found in /data/data/android_world/snapshots/net.gsantner.markor.


                                       task_num  num_complete_trials  mean_success_rate  mean_episode_length  total_runtime_s  num_fail_trials
task                                                                                                                                          
AudioRecorderRecordAudio                      0                 5.00                0.6                 8.20            685.2              0.0
BrowserDraw                                   1                 5.00                0.0                20.00           1906.3              0.0
CameraTakePhoto                               2                 5.00                0.0                10.00            681.3              0.0
ClockStopWatchPausedVerify                    3                 5.00                0.4                 7.80            760.4              0.0
ClockStopWatchRunning                         4                 5.00                0.2                 4.80            403.6              0.0
ContactsAddContact                            5                 5.00                0.0                12.00           1111.5              0.0
ExpenseAddSingle                              6                 5.00                0.0                12.00           1643.5              0.0
FilesDeleteFile                               7                 5.00                0.0                22.00           2124.2              0.0
MarkorCreateFolder                            8                 3.00                0.0                10.00            537.5              0.0
OpenAppTaskEval                               9                 5.00                1.0                 1.80            331.3              0.0
RecipeDeleteSingleRecipe                     10                 5.00                0.2                 9.20            831.0              0.0
RecipeDeleteSingleWithRecipeWithNoise        11                 5.00                0.0                20.00           2166.2              0.0
========= Average =========                   0                 4.83                0.2                11.48           1098.5              0.0


               mean_success_rate       
difficulty                  easy medium
tags                                   
data_edit                   0.10    0.0
data_entry                  0.00      -
game_playing                0.00      -
parameterized               0.17    0.0
requires_setup              0.60      -
screen_reading              0.00      -
search                      0.07      -
untagged                    0.10      -
verification                0.40      -
W0814 18:56:30.523055 124305553613888 task_eval.py:125] Skipping app snapshot loading : Snapshot not found in /data/data/android_world/snapshots/net.gsantner.markor.
Running task MarkorCreateFolder with goal "Create a new folder in Markor named folder_20260814_151301."
Completed step 1.
Completed step 2.
Completed step 3.
Completed step 4.
Completed step 5.
Completed step 6.
Completed step 7.
Completed step 8.
Completed step 9.
Completed step 10.
Agent did not indicate task is done. Reached max number of steps.
Task Failed ❌;  Create a new folder in Markor named folder_20260814_151301.
W0814 18:59:12.757184 124305553613888 task_eval.py:125] Skipping app snapshot loading : Snapshot not found in /data/data/android_world/snapshots/net.gsantner.markor.


                                       task_num  num_complete_trials  mean_success_rate  mean_episode_length  total_runtime_s  num_fail_trials
task                                                                                                                                          
AudioRecorderRecordAudio                      0                 5.00                0.6                 8.20           685.20              0.0
BrowserDraw                                   1                 5.00                0.0                20.00          1906.30              0.0
CameraTakePhoto                               2                 5.00                0.0                10.00           681.30              0.0
ClockStopWatchPausedVerify                    3                 5.00                0.4                 7.80           760.40              0.0
ClockStopWatchRunning                         4                 5.00                0.2                 4.80           403.60              0.0
ContactsAddContact                            5                 5.00                0.0                12.00          1111.50              0.0
ExpenseAddSingle                              6                 5.00                0.0                12.00          1643.50              0.0
FilesDeleteFile                               7                 5.00                0.0                22.00          2124.20              0.0
MarkorCreateFolder                            8                 4.00                0.0                10.00           700.20              0.0
OpenAppTaskEval                               9                 5.00                1.0                 1.80           331.30              0.0
RecipeDeleteSingleRecipe                     10                 5.00                0.2                 9.20           831.00              0.0
RecipeDeleteSingleWithRecipeWithNoise        11                 5.00                0.0                20.00          2166.20              0.0
========= Average =========                   0                 4.92                0.2                11.48          1112.06              0.0


               mean_success_rate       
difficulty                  easy medium
tags                                   
data_edit                   0.10    0.0
data_entry                  0.00      -
game_playing                0.00      -
parameterized               0.17    0.0
requires_setup              0.60      -
screen_reading              0.00      -
search                      0.07      -
untagged                    0.10      -
verification                0.40      -
W0814 18:59:15.115725 124305553613888 task_eval.py:125] Skipping app snapshot loading : Snapshot not found in /data/data/android_world/snapshots/net.gsantner.markor.
Running task MarkorCreateFolder with goal "Create a new folder in Markor named folder_20260814_151301."
Completed step 1.
Completed step 2.
Completed step 3.
Completed step 4.
Completed step 5.
Completed step 6.
Completed step 7.
Completed step 8.
Completed step 9.
Completed step 10.
Agent did not indicate task is done. Reached max number of steps.
Task Failed ❌;  Create a new folder in Markor named folder_20260814_151301.
W0814 19:02:10.331187 124305553613888 task_eval.py:125] Skipping app snapshot loading : Snapshot not found in /data/data/android_world/snapshots/net.gsantner.markor.


                                       task_num  num_complete_trials  mean_success_rate  mean_episode_length  total_runtime_s  num_fail_trials
task                                                                                                                                          
AudioRecorderRecordAudio                      0                  5.0                0.6                 8.20           685.20              0.0
BrowserDraw                                   1                  5.0                0.0                20.00          1906.30              0.0
CameraTakePhoto                               2                  5.0                0.0                10.00           681.30              0.0
ClockStopWatchPausedVerify                    3                  5.0                0.4                 7.80           760.40              0.0
ClockStopWatchRunning                         4                  5.0                0.2                 4.80           403.60              0.0
ContactsAddContact                            5                  5.0                0.0                12.00          1111.50              0.0
ExpenseAddSingle                              6                  5.0                0.0                12.00          1643.50              0.0
FilesDeleteFile                               7                  5.0                0.0                22.00          2124.20              0.0
MarkorCreateFolder                            8                  5.0                0.0                10.00           875.70              0.0
OpenAppTaskEval                               9                  5.0                1.0                 1.80           331.30              0.0
RecipeDeleteSingleRecipe                     10                  5.0                0.2                 9.20           831.00              0.0
RecipeDeleteSingleWithRecipeWithNoise        11                  5.0                0.0                20.00          2166.20              0.0
========= Average =========                   0                  5.0                0.2                11.48          1126.68              0.0


               mean_success_rate       
difficulty                  easy medium
tags                                   
data_edit                   0.10    0.0
data_entry                  0.00      -
game_playing                0.00      -
parameterized               0.17    0.0
requires_setup              0.60      -
screen_reading              0.00      -
search                      0.07      -
untagged                    0.10      -
verification                0.40      -

Running task: NotesIsTodo
=========================
W0814 19:02:12.756846 124305553613888 task_eval.py:125] Skipping app snapshot loading : Snapshot not found in /data/data/android_world/snapshots/net.cozic.joplin.
Running task NotesIsTodo with goal "Is the note titled 'To-Do List' in the Joplin app marked as a todo item? Respond with either 'True' if it is a todo or 'False' if not."
W0814 19:02:35.522266 124305553613888 android_world_controller.py:98] Could not get a11y tree, retrying.
Completed step 1.
Completed step 2.
Agent indicates task is done.
Task Failed ❌;  Is the note titled 'To-Do List' in the Joplin app marked as a todo item? Respond with either 'True' if it is a todo or 'False' if not.
W0814 19:03:29.108927 124305553613888 task_eval.py:125] Skipping app snapshot loading : Snapshot not found in /data/data/android_world/snapshots/net.cozic.joplin.


                                       task_num  num_complete_trials  mean_success_rate  mean_episode_length  total_runtime_s  num_fail_trials
task                                                                                                                                          
AudioRecorderRecordAudio                      0                 5.00               0.60                 8.20           685.20              0.0
BrowserDraw                                   1                 5.00               0.00                20.00          1906.30              0.0
CameraTakePhoto                               2                 5.00               0.00                10.00           681.30              0.0
ClockStopWatchPausedVerify                    3                 5.00               0.40                 7.80           760.40              0.0
ClockStopWatchRunning                         4                 5.00               0.20                 4.80           403.60              0.0
ContactsAddContact                            5                 5.00               0.00                12.00          1111.50              0.0
ExpenseAddSingle                              6                 5.00               0.00                12.00          1643.50              0.0
FilesDeleteFile                               7                 5.00               0.00                22.00          2124.20              0.0
MarkorCreateFolder                            8                 5.00               0.00                10.00           875.70              0.0
NotesIsTodo                                   9                 1.00               0.00                 2.00            72.70              0.0
OpenAppTaskEval                              10                 5.00               1.00                 1.80           331.30              0.0
RecipeDeleteSingleRecipe                     11                 5.00               0.20                 9.20           831.00              0.0
RecipeDeleteSingleWithRecipeWithNoise        12                 5.00               0.00                20.00          2166.20              0.0
========= Average =========                   0                 4.69               0.18                10.75          1045.61              0.0


                      mean_success_rate       
difficulty                         easy medium
tags                                          
data_edit                          0.10    0.0
data_entry                         0.00      -
game_playing                       0.00      -
information_retrieval              0.00      -
parameterized                      0.15    0.0
requires_setup                     0.60      -
screen_reading                     0.00      -
search                             0.07      -
untagged                           0.10      -
verification                       0.40      -
W0814 19:03:30.617435 124305553613888 task_eval.py:125] Skipping app snapshot loading : Snapshot not found in /data/data/android_world/snapshots/net.cozic.joplin.
Running task NotesIsTodo with goal "Is the note titled 'Research Notes' in the Joplin app marked as a todo item? Respond with either 'True' if it is a todo or 'False' if not."
Completed step 1.
Completed step 2.
Completed step 3.
Agent indicates task is done.
Task Failed ❌;  Is the note titled 'Research Notes' in the Joplin app marked as a todo item? Respond with either 'True' if it is a todo or 'False' if not.
W0814 19:05:02.746444 124305553613888 task_eval.py:125] Skipping app snapshot loading : Snapshot not found in /data/data/android_world/snapshots/net.cozic.joplin.


                                       task_num  num_complete_trials  mean_success_rate  mean_episode_length  total_runtime_s  num_fail_trials
task                                                                                                                                          
AudioRecorderRecordAudio                      0                 5.00               0.60                 8.20           685.20              0.0
BrowserDraw                                   1                 5.00               0.00                20.00          1906.30              0.0
CameraTakePhoto                               2                 5.00               0.00                10.00           681.30              0.0
ClockStopWatchPausedVerify                    3                 5.00               0.40                 7.80           760.40              0.0
ClockStopWatchRunning                         4                 5.00               0.20                 4.80           403.60              0.0
ContactsAddContact                            5                 5.00               0.00                12.00          1111.50              0.0
ExpenseAddSingle                              6                 5.00               0.00                12.00          1643.50              0.0
FilesDeleteFile                               7                 5.00               0.00                22.00          2124.20              0.0
MarkorCreateFolder                            8                 5.00               0.00                10.00           875.70              0.0
NotesIsTodo                                   9                 2.00               0.00                 2.50           161.20              0.0
OpenAppTaskEval                              10                 5.00               1.00                 1.80           331.30              0.0
RecipeDeleteSingleRecipe                     11                 5.00               0.20                 9.20           831.00              0.0
RecipeDeleteSingleWithRecipeWithNoise        12                 5.00               0.00                20.00          2166.20              0.0
========= Average =========                   0                 4.77               0.18                10.79          1052.42              0.0


                      mean_success_rate       
difficulty                         easy medium
tags                                          
data_edit                          0.10    0.0
data_entry                         0.00      -
game_playing                       0.00      -
information_retrieval              0.00      -
parameterized                      0.15    0.0
requires_setup                     0.60      -
screen_reading                     0.00      -
search                             0.07      -
untagged                           0.10      -
verification                       0.40      -
W0814 19:05:04.417166 124305553613888 task_eval.py:125] Skipping app snapshot loading : Snapshot not found in /data/data/android_world/snapshots/net.cozic.joplin.
Running task NotesIsTodo with goal "Is the note titled 'Budget Spreadsheet' in the Joplin app marked as a todo item? Respond with either 'True' if it is a todo or 'False' if not."
Completed step 1.
Completed step 2.
Completed step 3.
Agent indicates task is done.
Task Failed ❌;  Is the note titled 'Budget Spreadsheet' in the Joplin app marked as a todo item? Respond with either 'True' if it is a todo or 'False' if not.
W0814 19:06:30.283080 124305553613888 task_eval.py:125] Skipping app snapshot loading : Snapshot not found in /data/data/android_world/snapshots/net.cozic.joplin.


                                       task_num  num_complete_trials  mean_success_rate  mean_episode_length  total_runtime_s  num_fail_trials
task                                                                                                                                          
AudioRecorderRecordAudio                      0                 5.00               0.60                 8.20           685.20              0.0
BrowserDraw                                   1                 5.00               0.00                20.00          1906.30              0.0
CameraTakePhoto                               2                 5.00               0.00                10.00           681.30              0.0
ClockStopWatchPausedVerify                    3                 5.00               0.40                 7.80           760.40              0.0
ClockStopWatchRunning                         4                 5.00               0.20                 4.80           403.60              0.0
ContactsAddContact                            5                 5.00               0.00                12.00          1111.50              0.0
ExpenseAddSingle                              6                 5.00               0.00                12.00          1643.50              0.0
FilesDeleteFile                               7                 5.00               0.00                22.00          2124.20              0.0
MarkorCreateFolder                            8                 5.00               0.00                10.00           875.70              0.0
NotesIsTodo                                   9                 3.00               0.00                 2.67           243.40              0.0
OpenAppTaskEval                              10                 5.00               1.00                 1.80           331.30              0.0
RecipeDeleteSingleRecipe                     11                 5.00               0.20                 9.20           831.00              0.0
RecipeDeleteSingleWithRecipeWithNoise        12                 5.00               0.00                20.00          2166.20              0.0
========= Average =========                   0                 4.85               0.18                10.81          1058.74              0.0


                      mean_success_rate       
difficulty                         easy medium
tags                                          
data_edit                          0.10    0.0
data_entry                         0.00      -
game_playing                       0.00      -
information_retrieval              0.00      -
parameterized                      0.15    0.0
requires_setup                     0.60      -
screen_reading                     0.00      -
search                             0.07      -
untagged                           0.10      -
verification                       0.40      -
W0814 19:06:31.945408 124305553613888 task_eval.py:125] Skipping app snapshot loading : Snapshot not found in /data/data/android_world/snapshots/net.cozic.joplin.
Running task NotesIsTodo with goal "Is the note titled 'Travel Itinerary' in the Joplin app marked as a todo item? Respond with either 'True' if it is a todo or 'False' if not."
Completed step 1.
Completed step 2.
Completed step 3.
Completed step 4.
Completed step 5.
Completed step 6.
Completed step 7.
Completed step 8.
Completed step 9.
Completed step 10.
Agent did not indicate task is done. Reached max number of steps.
Task Failed ❌;  Is the note titled 'Travel Itinerary' in the Joplin app marked as a todo item? Respond with either 'True' if it is a todo or 'False' if not.
W0814 19:12:40.221748 124305553613888 task_eval.py:125] Skipping app snapshot loading : Snapshot not found in /data/data/android_world/snapshots/net.cozic.joplin.


                                       task_num  num_complete_trials  mean_success_rate  mean_episode_length  total_runtime_s  num_fail_trials
task                                                                                                                                          
AudioRecorderRecordAudio                      0                 5.00               0.60                 8.20            685.2              0.0
BrowserDraw                                   1                 5.00               0.00                20.00           1906.3              0.0
CameraTakePhoto                               2                 5.00               0.00                10.00            681.3              0.0
ClockStopWatchPausedVerify                    3                 5.00               0.40                 7.80            760.4              0.0
ClockStopWatchRunning                         4                 5.00               0.20                 4.80            403.6              0.0
ContactsAddContact                            5                 5.00               0.00                12.00           1111.5              0.0
ExpenseAddSingle                              6                 5.00               0.00                12.00           1643.5              0.0
FilesDeleteFile                               7                 5.00               0.00                22.00           2124.2              0.0
MarkorCreateFolder                            8                 5.00               0.00                10.00            875.7              0.0
NotesIsTodo                                   9                 4.00               0.00                 4.50            608.2              0.0
OpenAppTaskEval                              10                 5.00               1.00                 1.80            331.3              0.0
RecipeDeleteSingleRecipe                     11                 5.00               0.20                 9.20            831.0              0.0
RecipeDeleteSingleWithRecipeWithNoise        12                 5.00               0.00                20.00           2166.2              0.0
========= Average =========                   0                 4.92               0.18                10.95           1086.8              0.0


                      mean_success_rate       
difficulty                         easy medium
tags                                          
data_edit                          0.10    0.0
data_entry                         0.00      -
game_playing                       0.00      -
information_retrieval              0.00      -
parameterized                      0.15    0.0
requires_setup                     0.60      -
screen_reading                     0.00      -
search                             0.07      -
untagged                           0.10      -
verification                       0.40      -
W0814 19:12:42.910923 124305553613888 task_eval.py:125] Skipping app snapshot loading : Snapshot not found in /data/data/android_world/snapshots/net.cozic.joplin.
Running task NotesIsTodo with goal "Is the note titled 'Daily Journal' in the Joplin app marked as a todo item? Respond with either 'True' if it is a todo or 'False' if not."
Completed step 1.
Completed step 2.
Completed step 3.
Agent indicates task is done.
Task Failed ❌;  Is the note titled 'Daily Journal' in the Joplin app marked as a todo item? Respond with either 'True' if it is a todo or 'False' if not.
W0814 19:14:11.047322 124305553613888 task_eval.py:125] Skipping app snapshot loading : Snapshot not found in /data/data/android_world/snapshots/net.cozic.joplin.


                                       task_num  num_complete_trials  mean_success_rate  mean_episode_length  total_runtime_s  num_fail_trials
task                                                                                                                                          
AudioRecorderRecordAudio                      0                  5.0               0.60                 8.20           685.20              0.0
BrowserDraw                                   1                  5.0               0.00                20.00          1906.30              0.0
CameraTakePhoto                               2                  5.0               0.00                10.00           681.30              0.0
ClockStopWatchPausedVerify                    3                  5.0               0.40                 7.80           760.40              0.0
ClockStopWatchRunning                         4                  5.0               0.20                 4.80           403.60              0.0
ContactsAddContact                            5                  5.0               0.00                12.00          1111.50              0.0
ExpenseAddSingle                              6                  5.0               0.00                12.00          1643.50              0.0
FilesDeleteFile                               7                  5.0               0.00                22.00          2124.20              0.0
MarkorCreateFolder                            8                  5.0               0.00                10.00           875.70              0.0
NotesIsTodo                                   9                  5.0               0.00                 4.20           692.80              0.0
OpenAppTaskEval                              10                  5.0               1.00                 1.80           331.30              0.0
RecipeDeleteSingleRecipe                     11                  5.0               0.20                 9.20           831.00              0.0
RecipeDeleteSingleWithRecipeWithNoise        12                  5.0               0.00                20.00          2166.20              0.0
========= Average =========                   0                  5.0               0.18                10.92          1093.31              0.0


                      mean_success_rate       
difficulty                         easy medium
tags                                          
data_edit                          0.10    0.0
data_entry                         0.00      -
game_playing                       0.00      -
information_retrieval              0.00      -
parameterized                      0.15    0.0
requires_setup                     0.60      -
screen_reading                     0.00      -
search                             0.07      -
untagged                           0.10      -
verification                       0.40      -

Running task: OsmAndFavorite
============================
W0814 19:14:15.685578 124305553613888 task_eval.py:125] Skipping app snapshot loading : Snapshot not found in /data/data/android_world/snapshots/net.osmand.
W0814 19:14:15.863157 124305553613888 osmand.py:197] Favorites file /data/media/0/Android/data/net.osmand/files/favorites/favorites.gpx not found during cleanup.
W0814 19:14:15.946071 124305553613888 osmand.py:197] Favorites file /data/data/net.osmand/files/favourites_bak.gpx not found during cleanup.
Running task OsmAndFavorite with goal "Add a favorite location marker for 47.1303814, 9.5930117 in the OsmAnd maps app."
Completed step 1.
W0814 19:14:38.311102 124305553613888 osmand.py:230] Favorites file /data/media/0/Android/data/net.osmand/files/favorites/favorites.gpx not found.
Completed step 2.
W0814 19:15:03.878395 124305553613888 osmand.py:230] Favorites file /data/media/0/Android/data/net.osmand/files/favorites/favorites.gpx not found.
Completed step 3.
W0814 19:15:35.089186 124305553613888 osmand.py:230] Favorites file /data/media/0/Android/data/net.osmand/files/favorites/favorites.gpx not found.
Completed step 4.
W0814 19:16:05.303812 124305553613888 osmand.py:230] Favorites file /data/media/0/Android/data/net.osmand/files/favorites/favorites.gpx not found.
Completed step 5.
W0814 19:16:32.257527 124305553613888 osmand.py:230] Favorites file /data/media/0/Android/data/net.osmand/files/favorites/favorites.gpx not found.
Completed step 6.
W0814 19:17:02.137996 124305553613888 osmand.py:230] Favorites file /data/media/0/Android/data/net.osmand/files/favorites/favorites.gpx not found.
Completed step 7.
W0814 19:17:20.524981 124305553613888 osmand.py:230] Favorites file /data/media/0/Android/data/net.osmand/files/favorites/favorites.gpx not found.
Completed step 8.
W0814 19:17:50.747403 124305553613888 osmand.py:230] Favorites file /data/media/0/Android/data/net.osmand/files/favorites/favorites.gpx not found.
Completed step 9.
W0814 19:18:07.328489 124305553613888 osmand.py:230] Favorites file /data/media/0/Android/data/net.osmand/files/favorites/favorites.gpx not found.
Completed step 10.
W0814 19:18:37.131152 124305553613888 osmand.py:230] Favorites file /data/media/0/Android/data/net.osmand/files/favorites/favorites.gpx not found.
Completed step 11.
W0814 19:19:07.147197 124305553613888 osmand.py:230] Favorites file /data/media/0/Android/data/net.osmand/files/favorites/favorites.gpx not found.
Completed step 12.
W0814 19:19:23.712180 124305553613888 osmand.py:230] Favorites file /data/media/0/Android/data/net.osmand/files/favorites/favorites.gpx not found.
Completed step 13.
W0814 19:19:53.592943 124305553613888 osmand.py:230] Favorites file /data/media/0/Android/data/net.osmand/files/favorites/favorites.gpx not found.
Agent did not indicate task is done. Reached max number of steps.
W0814 19:19:53.656741 124305553613888 osmand.py:230] Favorites file /data/media/0/Android/data/net.osmand/files/favorites/favorites.gpx not found.
Task Failed ❌;  Add a favorite location marker for 47.1303814, 9.5930117 in the OsmAnd maps app.
W0814 19:19:53.806979 124305553613888 osmand.py:197] Favorites file /data/media/0/Android/data/net.osmand/files/favorites/favorites.gpx not found during cleanup.
W0814 19:19:53.874018 124305553613888 osmand.py:197] Favorites file /data/data/net.osmand/files/favourites_bak.gpx not found during cleanup.
W0814 19:19:54.259077 124305553613888 task_eval.py:125] Skipping app snapshot loading : Snapshot not found in /data/data/android_world/snapshots/net.osmand.


                                       task_num  num_complete_trials  mean_success_rate  mean_episode_length  total_runtime_s  num_fail_trials
task                                                                                                                                          
AudioRecorderRecordAudio                      0                 5.00               0.60                 8.20           685.20              0.0
BrowserDraw                                   1                 5.00               0.00                20.00          1906.30              0.0
CameraTakePhoto                               2                 5.00               0.00                10.00           681.30              0.0
ClockStopWatchPausedVerify                    3                 5.00               0.40                 7.80           760.40              0.0
ClockStopWatchRunning                         4                 5.00               0.20                 4.80           403.60              0.0
ContactsAddContact                            5                 5.00               0.00                12.00          1111.50              0.0
ExpenseAddSingle                              6                 5.00               0.00                12.00          1643.50              0.0
FilesDeleteFile                               7                 5.00               0.00                22.00          2124.20              0.0
MarkorCreateFolder                            8                 5.00               0.00                10.00           875.70              0.0
NotesIsTodo                                   9                 5.00               0.00                 4.20           692.80              0.0
OpenAppTaskEval                              10                 5.00               1.00                 1.80           331.30              0.0
OsmAndFavorite                               11                 1.00               0.00                13.00           341.60              0.0
RecipeDeleteSingleRecipe                     12                 5.00               0.20                 9.20           831.00              0.0
RecipeDeleteSingleWithRecipeWithNoise        13                 5.00               0.00                20.00          2166.20              0.0
========= Average =========                   0                 4.71               0.17                11.07          1039.61              0.0


                         mean_success_rate       
difficulty                            easy medium
tags                                             
complex_ui_understanding                 -    0.0
data_edit                              0.1    0.0
data_entry                             0.0      -
game_playing                           0.0      -
information_retrieval                  0.0      -
parameterized                         0.15    0.0
requires_setup                         0.6      -
screen_reading                         0.0      -
search                                0.07    0.0
untagged                               0.1      -
verification                           0.4      -
W0814 19:19:57.361672 124305553613888 task_eval.py:125] Skipping app snapshot loading : Snapshot not found in /data/data/android_world/snapshots/net.osmand.
W0814 19:19:57.528872 124305553613888 osmand.py:197] Favorites file /data/media/0/Android/data/net.osmand/files/favorites/favorites.gpx not found during cleanup.
W0814 19:19:57.602528 124305553613888 osmand.py:197] Favorites file /data/data/net.osmand/files/favourites_bak.gpx not found during cleanup.
Running task OsmAndFavorite with goal "Add a favorite location marker for Malbun, Liechtenstein in the OsmAnd maps app."
Completed step 1.
W0814 19:20:24.710779 124305553613888 osmand.py:230] Favorites file /data/media/0/Android/data/net.osmand/files/favorites/favorites.gpx not found.
Completed step 2.
W0814 19:20:44.616759 124305553613888 osmand.py:230] Favorites file /data/media/0/Android/data/net.osmand/files/favorites/favorites.gpx not found.
Completed step 3.
W0814 19:21:07.781114 124305553613888 osmand.py:230] Favorites file /data/media/0/Android/data/net.osmand/files/favorites/favorites.gpx not found.
Completed step 4.
W0814 19:21:33.899488 124305553613888 osmand.py:230] Favorites file /data/media/0/Android/data/net.osmand/files/favorites/favorites.gpx not found.
Completed step 5.
W0814 19:21:56.437066 124305553613888 osmand.py:230] Favorites file /data/media/0/Android/data/net.osmand/files/favorites/favorites.gpx not found.
Completed step 6.
W0814 19:22:24.101707 124305553613888 osmand.py:230] Favorites file /data/media/0/Android/data/net.osmand/files/favorites/favorites.gpx not found.
Completed step 7.
W0814 19:22:50.160584 124305553613888 osmand.py:230] Favorites file /data/media/0/Android/data/net.osmand/files/favorites/favorites.gpx not found.
Completed step 8.
W0814 19:23:13.127482 124305553613888 osmand.py:230] Favorites file /data/media/0/Android/data/net.osmand/files/favorites/favorites.gpx not found.
Completed step 9.
W0814 19:23:39.076827 124305553613888 osmand.py:230] Favorites file /data/media/0/Android/data/net.osmand/files/favorites/favorites.gpx not found.
Completed step 10.
W0814 19:24:04.687212 124305553613888 osmand.py:230] Favorites file /data/media/0/Android/data/net.osmand/files/favorites/favorites.gpx not found.
Completed step 11.
W0814 19:24:30.700982 124305553613888 osmand.py:230] Favorites file /data/media/0/Android/data/net.osmand/files/favorites/favorites.gpx not found.
Completed step 12.
W0814 19:24:53.580344 124305553613888 osmand.py:230] Favorites file /data/media/0/Android/data/net.osmand/files/favorites/favorites.gpx not found.
Completed step 13.
W0814 19:25:19.729075 124305553613888 osmand.py:230] Favorites file /data/media/0/Android/data/net.osmand/files/favorites/favorites.gpx not found.
Agent did not indicate task is done. Reached max number of steps.
W0814 19:25:19.794318 124305553613888 osmand.py:230] Favorites file /data/media/0/Android/data/net.osmand/files/favorites/favorites.gpx not found.
Task Failed ❌;  Add a favorite location marker for Malbun, Liechtenstein in the OsmAnd maps app.
W0814 19:25:19.944781 124305553613888 osmand.py:197] Favorites file /data/media/0/Android/data/net.osmand/files/favorites/favorites.gpx not found during cleanup.
W0814 19:25:20.007099 124305553613888 osmand.py:197] Favorites file /data/data/net.osmand/files/favourites_bak.gpx not found during cleanup.
W0814 19:25:20.377891 124305553613888 task_eval.py:125] Skipping app snapshot loading : Snapshot not found in /data/data/android_world/snapshots/net.osmand.


                                       task_num  num_complete_trials  mean_success_rate  mean_episode_length  total_runtime_s  num_fail_trials
task                                                                                                                                          
AudioRecorderRecordAudio                      0                 5.00               0.60                 8.20           685.20              0.0
BrowserDraw                                   1                 5.00               0.00                20.00          1906.30              0.0
CameraTakePhoto                               2                 5.00               0.00                10.00           681.30              0.0
ClockStopWatchPausedVerify                    3                 5.00               0.40                 7.80           760.40              0.0
ClockStopWatchRunning                         4                 5.00               0.20                 4.80           403.60              0.0
ContactsAddContact                            5                 5.00               0.00                12.00          1111.50              0.0
ExpenseAddSingle                              6                 5.00               0.00                12.00          1643.50              0.0
FilesDeleteFile                               7                 5.00               0.00                22.00          2124.20              0.0
MarkorCreateFolder                            8                 5.00               0.00                10.00           875.70              0.0
NotesIsTodo                                   9                 5.00               0.00                 4.20           692.80              0.0
OpenAppTaskEval                              10                 5.00               1.00                 1.80           331.30              0.0
OsmAndFavorite                               11                 2.00               0.00                13.00           664.90              0.0
RecipeDeleteSingleRecipe                     12                 5.00               0.20                 9.20           831.00              0.0
RecipeDeleteSingleWithRecipeWithNoise        13                 5.00               0.00                20.00          2166.20              0.0
========= Average =========                   0                 4.79               0.17                11.07          1062.71              0.0


                         mean_success_rate       
difficulty                            easy medium
tags                                             
complex_ui_understanding                 -    0.0
data_edit                              0.1    0.0
data_entry                             0.0      -
game_playing                           0.0      -
information_retrieval                  0.0      -
parameterized                         0.15    0.0
requires_setup                         0.6      -
screen_reading                         0.0      -
search                                0.07    0.0
untagged                               0.1      -
verification                           0.4      -
W0814 19:25:22.940814 124305553613888 task_eval.py:125] Skipping app snapshot loading : Snapshot not found in /data/data/android_world/snapshots/net.osmand.
W0814 19:25:23.124073 124305553613888 osmand.py:197] Favorites file /data/media/0/Android/data/net.osmand/files/favorites/favorites.gpx not found during cleanup.
W0814 19:25:23.208554 124305553613888 osmand.py:197] Favorites file /data/data/net.osmand/files/favourites_bak.gpx not found during cleanup.
Running task OsmAndFavorite with goal "Add a favorite location marker for 47.23976, 9.5262837 in the OsmAnd maps app."
Completed step 1.
W0814 19:25:49.131263 124305553613888 osmand.py:230] Favorites file /data/media/0/Android/data/net.osmand/files/favorites/favorites.gpx not found.
Completed step 2.
W0814 19:26:20.113104 124305553613888 osmand.py:230] Favorites file /data/media/0/Android/data/net.osmand/files/favorites/favorites.gpx not found.
Completed step 3.
W0814 19:26:43.625984 124305553613888 osmand.py:230] Favorites file /data/media/0/Android/data/net.osmand/files/favorites/favorites.gpx not found.
Completed step 4.
W0814 19:27:10.365827 124305553613888 osmand.py:230] Favorites file /data/media/0/Android/data/net.osmand/files/favorites/favorites.gpx not found.
Completed step 5.
W0814 19:27:36.799478 124305553613888 osmand.py:230] Favorites file /data/media/0/Android/data/net.osmand/files/favorites/favorites.gpx not found.
Completed step 6.
W0814 19:28:03.362178 124305553613888 osmand.py:230] Favorites file /data/media/0/Android/data/net.osmand/files/favorites/favorites.gpx not found.
Completed step 7.
W0814 19:28:26.910050 124305553613888 osmand.py:230] Favorites file /data/media/0/Android/data/net.osmand/files/favorites/favorites.gpx not found.
Completed step 8.
W0814 19:28:53.209294 124305553613888 osmand.py:230] Favorites file /data/media/0/Android/data/net.osmand/files/favorites/favorites.gpx not found.
Completed step 9.
W0814 19:29:20.562357 124305553613888 osmand.py:230] Favorites file /data/media/0/Android/data/net.osmand/files/favorites/favorites.gpx not found.
Completed step 10.
W0814 19:29:47.412592 124305553613888 osmand.py:230] Favorites file /data/media/0/Android/data/net.osmand/files/favorites/favorites.gpx not found.
Completed step 11.
W0814 19:30:10.791679 124305553613888 osmand.py:230] Favorites file /data/media/0/Android/data/net.osmand/files/favorites/favorites.gpx not found.
Completed step 12.
W0814 19:30:37.131073 124305553613888 osmand.py:230] Favorites file /data/media/0/Android/data/net.osmand/files/favorites/favorites.gpx not found.
Completed step 13.
W0814 19:31:04.047676 124305553613888 osmand.py:230] Favorites file /data/media/0/Android/data/net.osmand/files/favorites/favorites.gpx not found.
Agent did not indicate task is done. Reached max number of steps.
W0814 19:31:04.115450 124305553613888 osmand.py:230] Favorites file /data/media/0/Android/data/net.osmand/files/favorites/favorites.gpx not found.
Task Failed ❌;  Add a favorite location marker for 47.23976, 9.5262837 in the OsmAnd maps app.
W0814 19:31:04.268030 124305553613888 osmand.py:197] Favorites file /data/media/0/Android/data/net.osmand/files/favorites/favorites.gpx not found during cleanup.
W0814 19:31:04.333998 124305553613888 osmand.py:197] Favorites file /data/data/net.osmand/files/favourites_bak.gpx not found during cleanup.
W0814 19:31:04.587578 124305553613888 task_eval.py:125] Skipping app snapshot loading : Snapshot not found in /data/data/android_world/snapshots/net.osmand.


                                       task_num  num_complete_trials  mean_success_rate  mean_episode_length  total_runtime_s  num_fail_trials
task                                                                                                                                          
AudioRecorderRecordAudio                      0                 5.00               0.60                 8.20           685.20              0.0
BrowserDraw                                   1                 5.00               0.00                20.00          1906.30              0.0
CameraTakePhoto                               2                 5.00               0.00                10.00           681.30              0.0
ClockStopWatchPausedVerify                    3                 5.00               0.40                 7.80           760.40              0.0
ClockStopWatchRunning                         4                 5.00               0.20                 4.80           403.60              0.0
ContactsAddContact                            5                 5.00               0.00                12.00          1111.50              0.0
ExpenseAddSingle                              6                 5.00               0.00                12.00          1643.50              0.0
FilesDeleteFile                               7                 5.00               0.00                22.00          2124.20              0.0
MarkorCreateFolder                            8                 5.00               0.00                10.00           875.70              0.0
NotesIsTodo                                   9                 5.00               0.00                 4.20           692.80              0.0
OpenAppTaskEval                              10                 5.00               1.00                 1.80           331.30              0.0
OsmAndFavorite                               11                 3.00               0.00                13.00          1006.80              0.0
RecipeDeleteSingleRecipe                     12                 5.00               0.20                 9.20           831.00              0.0
RecipeDeleteSingleWithRecipeWithNoise        13                 5.00               0.00                20.00          2166.20              0.0
========= Average =========                   0                 4.86               0.17                11.07          1087.13              0.0


                         mean_success_rate       
difficulty                            easy medium
tags                                             
complex_ui_understanding                 -    0.0
data_edit                              0.1    0.0
data_entry                             0.0      -
game_playing                           0.0      -
information_retrieval                  0.0      -
parameterized                         0.15    0.0
requires_setup                         0.6      -
screen_reading                         0.0      -
search                                0.07    0.0
untagged                               0.1      -
verification                           0.4      -
W0814 19:31:07.126074 124305553613888 task_eval.py:125] Skipping app snapshot loading : Snapshot not found in /data/data/android_world/snapshots/net.osmand.
W0814 19:31:07.281297 124305553613888 osmand.py:197] Favorites file /data/media/0/Android/data/net.osmand/files/favorites/favorites.gpx not found during cleanup.
W0814 19:31:07.357556 124305553613888 osmand.py:197] Favorites file /data/data/net.osmand/files/favourites_bak.gpx not found during cleanup.
Running task OsmAndFavorite with goal "Add a favorite location marker for Malbun, Liechtenstein in the OsmAnd maps app."
W0814 19:31:07.688198 124305553613888 android_world_controller.py:98] Could not get a11y tree, retrying.
W0814 19:31:08.688565 124305553613888 android_world_controller.py:98] Could not get a11y tree, retrying.
Completed step 1.
W0814 19:31:35.090978 124305553613888 osmand.py:230] Favorites file /data/media/0/Android/data/net.osmand/files/favorites/favorites.gpx not found.
Completed step 2.
W0814 19:32:02.252175 124305553613888 osmand.py:230] Favorites file /data/media/0/Android/data/net.osmand/files/favorites/favorites.gpx not found.
Completed step 3.
W0814 19:32:28.076300 124305553613888 osmand.py:230] Favorites file /data/media/0/Android/data/net.osmand/files/favorites/favorites.gpx not found.
Completed step 4.
W0814 19:33:10.853635 124305553613888 osmand.py:230] Favorites file /data/media/0/Android/data/net.osmand/files/favorites/favorites.gpx not found.
Completed step 5.
W0814 19:33:37.777272 124305553613888 osmand.py:230] Favorites file /data/media/0/Android/data/net.osmand/files/favorites/favorites.gpx not found.
Completed step 6.
W0814 19:34:04.651375 124305553613888 osmand.py:230] Favorites file /data/media/0/Android/data/net.osmand/files/favorites/favorites.gpx not found.
Completed step 7.
W0814 19:34:31.621577 124305553613888 osmand.py:230] Favorites file /data/media/0/Android/data/net.osmand/files/favorites/favorites.gpx not found.
Completed step 8.
W0814 19:34:55.678135 124305553613888 osmand.py:230] Favorites file /data/media/0/Android/data/net.osmand/files/favorites/favorites.gpx not found.
Completed step 9.
W0814 19:35:22.507997 124305553613888 osmand.py:230] Favorites file /data/media/0/Android/data/net.osmand/files/favorites/favorites.gpx not found.
Completed step 10.
W0814 19:35:49.456133 124305553613888 osmand.py:230] Favorites file /data/media/0/Android/data/net.osmand/files/favorites/favorites.gpx not found.
Completed step 11.
W0814 19:36:16.480787 124305553613888 osmand.py:230] Favorites file /data/media/0/Android/data/net.osmand/files/favorites/favorites.gpx not found.
Completed step 12.
W0814 19:36:40.612969 124305553613888 osmand.py:230] Favorites file /data/media/0/Android/data/net.osmand/files/favorites/favorites.gpx not found.
Completed step 13.
W0814 19:37:07.147500 124305553613888 osmand.py:230] Favorites file /data/media/0/Android/data/net.osmand/files/favorites/favorites.gpx not found.
Agent did not indicate task is done. Reached max number of steps.
W0814 19:37:07.214526 124305553613888 osmand.py:230] Favorites file /data/media/0/Android/data/net.osmand/files/favorites/favorites.gpx not found.
Task Failed ❌;  Add a favorite location marker for Malbun, Liechtenstein in the OsmAnd maps app.
W0814 19:37:07.372025 124305553613888 osmand.py:197] Favorites file /data/media/0/Android/data/net.osmand/files/favorites/favorites.gpx not found during cleanup.
W0814 19:37:07.435439 124305553613888 osmand.py:197] Favorites file /data/data/net.osmand/files/favourites_bak.gpx not found during cleanup.
W0814 19:37:07.875293 124305553613888 task_eval.py:125] Skipping app snapshot loading : Snapshot not found in /data/data/android_world/snapshots/net.osmand.


                                       task_num  num_complete_trials  mean_success_rate  mean_episode_length  total_runtime_s  num_fail_trials
task                                                                                                                                          
AudioRecorderRecordAudio                      0                 5.00               0.60                 8.20            685.2              0.0
BrowserDraw                                   1                 5.00               0.00                20.00           1906.3              0.0
CameraTakePhoto                               2                 5.00               0.00                10.00            681.3              0.0
ClockStopWatchPausedVerify                    3                 5.00               0.40                 7.80            760.4              0.0
ClockStopWatchRunning                         4                 5.00               0.20                 4.80            403.6              0.0
ContactsAddContact                            5                 5.00               0.00                12.00           1111.5              0.0
ExpenseAddSingle                              6                 5.00               0.00                12.00           1643.5              0.0
FilesDeleteFile                               7                 5.00               0.00                22.00           2124.2              0.0
MarkorCreateFolder                            8                 5.00               0.00                10.00            875.7              0.0
NotesIsTodo                                   9                 5.00               0.00                 4.20            692.8              0.0
OpenAppTaskEval                              10                 5.00               1.00                 1.80            331.3              0.0
OsmAndFavorite                               11                 4.00               0.00                13.00           1367.6              0.0
RecipeDeleteSingleRecipe                     12                 5.00               0.20                 9.20            831.0              0.0
RecipeDeleteSingleWithRecipeWithNoise        13                 5.00               0.00                20.00           2166.2              0.0
========= Average =========                   0                 4.93               0.17                11.07           1112.9              0.0


                         mean_success_rate       
difficulty                            easy medium
tags                                             
complex_ui_understanding                 -    0.0
data_edit                              0.1    0.0
data_entry                             0.0      -
game_playing                           0.0      -
information_retrieval                  0.0      -
parameterized                         0.15    0.0
requires_setup                         0.6      -
screen_reading                         0.0      -
search                                0.07    0.0
untagged                               0.1      -
verification                           0.4      -
W0814 19:37:10.515586 124305553613888 task_eval.py:125] Skipping app snapshot loading : Snapshot not found in /data/data/android_world/snapshots/net.osmand.
W0814 19:37:10.662337 124305553613888 osmand.py:197] Favorites file /data/media/0/Android/data/net.osmand/files/favorites/favorites.gpx not found during cleanup.
W0814 19:37:10.778549 124305553613888 osmand.py:197] Favorites file /data/data/net.osmand/files/favourites_bak.gpx not found during cleanup.
Running task OsmAndFavorite with goal "Add a favorite location marker for 47.1858882, 9.5452201 in the OsmAnd maps app."
W0814 19:37:11.148345 124305553613888 android_world_controller.py:98] Could not get a11y tree, retrying.
Completed step 1.
W0814 19:37:37.668405 124305553613888 osmand.py:230] Favorites file /data/media/0/Android/data/net.osmand/files/favorites/favorites.gpx not found.
Completed step 2.
W0814 19:37:55.489202 124305553613888 osmand.py:230] Favorites file /data/media/0/Android/data/net.osmand/files/favorites/favorites.gpx not found.
Completed step 3.
W0814 19:38:14.694717 124305553613888 osmand.py:230] Favorites file /data/media/0/Android/data/net.osmand/files/favorites/favorites.gpx not found.
Completed step 4.
W0814 19:38:37.375267 124305553613888 osmand.py:230] Favorites file /data/media/0/Android/data/net.osmand/files/favorites/favorites.gpx not found.
Completed step 5.
W0814 19:38:50.504099 124305553613888 osmand.py:230] Favorites file /data/media/0/Android/data/net.osmand/files/favorites/favorites.gpx not found.
Completed step 6.
W0814 19:39:03.074889 124305553613888 osmand.py:230] Favorites file /data/media/0/Android/data/net.osmand/files/favorites/favorites.gpx not found.
Completed step 7.
W0814 19:39:18.598658 124305553613888 osmand.py:230] Favorites file /data/media/0/Android/data/net.osmand/files/favorites/favorites.gpx not found.
Completed step 8.
W0814 19:39:38.301031 124305553613888 osmand.py:230] Favorites file /data/media/0/Android/data/net.osmand/files/favorites/favorites.gpx not found.
Completed step 9.
W0814 19:39:53.936789 124305553613888 osmand.py:230] Favorites file /data/media/0/Android/data/net.osmand/files/favorites/favorites.gpx not found.
Completed step 10.
W0814 19:40:14.056448 124305553613888 osmand.py:230] Favorites file /data/media/0/Android/data/net.osmand/files/favorites/favorites.gpx not found.
Completed step 11.
W0814 19:40:36.890771 124305553613888 osmand.py:230] Favorites file /data/media/0/Android/data/net.osmand/files/favorites/favorites.gpx not found.
Completed step 12.
W0814 19:40:50.052385 124305553613888 osmand.py:230] Favorites file /data/media/0/Android/data/net.osmand/files/favorites/favorites.gpx not found.
Completed step 13.
W0814 19:41:05.647679 124305553613888 osmand.py:230] Favorites file /data/media/0/Android/data/net.osmand/files/favorites/favorites.gpx not found.
Agent did not indicate task is done. Reached max number of steps.
W0814 19:41:05.712692 124305553613888 osmand.py:230] Favorites file /data/media/0/Android/data/net.osmand/files/favorites/favorites.gpx not found.
Task Failed ❌;  Add a favorite location marker for 47.1858882, 9.5452201 in the OsmAnd maps app.
W0814 19:41:05.869302 124305553613888 osmand.py:197] Favorites file /data/media/0/Android/data/net.osmand/files/favorites/favorites.gpx not found during cleanup.
W0814 19:41:05.931699 124305553613888 osmand.py:197] Favorites file /data/data/net.osmand/files/favourites_bak.gpx not found during cleanup.
W0814 19:41:06.169324 124305553613888 task_eval.py:125] Skipping app snapshot loading : Snapshot not found in /data/data/android_world/snapshots/net.osmand.


                                       task_num  num_complete_trials  mean_success_rate  mean_episode_length  total_runtime_s  num_fail_trials
task                                                                                                                                          
AudioRecorderRecordAudio                      0                  5.0               0.60                 8.20           685.20              0.0
BrowserDraw                                   1                  5.0               0.00                20.00          1906.30              0.0
CameraTakePhoto                               2                  5.0               0.00                10.00           681.30              0.0
ClockStopWatchPausedVerify                    3                  5.0               0.40                 7.80           760.40              0.0
ClockStopWatchRunning                         4                  5.0               0.20                 4.80           403.60              0.0
ContactsAddContact                            5                  5.0               0.00                12.00          1111.50              0.0
ExpenseAddSingle                              6                  5.0               0.00                12.00          1643.50              0.0
FilesDeleteFile                               7                  5.0               0.00                22.00          2124.20              0.0
MarkorCreateFolder                            8                  5.0               0.00                10.00           875.70              0.0
NotesIsTodo                                   9                  5.0               0.00                 4.20           692.80              0.0
OpenAppTaskEval                              10                  5.0               1.00                 1.80           331.30              0.0
OsmAndFavorite                               11                  5.0               0.00                13.00          1603.50              0.0
RecipeDeleteSingleRecipe                     12                  5.0               0.20                 9.20           831.00              0.0
RecipeDeleteSingleWithRecipeWithNoise        13                  5.0               0.00                20.00          2166.20              0.0
========= Average =========                   0                  5.0               0.17                11.07          1129.75              0.0


                         mean_success_rate       
difficulty                            easy medium
tags                                             
complex_ui_understanding                 -    0.0
data_edit                              0.1    0.0
data_entry                             0.0      -
game_playing                           0.0      -
information_retrieval                  0.0      -
parameterized                         0.15    0.0
requires_setup                         0.6      -
screen_reading                         0.0      -
search                                0.07    0.0
untagged                               0.1      -
verification                           0.4      -

Running task: RetroPlayingQueue
===============================
W0814 19:41:08.831724 124305553613888 task_eval.py:125] Skipping app snapshot loading : Snapshot not found in /data/data/android_world/snapshots/code.name.monkey.retromusic.
Running task RetroPlayingQueue with goal "Add the following songs, in order, Through the Storm, Hidden Paths, Forever Young, Whispers of the Past, Heartbeat Away to my playing queue in Retro music."
Completed step 1.
Completed step 2.
Completed step 3.
Completed step 4.
Completed step 5.
Completed step 6.
Completed step 7.
Completed step 8.
Completed step 9.
Completed step 10.
Completed step 11.
Completed step 12.
Completed step 13.
Completed step 14.
Completed step 15.
Completed step 16.
Completed step 17.
Completed step 18.
Completed step 19.
Completed step 20.
Completed step 21.
Completed step 22.
Completed step 23.
Completed step 24.
Completed step 25.
Completed step 26.
Completed step 27.
Completed step 28.
Completed step 29.
Completed step 30.
Completed step 31.
Completed step 32.
Agent did not indicate task is done. Reached max number of steps.
Task Failed ❌;  Add the following songs, in order, Through the Storm, Hidden Paths, Forever Young, Whispers of the Past, Heartbeat Away to my playing queue in Retro music.
W0814 19:54:39.799877 124305553613888 task_eval.py:125] Skipping app snapshot loading : Snapshot not found in /data/data/android_world/snapshots/code.name.monkey.retromusic.


                                       task_num  num_complete_trials  mean_success_rate  mean_episode_length  total_runtime_s  num_fail_trials
task                                                                                                                                          
AudioRecorderRecordAudio                      0                 5.00               0.60                 8.20           685.20              0.0
BrowserDraw                                   1                 5.00               0.00                20.00          1906.30              0.0
CameraTakePhoto                               2                 5.00               0.00                10.00           681.30              0.0
ClockStopWatchPausedVerify                    3                 5.00               0.40                 7.80           760.40              0.0
ClockStopWatchRunning                         4                 5.00               0.20                 4.80           403.60              0.0
ContactsAddContact                            5                 5.00               0.00                12.00          1111.50              0.0
ExpenseAddSingle                              6                 5.00               0.00                12.00          1643.50              0.0
FilesDeleteFile                               7                 5.00               0.00                22.00          2124.20              0.0
MarkorCreateFolder                            8                 5.00               0.00                10.00           875.70              0.0
NotesIsTodo                                   9                 5.00               0.00                 4.20           692.80              0.0
OpenAppTaskEval                              10                 5.00               1.00                 1.80           331.30              0.0
OsmAndFavorite                               11                 5.00               0.00                13.00          1603.50              0.0
RecipeDeleteSingleRecipe                     12                 5.00               0.20                 9.20           831.00              0.0
RecipeDeleteSingleWithRecipeWithNoise        13                 5.00               0.00                20.00          2166.20              0.0
RetroPlayingQueue                            14                 1.00               0.00                32.00           811.40              0.0
========= Average =========                   0                 4.73               0.16                12.47          1108.53              0.0


                         mean_success_rate       
difficulty                            easy medium
tags                                             
complex_ui_understanding                 -    0.0
data_edit                              0.1    0.0
data_entry                             0.0      -
game_playing                           0.0      -
information_retrieval                  0.0      -
parameterized                         0.13    0.0
requires_setup                         0.6      -
screen_reading                         0.0      -
search                                0.07    0.0
untagged                               0.1      -
verification                           0.4      -
W0814 19:54:47.693226 124305553613888 task_eval.py:125] Skipping app snapshot loading : Snapshot not found in /data/data/android_world/snapshots/code.name.monkey.retromusic.
Running task RetroPlayingQueue with goal "Add the following songs, in order, Forever Young, City of Stars, Twilight Calling, Lost in the Echo, Return to Paradise to my playing queue in Retro music."
Completed step 1.
Completed step 2.
Completed step 3.
Completed step 4.
Completed step 5.
Completed step 6.
Completed step 7.
Completed step 8.
Completed step 9.
Completed step 10.
Completed step 11.
Completed step 12.
Completed step 13.
Completed step 14.
Completed step 15.
Completed step 16.
Completed step 17.
Completed step 18.
Completed step 19.
Completed step 20.
Completed step 21.
Completed step 22.
Completed step 23.
Completed step 24.
Completed step 25.
Completed step 26.
Completed step 27.
Completed step 28.
Completed step 29.
Completed step 30.
Completed step 31.
Completed step 32.
Agent did not indicate task is done. Reached max number of steps.
Task Failed ❌;  Add the following songs, in order, Forever Young, City of Stars, Twilight Calling, Lost in the Echo, Return to Paradise to my playing queue in Retro music.
W0814 20:09:31.505648 124305553613888 task_eval.py:125] Skipping app snapshot loading : Snapshot not found in /data/data/android_world/snapshots/code.name.monkey.retromusic.


                                       task_num  num_complete_trials  mean_success_rate  mean_episode_length  total_runtime_s  num_fail_trials
task                                                                                                                                          
AudioRecorderRecordAudio                      0                  5.0               0.60                 8.20           685.20              0.0
BrowserDraw                                   1                  5.0               0.00                20.00          1906.30              0.0
CameraTakePhoto                               2                  5.0               0.00                10.00           681.30              0.0
ClockStopWatchPausedVerify                    3                  5.0               0.40                 7.80           760.40              0.0
ClockStopWatchRunning                         4                  5.0               0.20                 4.80           403.60              0.0
ContactsAddContact                            5                  5.0               0.00                12.00          1111.50              0.0
ExpenseAddSingle                              6                  5.0               0.00                12.00          1643.50              0.0
FilesDeleteFile                               7                  5.0               0.00                22.00          2124.20              0.0
MarkorCreateFolder                            8                  5.0               0.00                10.00           875.70              0.0
NotesIsTodo                                   9                  5.0               0.00                 4.20           692.80              0.0
OpenAppTaskEval                              10                  5.0               1.00                 1.80           331.30              0.0
OsmAndFavorite                               11                  5.0               0.00                13.00          1603.50              0.0
RecipeDeleteSingleRecipe                     12                  5.0               0.20                 9.20           831.00              0.0
RecipeDeleteSingleWithRecipeWithNoise        13                  5.0               0.00                20.00          2166.20              0.0
RetroPlayingQueue                            14                  2.0               0.00                32.00          1695.50              0.0
========= Average =========                   0                  4.8               0.16                12.47          1167.47              0.0


                         mean_success_rate       
difficulty                            easy medium
tags                                             
complex_ui_understanding                 -    0.0
data_edit                              0.1    0.0
data_entry                             0.0      -
game_playing                           0.0      -
information_retrieval                  0.0      -
parameterized                         0.13    0.0
requires_setup                         0.6      -
screen_reading                         0.0      -
search                                0.07    0.0
untagged                               0.1      -
verification                           0.4      -
W0814 20:09:42.576401 124305553613888 task_eval.py:125] Skipping app snapshot loading : Snapshot not found in /data/data/android_world/snapshots/code.name.monkey.retromusic.
Running task RetroPlayingQueue with goal "Add the following songs, in order, Waves of Change, Forever Young, Whispering Wind to my playing queue in Retro music."
Completed step 1.
Completed step 2.
Completed step 3.
Completed step 4.
Completed step 5.
Completed step 6.
Completed step 7.
Completed step 8.
Completed step 9.
Completed step 10.
Completed step 11.
Completed step 12.
Completed step 13.
Completed step 14.
Completed step 15.
Completed step 16.
Completed step 17.
Completed step 18.
Completed step 19.
Completed step 20.
Completed step 21.
Completed step 22.
Completed step 23.
Completed step 24.
Completed step 25.
Completed step 26.
Completed step 27.
Completed step 28.
Completed step 29.
Completed step 30.
Completed step 31.
Completed step 32.
Agent did not indicate task is done. Reached max number of steps.
Task Failed ❌;  Add the following songs, in order, Waves of Change, Forever Young, Whispering Wind to my playing queue in Retro music.
W0814 20:26:25.064103 124305553613888 task_eval.py:125] Skipping app snapshot loading : Snapshot not found in /data/data/android_world/snapshots/code.name.monkey.retromusic.


                                       task_num  num_complete_trials  mean_success_rate  mean_episode_length  total_runtime_s  num_fail_trials
task                                                                                                                                          
AudioRecorderRecordAudio                      0                 5.00               0.60                 8.20           685.20              0.0
BrowserDraw                                   1                 5.00               0.00                20.00          1906.30              0.0
CameraTakePhoto                               2                 5.00               0.00                10.00           681.30              0.0
ClockStopWatchPausedVerify                    3                 5.00               0.40                 7.80           760.40              0.0
ClockStopWatchRunning                         4                 5.00               0.20                 4.80           403.60              0.0
ContactsAddContact                            5                 5.00               0.00                12.00          1111.50              0.0
ExpenseAddSingle                              6                 5.00               0.00                12.00          1643.50              0.0
FilesDeleteFile                               7                 5.00               0.00                22.00          2124.20              0.0
MarkorCreateFolder                            8                 5.00               0.00                10.00           875.70              0.0
NotesIsTodo                                   9                 5.00               0.00                 4.20           692.80              0.0
OpenAppTaskEval                              10                 5.00               1.00                 1.80           331.30              0.0
OsmAndFavorite                               11                 5.00               0.00                13.00          1603.50              0.0
RecipeDeleteSingleRecipe                     12                 5.00               0.20                 9.20           831.00              0.0
RecipeDeleteSingleWithRecipeWithNoise        13                 5.00               0.00                20.00          2166.20              0.0
RetroPlayingQueue                            14                 3.00               0.00                32.00          2698.60              0.0
========= Average =========                   0                 4.87               0.16                12.47          1234.34              0.0


                         mean_success_rate       
difficulty                            easy medium
tags                                             
complex_ui_understanding                 -    0.0
data_edit                              0.1    0.0
data_entry                             0.0      -
game_playing                           0.0      -
information_retrieval                  0.0      -
parameterized                         0.13    0.0
requires_setup                         0.6      -
screen_reading                         0.0      -
search                                0.07    0.0
untagged                               0.1      -
verification                           0.4      -
W0814 20:26:33.238463 124305553613888 task_eval.py:125] Skipping app snapshot loading : Snapshot not found in /data/data/android_world/snapshots/code.name.monkey.retromusic.
Running task RetroPlayingQueue with goal "Add the following songs, in order, Under the Sky, Chasing Shadows, Whispering Wind, City of Stars, Shadows of Time to my playing queue in Retro music."
Completed step 1.
Completed step 2.
Completed step 3.
Completed step 4.
Completed step 5.
Completed step 6.
Completed step 7.
Completed step 8.
Completed step 9.
Completed step 10.
Completed step 11.
Completed step 12.
Completed step 13.
Completed step 14.
Completed step 15.
Completed step 16.
Completed step 17.
Completed step 18.
Completed step 19.
Completed step 20.
Completed step 21.
Completed step 22.
Completed step 23.
Completed step 24.
Completed step 25.
Completed step 26.
Completed step 27.
Completed step 28.
Completed step 29.
Completed step 30.
Completed step 31.
Completed step 32.
Agent did not indicate task is done. Reached max number of steps.
Task Failed ❌;  Add the following songs, in order, Under the Sky, Chasing Shadows, Whispering Wind, City of Stars, Shadows of Time to my playing queue in Retro music.
W0814 20:35:27.648250 124305553613888 task_eval.py:125] Skipping app snapshot loading : Snapshot not found in /data/data/android_world/snapshots/code.name.monkey.retromusic.


                                       task_num  num_complete_trials  mean_success_rate  mean_episode_length  total_runtime_s  num_fail_trials
task                                                                                                                                          
AudioRecorderRecordAudio                      0                 5.00               0.60                 8.20           685.20              0.0
BrowserDraw                                   1                 5.00               0.00                20.00          1906.30              0.0
CameraTakePhoto                               2                 5.00               0.00                10.00           681.30              0.0
ClockStopWatchPausedVerify                    3                 5.00               0.40                 7.80           760.40              0.0
ClockStopWatchRunning                         4                 5.00               0.20                 4.80           403.60              0.0
ContactsAddContact                            5                 5.00               0.00                12.00          1111.50              0.0
ExpenseAddSingle                              6                 5.00               0.00                12.00          1643.50              0.0
FilesDeleteFile                               7                 5.00               0.00                22.00          2124.20              0.0
MarkorCreateFolder                            8                 5.00               0.00                10.00           875.70              0.0
NotesIsTodo                                   9                 5.00               0.00                 4.20           692.80              0.0
OpenAppTaskEval                              10                 5.00               1.00                 1.80           331.30              0.0
OsmAndFavorite                               11                 5.00               0.00                13.00          1603.50              0.0
RecipeDeleteSingleRecipe                     12                 5.00               0.20                 9.20           831.00              0.0
RecipeDeleteSingleWithRecipeWithNoise        13                 5.00               0.00                20.00          2166.20              0.0
RetroPlayingQueue                            14                 4.00               0.00                32.00          3230.60              0.0
========= Average =========                   0                 4.93               0.16                12.47          1269.81              0.0


                         mean_success_rate       
difficulty                            easy medium
tags                                             
complex_ui_understanding                 -    0.0
data_edit                              0.1    0.0
data_entry                             0.0      -
game_playing                           0.0      -
information_retrieval                  0.0      -
parameterized                         0.13    0.0
requires_setup                         0.6      -
screen_reading                         0.0      -
search                                0.07    0.0
untagged                               0.1      -
verification                           0.4      -
W0814 20:35:39.222513 124305553613888 task_eval.py:125] Skipping app snapshot loading : Snapshot not found in /data/data/android_world/snapshots/code.name.monkey.retromusic.
Running task RetroPlayingQueue with goal "Add the following songs, in order, Shadows of Time, Beyond the Horizon, Orbiting Stars, Moonlight Sonata, Night Drive to my playing queue in Retro music."
Completed step 1.
Completed step 2.
Completed step 3.
Completed step 4.
Completed step 5.
Completed step 6.
Completed step 7.
Completed step 8.
Completed step 9.
Completed step 10.
Completed step 11.
Completed step 12.
Completed step 13.
Completed step 14.
Completed step 15.
Completed step 16.
Completed step 17.
Completed step 18.
Completed step 19.
Completed step 20.
Completed step 21.
Completed step 22.
Completed step 23.
Completed step 24.
Completed step 25.
Completed step 26.
Completed step 27.
Completed step 28.
Completed step 29.
Completed step 30.
Completed step 31.
Completed step 32.
Agent did not indicate task is done. Reached max number of steps.
Task Failed ❌;  Add the following songs, in order, Shadows of Time, Beyond the Horizon, Orbiting Stars, Moonlight Sonata, Night Drive to my playing queue in Retro music.
W0814 20:44:29.186769 124305553613888 task_eval.py:125] Skipping app snapshot loading : Snapshot not found in /data/data/android_world/snapshots/code.name.monkey.retromusic.


                                       task_num  num_complete_trials  mean_success_rate  mean_episode_length  total_runtime_s  num_fail_trials
task                                                                                                                                          
AudioRecorderRecordAudio                      0                  5.0               0.60                 8.20           685.20              0.0
BrowserDraw                                   1                  5.0               0.00                20.00          1906.30              0.0
CameraTakePhoto                               2                  5.0               0.00                10.00           681.30              0.0
ClockStopWatchPausedVerify                    3                  5.0               0.40                 7.80           760.40              0.0
ClockStopWatchRunning                         4                  5.0               0.20                 4.80           403.60              0.0
ContactsAddContact                            5                  5.0               0.00                12.00          1111.50              0.0
ExpenseAddSingle                              6                  5.0               0.00                12.00          1643.50              0.0
FilesDeleteFile                               7                  5.0               0.00                22.00          2124.20              0.0
MarkorCreateFolder                            8                  5.0               0.00                10.00           875.70              0.0
NotesIsTodo                                   9                  5.0               0.00                 4.20           692.80              0.0
OpenAppTaskEval                              10                  5.0               1.00                 1.80           331.30              0.0
OsmAndFavorite                               11                  5.0               0.00                13.00          1603.50              0.0
RecipeDeleteSingleRecipe                     12                  5.0               0.20                 9.20           831.00              0.0
RecipeDeleteSingleWithRecipeWithNoise        13                  5.0               0.00                20.00          2166.20              0.0
RetroPlayingQueue                            14                  5.0               0.00                32.00          3761.20              0.0
========= Average =========                   0                  5.0               0.16                12.47          1305.18              0.0


                         mean_success_rate       
difficulty                            easy medium
tags                                             
complex_ui_understanding                 -    0.0
data_edit                              0.1    0.0
data_entry                             0.0      -
game_playing                           0.0      -
information_retrieval                  0.0      -
parameterized                         0.13    0.0
requires_setup                         0.6      -
screen_reading                         0.0      -
search                                0.07    0.0
untagged                               0.1      -
verification                           0.4      -

Running task: SimpleCalendarAddOneEventTomorrow
===============================================
W0814 20:44:42.523801 124305553613888 task_eval.py:125] Skipping app snapshot loading : Snapshot not found in /data/data/android_world/snapshots/com.simplemobiletools.calendar.pro.
Running task SimpleCalendarAddOneEventTomorrow with goal "In Simple Calendar Pro, create a calendar event for tomorrow at 20h with the title 'Call with the Team' and the description 'We will prepare for team roles.'. The event should last for 30 mins."
W0814 20:44:45.767605 124305553613888 android_world_controller.py:98] Could not get a11y tree, retrying.
Completed step 1.
W0814 20:45:20.103931 124305553613888 sqlite_validators.py:168] Expected row CalendarEvent(start_ts=1697486400, end_ts=1697488200, title='Call with the Team', location='', description='We will prepare for team roles.', repeat_interval=0, repeat_rule=0, reminder_1_minutes=-1, reminder_2_minutes=-1, reminder_3_minutes=-1, reminder_1_type=0, reminder_2_type=0, reminder_3_type=0, repeat_limit=0, repetition_exceptions='[]', attendees='', import_id='', time_zone='UTC', flags=0, event_type=1, parent_id=0, last_updated=0, source='imported-ics', availability=0, color=0, type=0, id=-1) not found in the 'after' state.
Completed step 2.
W0814 20:45:54.967509 124305553613888 sqlite_validators.py:168] Expected row CalendarEvent(start_ts=1697486400, end_ts=1697488200, title='Call with the Team', location='', description='We will prepare for team roles.', repeat_interval=0, repeat_rule=0, reminder_1_minutes=-1, reminder_2_minutes=-1, reminder_3_minutes=-1, reminder_1_type=0, reminder_2_type=0, reminder_3_type=0, repeat_limit=0, repetition_exceptions='[]', attendees='', import_id='', time_zone='UTC', flags=0, event_type=1, parent_id=0, last_updated=0, source='imported-ics', availability=0, color=0, type=0, id=-1) not found in the 'after' state.
Completed step 3.
W0814 20:46:10.150307 124305553613888 sqlite_validators.py:168] Expected row CalendarEvent(start_ts=1697486400, end_ts=1697488200, title='Call with the Team', location='', description='We will prepare for team roles.', repeat_interval=0, repeat_rule=0, reminder_1_minutes=-1, reminder_2_minutes=-1, reminder_3_minutes=-1, reminder_1_type=0, reminder_2_type=0, reminder_3_type=0, repeat_limit=0, repetition_exceptions='[]', attendees='', import_id='', time_zone='UTC', flags=0, event_type=1, parent_id=0, last_updated=0, source='imported-ics', availability=0, color=0, type=0, id=-1) not found in the 'after' state.
Completed step 4.
W0814 20:46:25.750931 124305553613888 sqlite_validators.py:168] Expected row CalendarEvent(start_ts=1697486400, end_ts=1697488200, title='Call with the Team', location='', description='We will prepare for team roles.', repeat_interval=0, repeat_rule=0, reminder_1_minutes=-1, reminder_2_minutes=-1, reminder_3_minutes=-1, reminder_1_type=0, reminder_2_type=0, reminder_3_type=0, repeat_limit=0, repetition_exceptions='[]', attendees='', import_id='', time_zone='UTC', flags=0, event_type=1, parent_id=0, last_updated=0, source='imported-ics', availability=0, color=0, type=0, id=-1) not found in the 'after' state.
Completed step 5.
W0814 20:46:44.544662 124305553613888 sqlite_validators.py:168] Expected row CalendarEvent(start_ts=1697486400, end_ts=1697488200, title='Call with the Team', location='', description='We will prepare for team roles.', repeat_interval=0, repeat_rule=0, reminder_1_minutes=-1, reminder_2_minutes=-1, reminder_3_minutes=-1, reminder_1_type=0, reminder_2_type=0, reminder_3_type=0, repeat_limit=0, repetition_exceptions='[]', attendees='', import_id='', time_zone='UTC', flags=0, event_type=1, parent_id=0, last_updated=0, source='imported-ics', availability=0, color=0, type=0, id=-1) not found in the 'after' state.
Completed step 6.
W0814 20:47:00.370819 124305553613888 sqlite_validators.py:168] Expected row CalendarEvent(start_ts=1697486400, end_ts=1697488200, title='Call with the Team', location='', description='We will prepare for team roles.', repeat_interval=0, repeat_rule=0, reminder_1_minutes=-1, reminder_2_minutes=-1, reminder_3_minutes=-1, reminder_1_type=0, reminder_2_type=0, reminder_3_type=0, repeat_limit=0, repetition_exceptions='[]', attendees='', import_id='', time_zone='UTC', flags=0, event_type=1, parent_id=0, last_updated=0, source='imported-ics', availability=0, color=0, type=0, id=-1) not found in the 'after' state.
Completed step 7.
W0814 20:47:19.167179 124305553613888 sqlite_validators.py:168] Expected row CalendarEvent(start_ts=1697486400, end_ts=1697488200, title='Call with the Team', location='', description='We will prepare for team roles.', repeat_interval=0, repeat_rule=0, reminder_1_minutes=-1, reminder_2_minutes=-1, reminder_3_minutes=-1, reminder_1_type=0, reminder_2_type=0, reminder_3_type=0, repeat_limit=0, repetition_exceptions='[]', attendees='', import_id='', time_zone='UTC', flags=0, event_type=1, parent_id=0, last_updated=0, source='imported-ics', availability=0, color=0, type=0, id=-1) not found in the 'after' state.
Completed step 8.
W0814 20:47:34.897935 124305553613888 sqlite_validators.py:168] Expected row CalendarEvent(start_ts=1697486400, end_ts=1697488200, title='Call with the Team', location='', description='We will prepare for team roles.', repeat_interval=0, repeat_rule=0, reminder_1_minutes=-1, reminder_2_minutes=-1, reminder_3_minutes=-1, reminder_1_type=0, reminder_2_type=0, reminder_3_type=0, repeat_limit=0, repetition_exceptions='[]', attendees='', import_id='', time_zone='UTC', flags=0, event_type=1, parent_id=0, last_updated=0, source='imported-ics', availability=0, color=0, type=0, id=-1) not found in the 'after' state.
Completed step 9.
W0814 20:47:53.531111 124305553613888 sqlite_validators.py:168] Expected row CalendarEvent(start_ts=1697486400, end_ts=1697488200, title='Call with the Team', location='', description='We will prepare for team roles.', repeat_interval=0, repeat_rule=0, reminder_1_minutes=-1, reminder_2_minutes=-1, reminder_3_minutes=-1, reminder_1_type=0, reminder_2_type=0, reminder_3_type=0, repeat_limit=0, repetition_exceptions='[]', attendees='', import_id='', time_zone='UTC', flags=0, event_type=1, parent_id=0, last_updated=0, source='imported-ics', availability=0, color=0, type=0, id=-1) not found in the 'after' state.
Completed step 10.
W0814 20:48:09.281270 124305553613888 sqlite_validators.py:168] Expected row CalendarEvent(start_ts=1697486400, end_ts=1697488200, title='Call with the Team', location='', description='We will prepare for team roles.', repeat_interval=0, repeat_rule=0, reminder_1_minutes=-1, reminder_2_minutes=-1, reminder_3_minutes=-1, reminder_1_type=0, reminder_2_type=0, reminder_3_type=0, repeat_limit=0, repetition_exceptions='[]', attendees='', import_id='', time_zone='UTC', flags=0, event_type=1, parent_id=0, last_updated=0, source='imported-ics', availability=0, color=0, type=0, id=-1) not found in the 'after' state.
Completed step 11.
W0814 20:48:27.848817 124305553613888 sqlite_validators.py:168] Expected row CalendarEvent(start_ts=1697486400, end_ts=1697488200, title='Call with the Team', location='', description='We will prepare for team roles.', repeat_interval=0, repeat_rule=0, reminder_1_minutes=-1, reminder_2_minutes=-1, reminder_3_minutes=-1, reminder_1_type=0, reminder_2_type=0, reminder_3_type=0, repeat_limit=0, repetition_exceptions='[]', attendees='', import_id='', time_zone='UTC', flags=0, event_type=1, parent_id=0, last_updated=0, source='imported-ics', availability=0, color=0, type=0, id=-1) not found in the 'after' state.
Completed step 12.
W0814 20:48:43.514309 124305553613888 sqlite_validators.py:168] Expected row CalendarEvent(start_ts=1697486400, end_ts=1697488200, title='Call with the Team', location='', description='We will prepare for team roles.', repeat_interval=0, repeat_rule=0, reminder_1_minutes=-1, reminder_2_minutes=-1, reminder_3_minutes=-1, reminder_1_type=0, reminder_2_type=0, reminder_3_type=0, repeat_limit=0, repetition_exceptions='[]', attendees='', import_id='', time_zone='UTC', flags=0, event_type=1, parent_id=0, last_updated=0, source='imported-ics', availability=0, color=0, type=0, id=-1) not found in the 'after' state.
Completed step 13.
W0814 20:49:02.219478 124305553613888 sqlite_validators.py:168] Expected row CalendarEvent(start_ts=1697486400, end_ts=1697488200, title='Call with the Team', location='', description='We will prepare for team roles.', repeat_interval=0, repeat_rule=0, reminder_1_minutes=-1, reminder_2_minutes=-1, reminder_3_minutes=-1, reminder_1_type=0, reminder_2_type=0, reminder_3_type=0, repeat_limit=0, repetition_exceptions='[]', attendees='', import_id='', time_zone='UTC', flags=0, event_type=1, parent_id=0, last_updated=0, source='imported-ics', availability=0, color=0, type=0, id=-1) not found in the 'after' state.
Completed step 14.
W0814 20:49:18.137436 124305553613888 sqlite_validators.py:168] Expected row CalendarEvent(start_ts=1697486400, end_ts=1697488200, title='Call with the Team', location='', description='We will prepare for team roles.', repeat_interval=0, repeat_rule=0, reminder_1_minutes=-1, reminder_2_minutes=-1, reminder_3_minutes=-1, reminder_1_type=0, reminder_2_type=0, reminder_3_type=0, repeat_limit=0, repetition_exceptions='[]', attendees='', import_id='', time_zone='UTC', flags=0, event_type=1, parent_id=0, last_updated=0, source='imported-ics', availability=0, color=0, type=0, id=-1) not found in the 'after' state.
Completed step 15.
W0814 20:49:36.930034 124305553613888 sqlite_validators.py:168] Expected row CalendarEvent(start_ts=1697486400, end_ts=1697488200, title='Call with the Team', location='', description='We will prepare for team roles.', repeat_interval=0, repeat_rule=0, reminder_1_minutes=-1, reminder_2_minutes=-1, reminder_3_minutes=-1, reminder_1_type=0, reminder_2_type=0, reminder_3_type=0, repeat_limit=0, repetition_exceptions='[]', attendees='', import_id='', time_zone='UTC', flags=0, event_type=1, parent_id=0, last_updated=0, source='imported-ics', availability=0, color=0, type=0, id=-1) not found in the 'after' state.
Completed step 16.
W0814 20:49:52.614576 124305553613888 sqlite_validators.py:168] Expected row CalendarEvent(start_ts=1697486400, end_ts=1697488200, title='Call with the Team', location='', description='We will prepare for team roles.', repeat_interval=0, repeat_rule=0, reminder_1_minutes=-1, reminder_2_minutes=-1, reminder_3_minutes=-1, reminder_1_type=0, reminder_2_type=0, reminder_3_type=0, repeat_limit=0, repetition_exceptions='[]', attendees='', import_id='', time_zone='UTC', flags=0, event_type=1, parent_id=0, last_updated=0, source='imported-ics', availability=0, color=0, type=0, id=-1) not found in the 'after' state.
Completed step 17.
W0814 20:50:11.462415 124305553613888 sqlite_validators.py:168] Expected row CalendarEvent(start_ts=1697486400, end_ts=1697488200, title='Call with the Team', location='', description='We will prepare for team roles.', repeat_interval=0, repeat_rule=0, reminder_1_minutes=-1, reminder_2_minutes=-1, reminder_3_minutes=-1, reminder_1_type=0, reminder_2_type=0, reminder_3_type=0, repeat_limit=0, repetition_exceptions='[]', attendees='', import_id='', time_zone='UTC', flags=0, event_type=1, parent_id=0, last_updated=0, source='imported-ics', availability=0, color=0, type=0, id=-1) not found in the 'after' state.
Completed step 18.
W0814 20:50:27.123756 124305553613888 sqlite_validators.py:168] Expected row CalendarEvent(start_ts=1697486400, end_ts=1697488200, title='Call with the Team', location='', description='We will prepare for team roles.', repeat_interval=0, repeat_rule=0, reminder_1_minutes=-1, reminder_2_minutes=-1, reminder_3_minutes=-1, reminder_1_type=0, reminder_2_type=0, reminder_3_type=0, repeat_limit=0, repetition_exceptions='[]', attendees='', import_id='', time_zone='UTC', flags=0, event_type=1, parent_id=0, last_updated=0, source='imported-ics', availability=0, color=0, type=0, id=-1) not found in the 'after' state.
Completed step 19.
W0814 20:50:45.672910 124305553613888 sqlite_validators.py:168] Expected row CalendarEvent(start_ts=1697486400, end_ts=1697488200, title='Call with the Team', location='', description='We will prepare for team roles.', repeat_interval=0, repeat_rule=0, reminder_1_minutes=-1, reminder_2_minutes=-1, reminder_3_minutes=-1, reminder_1_type=0, reminder_2_type=0, reminder_3_type=0, repeat_limit=0, repetition_exceptions='[]', attendees='', import_id='', time_zone='UTC', flags=0, event_type=1, parent_id=0, last_updated=0, source='imported-ics', availability=0, color=0, type=0, id=-1) not found in the 'after' state.
Completed step 20.
W0814 20:51:01.500024 124305553613888 sqlite_validators.py:168] Expected row CalendarEvent(start_ts=1697486400, end_ts=1697488200, title='Call with the Team', location='', description='We will prepare for team roles.', repeat_interval=0, repeat_rule=0, reminder_1_minutes=-1, reminder_2_minutes=-1, reminder_3_minutes=-1, reminder_1_type=0, reminder_2_type=0, reminder_3_type=0, repeat_limit=0, repetition_exceptions='[]', attendees='', import_id='', time_zone='UTC', flags=0, event_type=1, parent_id=0, last_updated=0, source='imported-ics', availability=0, color=0, type=0, id=-1) not found in the 'after' state.
Completed step 21.
W0814 20:51:20.489007 124305553613888 sqlite_validators.py:168] Expected row CalendarEvent(start_ts=1697486400, end_ts=1697488200, title='Call with the Team', location='', description='We will prepare for team roles.', repeat_interval=0, repeat_rule=0, reminder_1_minutes=-1, reminder_2_minutes=-1, reminder_3_minutes=-1, reminder_1_type=0, reminder_2_type=0, reminder_3_type=0, repeat_limit=0, repetition_exceptions='[]', attendees='', import_id='', time_zone='UTC', flags=0, event_type=1, parent_id=0, last_updated=0, source='imported-ics', availability=0, color=0, type=0, id=-1) not found in the 'after' state.
Completed step 22.
W0814 20:51:36.716677 124305553613888 sqlite_validators.py:168] Expected row CalendarEvent(start_ts=1697486400, end_ts=1697488200, title='Call with the Team', location='', description='We will prepare for team roles.', repeat_interval=0, repeat_rule=0, reminder_1_minutes=-1, reminder_2_minutes=-1, reminder_3_minutes=-1, reminder_1_type=0, reminder_2_type=0, reminder_3_type=0, repeat_limit=0, repetition_exceptions='[]', attendees='', import_id='', time_zone='UTC', flags=0, event_type=1, parent_id=0, last_updated=0, source='imported-ics', availability=0, color=0, type=0, id=-1) not found in the 'after' state.
Completed step 23.
W0814 20:51:55.283444 124305553613888 sqlite_validators.py:168] Expected row CalendarEvent(start_ts=1697486400, end_ts=1697488200, title='Call with the Team', location='', description='We will prepare for team roles.', repeat_interval=0, repeat_rule=0, reminder_1_minutes=-1, reminder_2_minutes=-1, reminder_3_minutes=-1, reminder_1_type=0, reminder_2_type=0, reminder_3_type=0, repeat_limit=0, repetition_exceptions='[]', attendees='', import_id='', time_zone='UTC', flags=0, event_type=1, parent_id=0, last_updated=0, source='imported-ics', availability=0, color=0, type=0, id=-1) not found in the 'after' state.
Completed step 24.
W0814 20:52:09.952605 124305553613888 sqlite_validators.py:168] Expected row CalendarEvent(start_ts=1697486400, end_ts=1697488200, title='Call with the Team', location='', description='We will prepare for team roles.', repeat_interval=0, repeat_rule=0, reminder_1_minutes=-1, reminder_2_minutes=-1, reminder_3_minutes=-1, reminder_1_type=0, reminder_2_type=0, reminder_3_type=0, repeat_limit=0, repetition_exceptions='[]', attendees='', import_id='', time_zone='UTC', flags=0, event_type=1, parent_id=0, last_updated=0, source='imported-ics', availability=0, color=0, type=0, id=-1) not found in the 'after' state.
Completed step 25.
W0814 20:52:21.850323 124305553613888 sqlite_validators.py:168] Expected row CalendarEvent(start_ts=1697486400, end_ts=1697488200, title='Call with the Team', location='', description='We will prepare for team roles.', repeat_interval=0, repeat_rule=0, reminder_1_minutes=-1, reminder_2_minutes=-1, reminder_3_minutes=-1, reminder_1_type=0, reminder_2_type=0, reminder_3_type=0, repeat_limit=0, repetition_exceptions='[]', attendees='', import_id='', time_zone='UTC', flags=0, event_type=1, parent_id=0, last_updated=0, source='imported-ics', availability=0, color=0, type=0, id=-1) not found in the 'after' state.
Completed step 26.
W0814 20:52:36.640151 124305553613888 sqlite_validators.py:168] Expected row CalendarEvent(start_ts=1697486400, end_ts=1697488200, title='Call with the Team', location='', description='We will prepare for team roles.', repeat_interval=0, repeat_rule=0, reminder_1_minutes=-1, reminder_2_minutes=-1, reminder_3_minutes=-1, reminder_1_type=0, reminder_2_type=0, reminder_3_type=0, repeat_limit=0, repetition_exceptions='[]', attendees='', import_id='', time_zone='UTC', flags=0, event_type=1, parent_id=0, last_updated=0, source='imported-ics', availability=0, color=0, type=0, id=-1) not found in the 'after' state.
Completed step 27.
W0814 20:52:48.579818 124305553613888 sqlite_validators.py:168] Expected row CalendarEvent(start_ts=1697486400, end_ts=1697488200, title='Call with the Team', location='', description='We will prepare for team roles.', repeat_interval=0, repeat_rule=0, reminder_1_minutes=-1, reminder_2_minutes=-1, reminder_3_minutes=-1, reminder_1_type=0, reminder_2_type=0, reminder_3_type=0, repeat_limit=0, repetition_exceptions='[]', attendees='', import_id='', time_zone='UTC', flags=0, event_type=1, parent_id=0, last_updated=0, source='imported-ics', availability=0, color=0, type=0, id=-1) not found in the 'after' state.
Completed step 28.
W0814 20:53:04.099811 124305553613888 sqlite_validators.py:168] Expected row CalendarEvent(start_ts=1697486400, end_ts=1697488200, title='Call with the Team', location='', description='We will prepare for team roles.', repeat_interval=0, repeat_rule=0, reminder_1_minutes=-1, reminder_2_minutes=-1, reminder_3_minutes=-1, reminder_1_type=0, reminder_2_type=0, reminder_3_type=0, repeat_limit=0, repetition_exceptions='[]', attendees='', import_id='', time_zone='UTC', flags=0, event_type=1, parent_id=0, last_updated=0, source='imported-ics', availability=0, color=0, type=0, id=-1) not found in the 'after' state.
Completed step 29.
W0814 20:53:16.037539 124305553613888 sqlite_validators.py:168] Expected row CalendarEvent(start_ts=1697486400, end_ts=1697488200, title='Call with the Team', location='', description='We will prepare for team roles.', repeat_interval=0, repeat_rule=0, reminder_1_minutes=-1, reminder_2_minutes=-1, reminder_3_minutes=-1, reminder_1_type=0, reminder_2_type=0, reminder_3_type=0, repeat_limit=0, repetition_exceptions='[]', attendees='', import_id='', time_zone='UTC', flags=0, event_type=1, parent_id=0, last_updated=0, source='imported-ics', availability=0, color=0, type=0, id=-1) not found in the 'after' state.
Completed step 30.
W0814 20:53:28.270500 124305553613888 sqlite_validators.py:168] Expected row CalendarEvent(start_ts=1697486400, end_ts=1697488200, title='Call with the Team', location='', description='We will prepare for team roles.', repeat_interval=0, repeat_rule=0, reminder_1_minutes=-1, reminder_2_minutes=-1, reminder_3_minutes=-1, reminder_1_type=0, reminder_2_type=0, reminder_3_type=0, repeat_limit=0, repetition_exceptions='[]', attendees='', import_id='', time_zone='UTC', flags=0, event_type=1, parent_id=0, last_updated=0, source='imported-ics', availability=0, color=0, type=0, id=-1) not found in the 'after' state.
Completed step 31.
W0814 20:53:43.490816 124305553613888 sqlite_validators.py:168] Expected row CalendarEvent(start_ts=1697486400, end_ts=1697488200, title='Call with the Team', location='', description='We will prepare for team roles.', repeat_interval=0, repeat_rule=0, reminder_1_minutes=-1, reminder_2_minutes=-1, reminder_3_minutes=-1, reminder_1_type=0, reminder_2_type=0, reminder_3_type=0, repeat_limit=0, repetition_exceptions='[]', attendees='', import_id='', time_zone='UTC', flags=0, event_type=1, parent_id=0, last_updated=0, source='imported-ics', availability=0, color=0, type=0, id=-1) not found in the 'after' state.
Completed step 32.
W0814 20:53:55.946573 124305553613888 sqlite_validators.py:168] Expected row CalendarEvent(start_ts=1697486400, end_ts=1697488200, title='Call with the Team', location='', description='We will prepare for team roles.', repeat_interval=0, repeat_rule=0, reminder_1_minutes=-1, reminder_2_minutes=-1, reminder_3_minutes=-1, reminder_1_type=0, reminder_2_type=0, reminder_3_type=0, repeat_limit=0, repetition_exceptions='[]', attendees='', import_id='', time_zone='UTC', flags=0, event_type=1, parent_id=0, last_updated=0, source='imported-ics', availability=0, color=0, type=0, id=-1) not found in the 'after' state.
Completed step 33.
W0814 20:54:08.264575 124305553613888 sqlite_validators.py:168] Expected row CalendarEvent(start_ts=1697486400, end_ts=1697488200, title='Call with the Team', location='', description='We will prepare for team roles.', repeat_interval=0, repeat_rule=0, reminder_1_minutes=-1, reminder_2_minutes=-1, reminder_3_minutes=-1, reminder_1_type=0, reminder_2_type=0, reminder_3_type=0, repeat_limit=0, repetition_exceptions='[]', attendees='', import_id='', time_zone='UTC', flags=0, event_type=1, parent_id=0, last_updated=0, source='imported-ics', availability=0, color=0, type=0, id=-1) not found in the 'after' state.
Completed step 34.
W0814 20:54:23.756157 124305553613888 sqlite_validators.py:168] Expected row CalendarEvent(start_ts=1697486400, end_ts=1697488200, title='Call with the Team', location='', description='We will prepare for team roles.', repeat_interval=0, repeat_rule=0, reminder_1_minutes=-1, reminder_2_minutes=-1, reminder_3_minutes=-1, reminder_1_type=0, reminder_2_type=0, reminder_3_type=0, repeat_limit=0, repetition_exceptions='[]', attendees='', import_id='', time_zone='UTC', flags=0, event_type=1, parent_id=0, last_updated=0, source='imported-ics', availability=0, color=0, type=0, id=-1) not found in the 'after' state.
Agent did not indicate task is done. Reached max number of steps.
W0814 20:54:24.240022 124305553613888 sqlite_validators.py:168] Expected row CalendarEvent(start_ts=1697486400, end_ts=1697488200, title='Call with the Team', location='', description='We will prepare for team roles.', repeat_interval=0, repeat_rule=0, reminder_1_minutes=-1, reminder_2_minutes=-1, reminder_3_minutes=-1, reminder_1_type=0, reminder_2_type=0, reminder_3_type=0, repeat_limit=0, repetition_exceptions='[]', attendees='', import_id='', time_zone='UTC', flags=0, event_type=1, parent_id=0, last_updated=0, source='imported-ics', availability=0, color=0, type=0, id=-1) not found in the 'after' state.
Task Failed ❌;  In Simple Calendar Pro, create a calendar event for tomorrow at 20h with the title 'Call with the Team' and the description 'We will prepare for team roles.'. The event should last for 30 mins.
W0814 20:54:24.549112 124305553613888 task_eval.py:125] Skipping app snapshot loading : Snapshot not found in /data/data/android_world/snapshots/com.simplemobiletools.calendar.pro.


                                       task_num  num_complete_trials  mean_success_rate  mean_episode_length  total_runtime_s  num_fail_trials
task                                                                                                                                          
AudioRecorderRecordAudio                      0                 5.00               0.60                 8.20           685.20              0.0
BrowserDraw                                   1                 5.00               0.00                20.00          1906.30              0.0
CameraTakePhoto                               2                 5.00               0.00                10.00           681.30              0.0
ClockStopWatchPausedVerify                    3                 5.00               0.40                 7.80           760.40              0.0
ClockStopWatchRunning                         4                 5.00               0.20                 4.80           403.60              0.0
ContactsAddContact                            5                 5.00               0.00                12.00          1111.50              0.0
ExpenseAddSingle                              6                 5.00               0.00                12.00          1643.50              0.0
FilesDeleteFile                               7                 5.00               0.00                22.00          2124.20              0.0
MarkorCreateFolder                            8                 5.00               0.00                10.00           875.70              0.0
NotesIsTodo                                   9                 5.00               0.00                 4.20           692.80              0.0
OpenAppTaskEval                              10                 5.00               1.00                 1.80           331.30              0.0
OsmAndFavorite                               11                 5.00               0.00                13.00          1603.50              0.0
RecipeDeleteSingleRecipe                     12                 5.00               0.20                 9.20           831.00              0.0
RecipeDeleteSingleWithRecipeWithNoise        13                 5.00               0.00                20.00          2166.20              0.0
RetroPlayingQueue                            14                 5.00               0.00                32.00          3761.20              0.0
SimpleCalendarAddOneEventTomorrow            15                 1.00               0.00                34.00           584.30              0.0
========= Average =========                   0                 4.75               0.15                13.81          1260.12              0.0


                         mean_success_rate       
difficulty                            easy medium
tags                                             
complex_ui_understanding                 -    0.0
data_edit                              0.1    0.0
data_entry                             0.0      -
game_playing                           0.0      -
information_retrieval                  0.0      -
parameterized                         0.12    0.0
requires_setup                         0.6      -
screen_reading                         0.0      -
search                                0.07    0.0
untagged                               0.1      -
verification                           0.4      -
W0814 20:54:32.144337 124305553613888 task_eval.py:125] Skipping app snapshot loading : Snapshot not found in /data/data/android_world/snapshots/com.simplemobiletools.calendar.pro.
Running task SimpleCalendarAddOneEventTomorrow with goal "In Simple Calendar Pro, create a calendar event for tomorrow at 3h with the title 'Review session for Campaign' and the description 'We will understand contract details. Please bring relevant documents.'. The event should last for 15 mins."
Completed step 1.
W0814 20:55:05.662427 124305553613888 sqlite_validators.py:168] Expected row CalendarEvent(start_ts=1697425200, end_ts=1697426100, title='Review session for Campaign', location='', description='We will understand contract details. Please bring relevant documents.', repeat_interval=0, repeat_rule=0, reminder_1_minutes=-1, reminder_2_minutes=-1, reminder_3_minutes=-1, reminder_1_type=0, reminder_2_type=0, reminder_3_type=0, repeat_limit=0, repetition_exceptions='[]', attendees='', import_id='', time_zone='UTC', flags=0, event_type=1, parent_id=0, last_updated=0, source='imported-ics', availability=0, color=0, type=0, id=-1) not found in the 'after' state.
Completed step 2.
W0814 20:55:25.828447 124305553613888 sqlite_validators.py:168] Expected row CalendarEvent(start_ts=1697425200, end_ts=1697426100, title='Review session for Campaign', location='', description='We will understand contract details. Please bring relevant documents.', repeat_interval=0, repeat_rule=0, reminder_1_minutes=-1, reminder_2_minutes=-1, reminder_3_minutes=-1, reminder_1_type=0, reminder_2_type=0, reminder_3_type=0, repeat_limit=0, repetition_exceptions='[]', attendees='', import_id='', time_zone='UTC', flags=0, event_type=1, parent_id=0, last_updated=0, source='imported-ics', availability=0, color=0, type=0, id=-1) not found in the 'after' state.
Completed step 3.
W0814 20:55:42.769531 124305553613888 sqlite_validators.py:168] Expected row CalendarEvent(start_ts=1697425200, end_ts=1697426100, title='Review session for Campaign', location='', description='We will understand contract details. Please bring relevant documents.', repeat_interval=0, repeat_rule=0, reminder_1_minutes=-1, reminder_2_minutes=-1, reminder_3_minutes=-1, reminder_1_type=0, reminder_2_type=0, reminder_3_type=0, repeat_limit=0, repetition_exceptions='[]', attendees='', import_id='', time_zone='UTC', flags=0, event_type=1, parent_id=0, last_updated=0, source='imported-ics', availability=0, color=0, type=0, id=-1) not found in the 'after' state.
Completed step 4.
W0814 20:56:03.014170 124305553613888 sqlite_validators.py:168] Expected row CalendarEvent(start_ts=1697425200, end_ts=1697426100, title='Review session for Campaign', location='', description='We will understand contract details. Please bring relevant documents.', repeat_interval=0, repeat_rule=0, reminder_1_minutes=-1, reminder_2_minutes=-1, reminder_3_minutes=-1, reminder_1_type=0, reminder_2_type=0, reminder_3_type=0, repeat_limit=0, repetition_exceptions='[]', attendees='', import_id='', time_zone='UTC', flags=0, event_type=1, parent_id=0, last_updated=0, source='imported-ics', availability=0, color=0, type=0, id=-1) not found in the 'after' state.
Completed step 5.
W0814 20:56:20.064495 124305553613888 sqlite_validators.py:168] Expected row CalendarEvent(start_ts=1697425200, end_ts=1697426100, title='Review session for Campaign', location='', description='We will understand contract details. Please bring relevant documents.', repeat_interval=0, repeat_rule=0, reminder_1_minutes=-1, reminder_2_minutes=-1, reminder_3_minutes=-1, reminder_1_type=0, reminder_2_type=0, reminder_3_type=0, repeat_limit=0, repetition_exceptions='[]', attendees='', import_id='', time_zone='UTC', flags=0, event_type=1, parent_id=0, last_updated=0, source='imported-ics', availability=0, color=0, type=0, id=-1) not found in the 'after' state.
Completed step 6.
W0814 20:56:40.048654 124305553613888 sqlite_validators.py:168] Expected row CalendarEvent(start_ts=1697425200, end_ts=1697426100, title='Review session for Campaign', location='', description='We will understand contract details. Please bring relevant documents.', repeat_interval=0, repeat_rule=0, reminder_1_minutes=-1, reminder_2_minutes=-1, reminder_3_minutes=-1, reminder_1_type=0, reminder_2_type=0, reminder_3_type=0, repeat_limit=0, repetition_exceptions='[]', attendees='', import_id='', time_zone='UTC', flags=0, event_type=1, parent_id=0, last_updated=0, source='imported-ics', availability=0, color=0, type=0, id=-1) not found in the 'after' state.
Completed step 7.
W0814 20:56:57.968516 124305553613888 sqlite_validators.py:168] Expected row CalendarEvent(start_ts=1697425200, end_ts=1697426100, title='Review session for Campaign', location='', description='We will understand contract details. Please bring relevant documents.', repeat_interval=0, repeat_rule=0, reminder_1_minutes=-1, reminder_2_minutes=-1, reminder_3_minutes=-1, reminder_1_type=0, reminder_2_type=0, reminder_3_type=0, repeat_limit=0, repetition_exceptions='[]', attendees='', import_id='', time_zone='UTC', flags=0, event_type=1, parent_id=0, last_updated=0, source='imported-ics', availability=0, color=0, type=0, id=-1) not found in the 'after' state.
Completed step 8.
W0814 20:57:18.140157 124305553613888 sqlite_validators.py:168] Expected row CalendarEvent(start_ts=1697425200, end_ts=1697426100, title='Review session for Campaign', location='', description='We will understand contract details. Please bring relevant documents.', repeat_interval=0, repeat_rule=0, reminder_1_minutes=-1, reminder_2_minutes=-1, reminder_3_minutes=-1, reminder_1_type=0, reminder_2_type=0, reminder_3_type=0, repeat_limit=0, repetition_exceptions='[]', attendees='', import_id='', time_zone='UTC', flags=0, event_type=1, parent_id=0, last_updated=0, source='imported-ics', availability=0, color=0, type=0, id=-1) not found in the 'after' state.
Completed step 9.
W0814 20:57:36.167745 124305553613888 sqlite_validators.py:168] Expected row CalendarEvent(start_ts=1697425200, end_ts=1697426100, title='Review session for Campaign', location='', description='We will understand contract details. Please bring relevant documents.', repeat_interval=0, repeat_rule=0, reminder_1_minutes=-1, reminder_2_minutes=-1, reminder_3_minutes=-1, reminder_1_type=0, reminder_2_type=0, reminder_3_type=0, repeat_limit=0, repetition_exceptions='[]', attendees='', import_id='', time_zone='UTC', flags=0, event_type=1, parent_id=0, last_updated=0, source='imported-ics', availability=0, color=0, type=0, id=-1) not found in the 'after' state.
Completed step 10.
W0814 20:57:56.562816 124305553613888 sqlite_validators.py:168] Expected row CalendarEvent(start_ts=1697425200, end_ts=1697426100, title='Review session for Campaign', location='', description='We will understand contract details. Please bring relevant documents.', repeat_interval=0, repeat_rule=0, reminder_1_minutes=-1, reminder_2_minutes=-1, reminder_3_minutes=-1, reminder_1_type=0, reminder_2_type=0, reminder_3_type=0, repeat_limit=0, repetition_exceptions='[]', attendees='', import_id='', time_zone='UTC', flags=0, event_type=1, parent_id=0, last_updated=0, source='imported-ics', availability=0, color=0, type=0, id=-1) not found in the 'after' state.
Completed step 11.
W0814 20:58:13.828314 124305553613888 sqlite_validators.py:168] Expected row CalendarEvent(start_ts=1697425200, end_ts=1697426100, title='Review session for Campaign', location='', description='We will understand contract details. Please bring relevant documents.', repeat_interval=0, repeat_rule=0, reminder_1_minutes=-1, reminder_2_minutes=-1, reminder_3_minutes=-1, reminder_1_type=0, reminder_2_type=0, reminder_3_type=0, repeat_limit=0, repetition_exceptions='[]', attendees='', import_id='', time_zone='UTC', flags=0, event_type=1, parent_id=0, last_updated=0, source='imported-ics', availability=0, color=0, type=0, id=-1) not found in the 'after' state.
Completed step 12.
W0814 20:58:35.024050 124305553613888 sqlite_validators.py:168] Expected row CalendarEvent(start_ts=1697425200, end_ts=1697426100, title='Review session for Campaign', location='', description='We will understand contract details. Please bring relevant documents.', repeat_interval=0, repeat_rule=0, reminder_1_minutes=-1, reminder_2_minutes=-1, reminder_3_minutes=-1, reminder_1_type=0, reminder_2_type=0, reminder_3_type=0, repeat_limit=0, repetition_exceptions='[]', attendees='', import_id='', time_zone='UTC', flags=0, event_type=1, parent_id=0, last_updated=0, source='imported-ics', availability=0, color=0, type=0, id=-1) not found in the 'after' state.
Completed step 13.
W0814 20:58:55.258576 124305553613888 sqlite_validators.py:168] Expected row CalendarEvent(start_ts=1697425200, end_ts=1697426100, title='Review session for Campaign', location='', description='We will understand contract details. Please bring relevant documents.', repeat_interval=0, repeat_rule=0, reminder_1_minutes=-1, reminder_2_minutes=-1, reminder_3_minutes=-1, reminder_1_type=0, reminder_2_type=0, reminder_3_type=0, repeat_limit=0, repetition_exceptions='[]', attendees='', import_id='', time_zone='UTC', flags=0, event_type=1, parent_id=0, last_updated=0, source='imported-ics', availability=0, color=0, type=0, id=-1) not found in the 'after' state.
Completed step 14.
W0814 20:59:12.687166 124305553613888 sqlite_validators.py:168] Expected row CalendarEvent(start_ts=1697425200, end_ts=1697426100, title='Review session for Campaign', location='', description='We will understand contract details. Please bring relevant documents.', repeat_interval=0, repeat_rule=0, reminder_1_minutes=-1, reminder_2_minutes=-1, reminder_3_minutes=-1, reminder_1_type=0, reminder_2_type=0, reminder_3_type=0, repeat_limit=0, repetition_exceptions='[]', attendees='', import_id='', time_zone='UTC', flags=0, event_type=1, parent_id=0, last_updated=0, source='imported-ics', availability=0, color=0, type=0, id=-1) not found in the 'after' state.
Completed step 15.
W0814 20:59:32.767236 124305553613888 sqlite_validators.py:168] Expected row CalendarEvent(start_ts=1697425200, end_ts=1697426100, title='Review session for Campaign', location='', description='We will understand contract details. Please bring relevant documents.', repeat_interval=0, repeat_rule=0, reminder_1_minutes=-1, reminder_2_minutes=-1, reminder_3_minutes=-1, reminder_1_type=0, reminder_2_type=0, reminder_3_type=0, repeat_limit=0, repetition_exceptions='[]', attendees='', import_id='', time_zone='UTC', flags=0, event_type=1, parent_id=0, last_updated=0, source='imported-ics', availability=0, color=0, type=0, id=-1) not found in the 'after' state.
Completed step 16.
W0814 20:59:50.118877 124305553613888 sqlite_validators.py:168] Expected row CalendarEvent(start_ts=1697425200, end_ts=1697426100, title='Review session for Campaign', location='', description='We will understand contract details. Please bring relevant documents.', repeat_interval=0, repeat_rule=0, reminder_1_minutes=-1, reminder_2_minutes=-1, reminder_3_minutes=-1, reminder_1_type=0, reminder_2_type=0, reminder_3_type=0, repeat_limit=0, repetition_exceptions='[]', attendees='', import_id='', time_zone='UTC', flags=0, event_type=1, parent_id=0, last_updated=0, source='imported-ics', availability=0, color=0, type=0, id=-1) not found in the 'after' state.
Completed step 17.
W0814 21:00:10.152933 124305553613888 sqlite_validators.py:168] Expected row CalendarEvent(start_ts=1697425200, end_ts=1697426100, title='Review session for Campaign', location='', description='We will understand contract details. Please bring relevant documents.', repeat_interval=0, repeat_rule=0, reminder_1_minutes=-1, reminder_2_minutes=-1, reminder_3_minutes=-1, reminder_1_type=0, reminder_2_type=0, reminder_3_type=0, repeat_limit=0, repetition_exceptions='[]', attendees='', import_id='', time_zone='UTC', flags=0, event_type=1, parent_id=0, last_updated=0, source='imported-ics', availability=0, color=0, type=0, id=-1) not found in the 'after' state.
Completed step 18.
W0814 21:00:27.257743 124305553613888 sqlite_validators.py:168] Expected row CalendarEvent(start_ts=1697425200, end_ts=1697426100, title='Review session for Campaign', location='', description='We will understand contract details. Please bring relevant documents.', repeat_interval=0, repeat_rule=0, reminder_1_minutes=-1, reminder_2_minutes=-1, reminder_3_minutes=-1, reminder_1_type=0, reminder_2_type=0, reminder_3_type=0, repeat_limit=0, repetition_exceptions='[]', attendees='', import_id='', time_zone='UTC', flags=0, event_type=1, parent_id=0, last_updated=0, source='imported-ics', availability=0, color=0, type=0, id=-1) not found in the 'after' state.
Completed step 19.
W0814 21:00:47.658147 124305553613888 sqlite_validators.py:168] Expected row CalendarEvent(start_ts=1697425200, end_ts=1697426100, title='Review session for Campaign', location='', description='We will understand contract details. Please bring relevant documents.', repeat_interval=0, repeat_rule=0, reminder_1_minutes=-1, reminder_2_minutes=-1, reminder_3_minutes=-1, reminder_1_type=0, reminder_2_type=0, reminder_3_type=0, repeat_limit=0, repetition_exceptions='[]', attendees='', import_id='', time_zone='UTC', flags=0, event_type=1, parent_id=0, last_updated=0, source='imported-ics', availability=0, color=0, type=0, id=-1) not found in the 'after' state.
Completed step 20.
W0814 21:01:05.511189 124305553613888 sqlite_validators.py:168] Expected row CalendarEvent(start_ts=1697425200, end_ts=1697426100, title='Review session for Campaign', location='', description='We will understand contract details. Please bring relevant documents.', repeat_interval=0, repeat_rule=0, reminder_1_minutes=-1, reminder_2_minutes=-1, reminder_3_minutes=-1, reminder_1_type=0, reminder_2_type=0, reminder_3_type=0, repeat_limit=0, repetition_exceptions='[]', attendees='', import_id='', time_zone='UTC', flags=0, event_type=1, parent_id=0, last_updated=0, source='imported-ics', availability=0, color=0, type=0, id=-1) not found in the 'after' state.
Completed step 21.
W0814 21:01:25.594661 124305553613888 sqlite_validators.py:168] Expected row CalendarEvent(start_ts=1697425200, end_ts=1697426100, title='Review session for Campaign', location='', description='We will understand contract details. Please bring relevant documents.', repeat_interval=0, repeat_rule=0, reminder_1_minutes=-1, reminder_2_minutes=-1, reminder_3_minutes=-1, reminder_1_type=0, reminder_2_type=0, reminder_3_type=0, repeat_limit=0, repetition_exceptions='[]', attendees='', import_id='', time_zone='UTC', flags=0, event_type=1, parent_id=0, last_updated=0, source='imported-ics', availability=0, color=0, type=0, id=-1) not found in the 'after' state.
Completed step 22.
W0814 21:01:42.594521 124305553613888 sqlite_validators.py:168] Expected row CalendarEvent(start_ts=1697425200, end_ts=1697426100, title='Review session for Campaign', location='', description='We will understand contract details. Please bring relevant documents.', repeat_interval=0, repeat_rule=0, reminder_1_minutes=-1, reminder_2_minutes=-1, reminder_3_minutes=-1, reminder_1_type=0, reminder_2_type=0, reminder_3_type=0, repeat_limit=0, repetition_exceptions='[]', attendees='', import_id='', time_zone='UTC', flags=0, event_type=1, parent_id=0, last_updated=0, source='imported-ics', availability=0, color=0, type=0, id=-1) not found in the 'after' state.
Completed step 23.
W0814 21:02:02.734140 124305553613888 sqlite_validators.py:168] Expected row CalendarEvent(start_ts=1697425200, end_ts=1697426100, title='Review session for Campaign', location='', description='We will understand contract details. Please bring relevant documents.', repeat_interval=0, repeat_rule=0, reminder_1_minutes=-1, reminder_2_minutes=-1, reminder_3_minutes=-1, reminder_1_type=0, reminder_2_type=0, reminder_3_type=0, repeat_limit=0, repetition_exceptions='[]', attendees='', import_id='', time_zone='UTC', flags=0, event_type=1, parent_id=0, last_updated=0, source='imported-ics', availability=0, color=0, type=0, id=-1) not found in the 'after' state.
Completed step 24.
W0814 21:02:19.953311 124305553613888 sqlite_validators.py:168] Expected row CalendarEvent(start_ts=1697425200, end_ts=1697426100, title='Review session for Campaign', location='', description='We will understand contract details. Please bring relevant documents.', repeat_interval=0, repeat_rule=0, reminder_1_minutes=-1, reminder_2_minutes=-1, reminder_3_minutes=-1, reminder_1_type=0, reminder_2_type=0, reminder_3_type=0, repeat_limit=0, repetition_exceptions='[]', attendees='', import_id='', time_zone='UTC', flags=0, event_type=1, parent_id=0, last_updated=0, source='imported-ics', availability=0, color=0, type=0, id=-1) not found in the 'after' state.
Completed step 25.
W0814 21:02:40.118451 124305553613888 sqlite_validators.py:168] Expected row CalendarEvent(start_ts=1697425200, end_ts=1697426100, title='Review session for Campaign', location='', description='We will understand contract details. Please bring relevant documents.', repeat_interval=0, repeat_rule=0, reminder_1_minutes=-1, reminder_2_minutes=-1, reminder_3_minutes=-1, reminder_1_type=0, reminder_2_type=0, reminder_3_type=0, repeat_limit=0, repetition_exceptions='[]', attendees='', import_id='', time_zone='UTC', flags=0, event_type=1, parent_id=0, last_updated=0, source='imported-ics', availability=0, color=0, type=0, id=-1) not found in the 'after' state.
Completed step 26.
W0814 21:02:57.518222 124305553613888 sqlite_validators.py:168] Expected row CalendarEvent(start_ts=1697425200, end_ts=1697426100, title='Review session for Campaign', location='', description='We will understand contract details. Please bring relevant documents.', repeat_interval=0, repeat_rule=0, reminder_1_minutes=-1, reminder_2_minutes=-1, reminder_3_minutes=-1, reminder_1_type=0, reminder_2_type=0, reminder_3_type=0, repeat_limit=0, repetition_exceptions='[]', attendees='', import_id='', time_zone='UTC', flags=0, event_type=1, parent_id=0, last_updated=0, source='imported-ics', availability=0, color=0, type=0, id=-1) not found in the 'after' state.
Completed step 27.
W0814 21:03:17.388375 124305553613888 sqlite_validators.py:168] Expected row CalendarEvent(start_ts=1697425200, end_ts=1697426100, title='Review session for Campaign', location='', description='We will understand contract details. Please bring relevant documents.', repeat_interval=0, repeat_rule=0, reminder_1_minutes=-1, reminder_2_minutes=-1, reminder_3_minutes=-1, reminder_1_type=0, reminder_2_type=0, reminder_3_type=0, repeat_limit=0, repetition_exceptions='[]', attendees='', import_id='', time_zone='UTC', flags=0, event_type=1, parent_id=0, last_updated=0, source='imported-ics', availability=0, color=0, type=0, id=-1) not found in the 'after' state.
Completed step 28.
W0814 21:03:37.318244 124305553613888 sqlite_validators.py:168] Expected row CalendarEvent(start_ts=1697425200, end_ts=1697426100, title='Review session for Campaign', location='', description='We will understand contract details. Please bring relevant documents.', repeat_interval=0, repeat_rule=0, reminder_1_minutes=-1, reminder_2_minutes=-1, reminder_3_minutes=-1, reminder_1_type=0, reminder_2_type=0, reminder_3_type=0, repeat_limit=0, repetition_exceptions='[]', attendees='', import_id='', time_zone='UTC', flags=0, event_type=1, parent_id=0, last_updated=0, source='imported-ics', availability=0, color=0, type=0, id=-1) not found in the 'after' state.
Completed step 29.
W0814 21:03:54.583336 124305553613888 sqlite_validators.py:168] Expected row CalendarEvent(start_ts=1697425200, end_ts=1697426100, title='Review session for Campaign', location='', description='We will understand contract details. Please bring relevant documents.', repeat_interval=0, repeat_rule=0, reminder_1_minutes=-1, reminder_2_minutes=-1, reminder_3_minutes=-1, reminder_1_type=0, reminder_2_type=0, reminder_3_type=0, repeat_limit=0, repetition_exceptions='[]', attendees='', import_id='', time_zone='UTC', flags=0, event_type=1, parent_id=0, last_updated=0, source='imported-ics', availability=0, color=0, type=0, id=-1) not found in the 'after' state.
Completed step 30.
W0814 21:04:14.775816 124305553613888 sqlite_validators.py:168] Expected row CalendarEvent(start_ts=1697425200, end_ts=1697426100, title='Review session for Campaign', location='', description='We will understand contract details. Please bring relevant documents.', repeat_interval=0, repeat_rule=0, reminder_1_minutes=-1, reminder_2_minutes=-1, reminder_3_minutes=-1, reminder_1_type=0, reminder_2_type=0, reminder_3_type=0, repeat_limit=0, repetition_exceptions='[]', attendees='', import_id='', time_zone='UTC', flags=0, event_type=1, parent_id=0, last_updated=0, source='imported-ics', availability=0, color=0, type=0, id=-1) not found in the 'after' state.
Completed step 31.
W0814 21:04:32.016323 124305553613888 sqlite_validators.py:168] Expected row CalendarEvent(start_ts=1697425200, end_ts=1697426100, title='Review session for Campaign', location='', description='We will understand contract details. Please bring relevant documents.', repeat_interval=0, repeat_rule=0, reminder_1_minutes=-1, reminder_2_minutes=-1, reminder_3_minutes=-1, reminder_1_type=0, reminder_2_type=0, reminder_3_type=0, repeat_limit=0, repetition_exceptions='[]', attendees='', import_id='', time_zone='UTC', flags=0, event_type=1, parent_id=0, last_updated=0, source='imported-ics', availability=0, color=0, type=0, id=-1) not found in the 'after' state.
Completed step 32.
W0814 21:04:52.136299 124305553613888 sqlite_validators.py:168] Expected row CalendarEvent(start_ts=1697425200, end_ts=1697426100, title='Review session for Campaign', location='', description='We will understand contract details. Please bring relevant documents.', repeat_interval=0, repeat_rule=0, reminder_1_minutes=-1, reminder_2_minutes=-1, reminder_3_minutes=-1, reminder_1_type=0, reminder_2_type=0, reminder_3_type=0, repeat_limit=0, repetition_exceptions='[]', attendees='', import_id='', time_zone='UTC', flags=0, event_type=1, parent_id=0, last_updated=0, source='imported-ics', availability=0, color=0, type=0, id=-1) not found in the 'after' state.
Completed step 33.
W0814 21:05:09.319359 124305553613888 sqlite_validators.py:168] Expected row CalendarEvent(start_ts=1697425200, end_ts=1697426100, title='Review session for Campaign', location='', description='We will understand contract details. Please bring relevant documents.', repeat_interval=0, repeat_rule=0, reminder_1_minutes=-1, reminder_2_minutes=-1, reminder_3_minutes=-1, reminder_1_type=0, reminder_2_type=0, reminder_3_type=0, repeat_limit=0, repetition_exceptions='[]', attendees='', import_id='', time_zone='UTC', flags=0, event_type=1, parent_id=0, last_updated=0, source='imported-ics', availability=0, color=0, type=0, id=-1) not found in the 'after' state.
Completed step 34.
W0814 21:05:29.279323 124305553613888 sqlite_validators.py:168] Expected row CalendarEvent(start_ts=1697425200, end_ts=1697426100, title='Review session for Campaign', location='', description='We will understand contract details. Please bring relevant documents.', repeat_interval=0, repeat_rule=0, reminder_1_minutes=-1, reminder_2_minutes=-1, reminder_3_minutes=-1, reminder_1_type=0, reminder_2_type=0, reminder_3_type=0, repeat_limit=0, repetition_exceptions='[]', attendees='', import_id='', time_zone='UTC', flags=0, event_type=1, parent_id=0, last_updated=0, source='imported-ics', availability=0, color=0, type=0, id=-1) not found in the 'after' state.
Agent did not indicate task is done. Reached max number of steps.
W0814 21:05:29.618704 124305553613888 sqlite_validators.py:168] Expected row CalendarEvent(start_ts=1697425200, end_ts=1697426100, title='Review session for Campaign', location='', description='We will understand contract details. Please bring relevant documents.', repeat_interval=0, repeat_rule=0, reminder_1_minutes=-1, reminder_2_minutes=-1, reminder_3_minutes=-1, reminder_1_type=0, reminder_2_type=0, reminder_3_type=0, repeat_limit=0, repetition_exceptions='[]', attendees='', import_id='', time_zone='UTC', flags=0, event_type=1, parent_id=0, last_updated=0, source='imported-ics', availability=0, color=0, type=0, id=-1) not found in the 'after' state.
Task Failed ❌;  In Simple Calendar Pro, create a calendar event for tomorrow at 3h with the title 'Review session for Campaign' and the description 'We will understand contract details. Please bring relevant documents.'. The event should last for 15 mins.
W0814 21:05:29.770956 124305553613888 task_eval.py:125] Skipping app snapshot loading : Snapshot not found in /data/data/android_world/snapshots/com.simplemobiletools.calendar.pro.


                                       task_num  num_complete_trials  mean_success_rate  mean_episode_length  total_runtime_s  num_fail_trials
task                                                                                                                                          
AudioRecorderRecordAudio                      0                 5.00               0.60                 8.20           685.20              0.0
BrowserDraw                                   1                 5.00               0.00                20.00          1906.30              0.0
CameraTakePhoto                               2                 5.00               0.00                10.00           681.30              0.0
ClockStopWatchPausedVerify                    3                 5.00               0.40                 7.80           760.40              0.0
ClockStopWatchRunning                         4                 5.00               0.20                 4.80           403.60              0.0
ContactsAddContact                            5                 5.00               0.00                12.00          1111.50              0.0
ExpenseAddSingle                              6                 5.00               0.00                12.00          1643.50              0.0
FilesDeleteFile                               7                 5.00               0.00                22.00          2124.20              0.0
MarkorCreateFolder                            8                 5.00               0.00                10.00           875.70              0.0
NotesIsTodo                                   9                 5.00               0.00                 4.20           692.80              0.0
OpenAppTaskEval                              10                 5.00               1.00                 1.80           331.30              0.0
OsmAndFavorite                               11                 5.00               0.00                13.00          1603.50              0.0
RecipeDeleteSingleRecipe                     12                 5.00               0.20                 9.20           831.00              0.0
RecipeDeleteSingleWithRecipeWithNoise        13                 5.00               0.00                20.00          2166.20              0.0
RetroPlayingQueue                            14                 5.00               0.00                32.00          3761.20              0.0
SimpleCalendarAddOneEventTomorrow            15                 2.00               0.00                34.00          1244.10              0.0
========= Average =========                   0                 4.81               0.15                13.81          1301.36              0.0


                         mean_success_rate       
difficulty                            easy medium
tags                                             
complex_ui_understanding                 -    0.0
data_edit                              0.1    0.0
data_entry                             0.0      -
game_playing                           0.0      -
information_retrieval                  0.0      -
parameterized                         0.12    0.0
requires_setup                         0.6      -
screen_reading                         0.0      -
search                                0.07    0.0
untagged                               0.1      -
verification                           0.4      -
W0814 21:05:36.802135 124305553613888 task_eval.py:125] Skipping app snapshot loading : Snapshot not found in /data/data/android_world/snapshots/com.simplemobiletools.calendar.pro.
Running task SimpleCalendarAddOneEventTomorrow with goal "In Simple Calendar Pro, create a calendar event for tomorrow at 0h with the title 'Review session for Annual Report' and the description 'We will understand business objectives. Remember to confirm attendance.'. The event should last for 30 mins."
W0814 21:05:40.307846 124305553613888 android_world_controller.py:98] Could not get a11y tree, retrying.
Completed step 1.
W0814 21:06:16.309139 124305553613888 sqlite_validators.py:168] Expected row CalendarEvent(start_ts=1697414400, end_ts=1697416200, title='Review session for Annual Report', location='', description='We will understand business objectives. Remember to confirm attendance.', repeat_interval=0, repeat_rule=0, reminder_1_minutes=-1, reminder_2_minutes=-1, reminder_3_minutes=-1, reminder_1_type=0, reminder_2_type=0, reminder_3_type=0, repeat_limit=0, repetition_exceptions='[]', attendees='', import_id='', time_zone='UTC', flags=0, event_type=1, parent_id=0, last_updated=0, source='imported-ics', availability=0, color=0, type=0, id=-1) not found in the 'after' state.
Completed step 2.
W0814 21:07:00.463673 124305553613888 sqlite_validators.py:168] Expected row CalendarEvent(start_ts=1697414400, end_ts=1697416200, title='Review session for Annual Report', location='', description='We will understand business objectives. Remember to confirm attendance.', repeat_interval=0, repeat_rule=0, reminder_1_minutes=-1, reminder_2_minutes=-1, reminder_3_minutes=-1, reminder_1_type=0, reminder_2_type=0, reminder_3_type=0, repeat_limit=0, repetition_exceptions='[]', attendees='', import_id='', time_zone='UTC', flags=0, event_type=1, parent_id=0, last_updated=0, source='imported-ics', availability=0, color=0, type=0, id=-1) not found in the 'after' state.
Completed step 3.
W0814 21:07:49.621357 124305553613888 sqlite_validators.py:168] Expected row CalendarEvent(start_ts=1697414400, end_ts=1697416200, title='Review session for Annual Report', location='', description='We will understand business objectives. Remember to confirm attendance.', repeat_interval=0, repeat_rule=0, reminder_1_minutes=-1, reminder_2_minutes=-1, reminder_3_minutes=-1, reminder_1_type=0, reminder_2_type=0, reminder_3_type=0, repeat_limit=0, repetition_exceptions='[]', attendees='', import_id='', time_zone='UTC', flags=0, event_type=1, parent_id=0, last_updated=0, source='imported-ics', availability=0, color=0, type=0, id=-1) not found in the 'after' state.
Completed step 4.
W0814 21:08:35.338186 124305553613888 sqlite_validators.py:168] Expected row CalendarEvent(start_ts=1697414400, end_ts=1697416200, title='Review session for Annual Report', location='', description='We will understand business objectives. Remember to confirm attendance.', repeat_interval=0, repeat_rule=0, reminder_1_minutes=-1, reminder_2_minutes=-1, reminder_3_minutes=-1, reminder_1_type=0, reminder_2_type=0, reminder_3_type=0, repeat_limit=0, repetition_exceptions='[]', attendees='', import_id='', time_zone='UTC', flags=0, event_type=1, parent_id=0, last_updated=0, source='imported-ics', availability=0, color=0, type=0, id=-1) not found in the 'after' state.
Completed step 5.
W0814 21:09:20.699233 124305553613888 sqlite_validators.py:168] Expected row CalendarEvent(start_ts=1697414400, end_ts=1697416200, title='Review session for Annual Report', location='', description='We will understand business objectives. Remember to confirm attendance.', repeat_interval=0, repeat_rule=0, reminder_1_minutes=-1, reminder_2_minutes=-1, reminder_3_minutes=-1, reminder_1_type=0, reminder_2_type=0, reminder_3_type=0, repeat_limit=0, repetition_exceptions='[]', attendees='', import_id='', time_zone='UTC', flags=0, event_type=1, parent_id=0, last_updated=0, source='imported-ics', availability=0, color=0, type=0, id=-1) not found in the 'after' state.
Completed step 6.
W0814 21:10:09.045983 124305553613888 sqlite_validators.py:168] Expected row CalendarEvent(start_ts=1697414400, end_ts=1697416200, title='Review session for Annual Report', location='', description='We will understand business objectives. Remember to confirm attendance.', repeat_interval=0, repeat_rule=0, reminder_1_minutes=-1, reminder_2_minutes=-1, reminder_3_minutes=-1, reminder_1_type=0, reminder_2_type=0, reminder_3_type=0, repeat_limit=0, repetition_exceptions='[]', attendees='', import_id='', time_zone='UTC', flags=0, event_type=1, parent_id=0, last_updated=0, source='imported-ics', availability=0, color=0, type=0, id=-1) not found in the 'after' state.
Completed step 7.
W0814 21:10:55.353709 124305553613888 sqlite_validators.py:168] Expected row CalendarEvent(start_ts=1697414400, end_ts=1697416200, title='Review session for Annual Report', location='', description='We will understand business objectives. Remember to confirm attendance.', repeat_interval=0, repeat_rule=0, reminder_1_minutes=-1, reminder_2_minutes=-1, reminder_3_minutes=-1, reminder_1_type=0, reminder_2_type=0, reminder_3_type=0, repeat_limit=0, repetition_exceptions='[]', attendees='', import_id='', time_zone='UTC', flags=0, event_type=1, parent_id=0, last_updated=0, source='imported-ics', availability=0, color=0, type=0, id=-1) not found in the 'after' state.
Completed step 8.
W0814 21:11:41.119351 124305553613888 sqlite_validators.py:168] Expected row CalendarEvent(start_ts=1697414400, end_ts=1697416200, title='Review session for Annual Report', location='', description='We will understand business objectives. Remember to confirm attendance.', repeat_interval=0, repeat_rule=0, reminder_1_minutes=-1, reminder_2_minutes=-1, reminder_3_minutes=-1, reminder_1_type=0, reminder_2_type=0, reminder_3_type=0, repeat_limit=0, repetition_exceptions='[]', attendees='', import_id='', time_zone='UTC', flags=0, event_type=1, parent_id=0, last_updated=0, source='imported-ics', availability=0, color=0, type=0, id=-1) not found in the 'after' state.
Completed step 9.
W0814 21:12:29.340474 124305553613888 sqlite_validators.py:168] Expected row CalendarEvent(start_ts=1697414400, end_ts=1697416200, title='Review session for Annual Report', location='', description='We will understand business objectives. Remember to confirm attendance.', repeat_interval=0, repeat_rule=0, reminder_1_minutes=-1, reminder_2_minutes=-1, reminder_3_minutes=-1, reminder_1_type=0, reminder_2_type=0, reminder_3_type=0, repeat_limit=0, repetition_exceptions='[]', attendees='', import_id='', time_zone='UTC', flags=0, event_type=1, parent_id=0, last_updated=0, source='imported-ics', availability=0, color=0, type=0, id=-1) not found in the 'after' state.
Completed step 10.
W0814 21:12:53.132779 124305553613888 sqlite_validators.py:168] Expected row CalendarEvent(start_ts=1697414400, end_ts=1697416200, title='Review session for Annual Report', location='', description='We will understand business objectives. Remember to confirm attendance.', repeat_interval=0, repeat_rule=0, reminder_1_minutes=-1, reminder_2_minutes=-1, reminder_3_minutes=-1, reminder_1_type=0, reminder_2_type=0, reminder_3_type=0, repeat_limit=0, repetition_exceptions='[]', attendees='', import_id='', time_zone='UTC', flags=0, event_type=1, parent_id=0, last_updated=0, source='imported-ics', availability=0, color=0, type=0, id=-1) not found in the 'after' state.
Completed step 11.
W0814 21:13:41.349525 124305553613888 sqlite_validators.py:168] Expected row CalendarEvent(start_ts=1697414400, end_ts=1697416200, title='Review session for Annual Report', location='', description='We will understand business objectives. Remember to confirm attendance.', repeat_interval=0, repeat_rule=0, reminder_1_minutes=-1, reminder_2_minutes=-1, reminder_3_minutes=-1, reminder_1_type=0, reminder_2_type=0, reminder_3_type=0, repeat_limit=0, repetition_exceptions='[]', attendees='', import_id='', time_zone='UTC', flags=0, event_type=1, parent_id=0, last_updated=0, source='imported-ics', availability=0, color=0, type=0, id=-1) not found in the 'after' state.
Completed step 12.
W0814 21:14:26.869072 124305553613888 sqlite_validators.py:168] Expected row CalendarEvent(start_ts=1697414400, end_ts=1697416200, title='Review session for Annual Report', location='', description='We will understand business objectives. Remember to confirm attendance.', repeat_interval=0, repeat_rule=0, reminder_1_minutes=-1, reminder_2_minutes=-1, reminder_3_minutes=-1, reminder_1_type=0, reminder_2_type=0, reminder_3_type=0, repeat_limit=0, repetition_exceptions='[]', attendees='', import_id='', time_zone='UTC', flags=0, event_type=1, parent_id=0, last_updated=0, source='imported-ics', availability=0, color=0, type=0, id=-1) not found in the 'after' state.
Completed step 13.
W0814 21:15:12.291041 124305553613888 sqlite_validators.py:168] Expected row CalendarEvent(start_ts=1697414400, end_ts=1697416200, title='Review session for Annual Report', location='', description='We will understand business objectives. Remember to confirm attendance.', repeat_interval=0, repeat_rule=0, reminder_1_minutes=-1, reminder_2_minutes=-1, reminder_3_minutes=-1, reminder_1_type=0, reminder_2_type=0, reminder_3_type=0, repeat_limit=0, repetition_exceptions='[]', attendees='', import_id='', time_zone='UTC', flags=0, event_type=1, parent_id=0, last_updated=0, source='imported-ics', availability=0, color=0, type=0, id=-1) not found in the 'after' state.
Completed step 14.
W0814 21:16:01.909326 124305553613888 sqlite_validators.py:168] Expected row CalendarEvent(start_ts=1697414400, end_ts=1697416200, title='Review session for Annual Report', location='', description='We will understand business objectives. Remember to confirm attendance.', repeat_interval=0, repeat_rule=0, reminder_1_minutes=-1, reminder_2_minutes=-1, reminder_3_minutes=-1, reminder_1_type=0, reminder_2_type=0, reminder_3_type=0, repeat_limit=0, repetition_exceptions='[]', attendees='', import_id='', time_zone='UTC', flags=0, event_type=1, parent_id=0, last_updated=0, source='imported-ics', availability=0, color=0, type=0, id=-1) not found in the 'after' state.
Completed step 15.
W0814 21:16:49.807915 124305553613888 sqlite_validators.py:168] Expected row CalendarEvent(start_ts=1697414400, end_ts=1697416200, title='Review session for Annual Report', location='', description='We will understand business objectives. Remember to confirm attendance.', repeat_interval=0, repeat_rule=0, reminder_1_minutes=-1, reminder_2_minutes=-1, reminder_3_minutes=-1, reminder_1_type=0, reminder_2_type=0, reminder_3_type=0, repeat_limit=0, repetition_exceptions='[]', attendees='', import_id='', time_zone='UTC', flags=0, event_type=1, parent_id=0, last_updated=0, source='imported-ics', availability=0, color=0, type=0, id=-1) not found in the 'after' state.
Completed step 16.
W0814 21:17:37.513872 124305553613888 sqlite_validators.py:168] Expected row CalendarEvent(start_ts=1697414400, end_ts=1697416200, title='Review session for Annual Report', location='', description='We will understand business objectives. Remember to confirm attendance.', repeat_interval=0, repeat_rule=0, reminder_1_minutes=-1, reminder_2_minutes=-1, reminder_3_minutes=-1, reminder_1_type=0, reminder_2_type=0, reminder_3_type=0, repeat_limit=0, repetition_exceptions='[]', attendees='', import_id='', time_zone='UTC', flags=0, event_type=1, parent_id=0, last_updated=0, source='imported-ics', availability=0, color=0, type=0, id=-1) not found in the 'after' state.
Completed step 17.
W0814 21:18:26.134679 124305553613888 sqlite_validators.py:168] Expected row CalendarEvent(start_ts=1697414400, end_ts=1697416200, title='Review session for Annual Report', location='', description='We will understand business objectives. Remember to confirm attendance.', repeat_interval=0, repeat_rule=0, reminder_1_minutes=-1, reminder_2_minutes=-1, reminder_3_minutes=-1, reminder_1_type=0, reminder_2_type=0, reminder_3_type=0, repeat_limit=0, repetition_exceptions='[]', attendees='', import_id='', time_zone='UTC', flags=0, event_type=1, parent_id=0, last_updated=0, source='imported-ics', availability=0, color=0, type=0, id=-1) not found in the 'after' state.
Completed step 18.
W0814 21:19:11.372378 124305553613888 sqlite_validators.py:168] Expected row CalendarEvent(start_ts=1697414400, end_ts=1697416200, title='Review session for Annual Report', location='', description='We will understand business objectives. Remember to confirm attendance.', repeat_interval=0, repeat_rule=0, reminder_1_minutes=-1, reminder_2_minutes=-1, reminder_3_minutes=-1, reminder_1_type=0, reminder_2_type=0, reminder_3_type=0, repeat_limit=0, repetition_exceptions='[]', attendees='', import_id='', time_zone='UTC', flags=0, event_type=1, parent_id=0, last_updated=0, source='imported-ics', availability=0, color=0, type=0, id=-1) not found in the 'after' state.
Completed step 19.
W0814 21:19:57.007716 124305553613888 sqlite_validators.py:168] Expected row CalendarEvent(start_ts=1697414400, end_ts=1697416200, title='Review session for Annual Report', location='', description='We will understand business objectives. Remember to confirm attendance.', repeat_interval=0, repeat_rule=0, reminder_1_minutes=-1, reminder_2_minutes=-1, reminder_3_minutes=-1, reminder_1_type=0, reminder_2_type=0, reminder_3_type=0, repeat_limit=0, repetition_exceptions='[]', attendees='', import_id='', time_zone='UTC', flags=0, event_type=1, parent_id=0, last_updated=0, source='imported-ics', availability=0, color=0, type=0, id=-1) not found in the 'after' state.
Completed step 20.
W0814 21:20:46.905074 124305553613888 sqlite_validators.py:168] Expected row CalendarEvent(start_ts=1697414400, end_ts=1697416200, title='Review session for Annual Report', location='', description='We will understand business objectives. Remember to confirm attendance.', repeat_interval=0, repeat_rule=0, reminder_1_minutes=-1, reminder_2_minutes=-1, reminder_3_minutes=-1, reminder_1_type=0, reminder_2_type=0, reminder_3_type=0, repeat_limit=0, repetition_exceptions='[]', attendees='', import_id='', time_zone='UTC', flags=0, event_type=1, parent_id=0, last_updated=0, source='imported-ics', availability=0, color=0, type=0, id=-1) not found in the 'after' state.
Completed step 21.
W0814 21:21:32.682059 124305553613888 sqlite_validators.py:168] Expected row CalendarEvent(start_ts=1697414400, end_ts=1697416200, title='Review session for Annual Report', location='', description='We will understand business objectives. Remember to confirm attendance.', repeat_interval=0, repeat_rule=0, reminder_1_minutes=-1, reminder_2_minutes=-1, reminder_3_minutes=-1, reminder_1_type=0, reminder_2_type=0, reminder_3_type=0, repeat_limit=0, repetition_exceptions='[]', attendees='', import_id='', time_zone='UTC', flags=0, event_type=1, parent_id=0, last_updated=0, source='imported-ics', availability=0, color=0, type=0, id=-1) not found in the 'after' state.
Completed step 22.
W0814 21:22:18.398693 124305553613888 sqlite_validators.py:168] Expected row CalendarEvent(start_ts=1697414400, end_ts=1697416200, title='Review session for Annual Report', location='', description='We will understand business objectives. Remember to confirm attendance.', repeat_interval=0, repeat_rule=0, reminder_1_minutes=-1, reminder_2_minutes=-1, reminder_3_minutes=-1, reminder_1_type=0, reminder_2_type=0, reminder_3_type=0, repeat_limit=0, repetition_exceptions='[]', attendees='', import_id='', time_zone='UTC', flags=0, event_type=1, parent_id=0, last_updated=0, source='imported-ics', availability=0, color=0, type=0, id=-1) not found in the 'after' state.
Completed step 23.
W0814 21:23:06.894557 124305553613888 sqlite_validators.py:168] Expected row CalendarEvent(start_ts=1697414400, end_ts=1697416200, title='Review session for Annual Report', location='', description='We will understand business objectives. Remember to confirm attendance.', repeat_interval=0, repeat_rule=0, reminder_1_minutes=-1, reminder_2_minutes=-1, reminder_3_minutes=-1, reminder_1_type=0, reminder_2_type=0, reminder_3_type=0, repeat_limit=0, repetition_exceptions='[]', attendees='', import_id='', time_zone='UTC', flags=0, event_type=1, parent_id=0, last_updated=0, source='imported-ics', availability=0, color=0, type=0, id=-1) not found in the 'after' state.
Completed step 24.
W0814 21:23:51.950147 124305553613888 sqlite_validators.py:168] Expected row CalendarEvent(start_ts=1697414400, end_ts=1697416200, title='Review session for Annual Report', location='', description='We will understand business objectives. Remember to confirm attendance.', repeat_interval=0, repeat_rule=0, reminder_1_minutes=-1, reminder_2_minutes=-1, reminder_3_minutes=-1, reminder_1_type=0, reminder_2_type=0, reminder_3_type=0, repeat_limit=0, repetition_exceptions='[]', attendees='', import_id='', time_zone='UTC', flags=0, event_type=1, parent_id=0, last_updated=0, source='imported-ics', availability=0, color=0, type=0, id=-1) not found in the 'after' state.
Completed step 25.
W0814 21:24:37.782317 124305553613888 sqlite_validators.py:168] Expected row CalendarEvent(start_ts=1697414400, end_ts=1697416200, title='Review session for Annual Report', location='', description='We will understand business objectives. Remember to confirm attendance.', repeat_interval=0, repeat_rule=0, reminder_1_minutes=-1, reminder_2_minutes=-1, reminder_3_minutes=-1, reminder_1_type=0, reminder_2_type=0, reminder_3_type=0, repeat_limit=0, repetition_exceptions='[]', attendees='', import_id='', time_zone='UTC', flags=0, event_type=1, parent_id=0, last_updated=0, source='imported-ics', availability=0, color=0, type=0, id=-1) not found in the 'after' state.
Completed step 26.
W0814 21:25:28.489172 124305553613888 sqlite_validators.py:168] Expected row CalendarEvent(start_ts=1697414400, end_ts=1697416200, title='Review session for Annual Report', location='', description='We will understand business objectives. Remember to confirm attendance.', repeat_interval=0, repeat_rule=0, reminder_1_minutes=-1, reminder_2_minutes=-1, reminder_3_minutes=-1, reminder_1_type=0, reminder_2_type=0, reminder_3_type=0, repeat_limit=0, repetition_exceptions='[]', attendees='', import_id='', time_zone='UTC', flags=0, event_type=1, parent_id=0, last_updated=0, source='imported-ics', availability=0, color=0, type=0, id=-1) not found in the 'after' state.
Completed step 27.
W0814 21:25:56.420627 124305553613888 sqlite_validators.py:168] Expected row CalendarEvent(start_ts=1697414400, end_ts=1697416200, title='Review session for Annual Report', location='', description='We will understand business objectives. Remember to confirm attendance.', repeat_interval=0, repeat_rule=0, reminder_1_minutes=-1, reminder_2_minutes=-1, reminder_3_minutes=-1, reminder_1_type=0, reminder_2_type=0, reminder_3_type=0, repeat_limit=0, repetition_exceptions='[]', attendees='', import_id='', time_zone='UTC', flags=0, event_type=1, parent_id=0, last_updated=0, source='imported-ics', availability=0, color=0, type=0, id=-1) not found in the 'after' state.
Completed step 28.
W0814 21:26:42.778707 124305553613888 sqlite_validators.py:168] Expected row CalendarEvent(start_ts=1697414400, end_ts=1697416200, title='Review session for Annual Report', location='', description='We will understand business objectives. Remember to confirm attendance.', repeat_interval=0, repeat_rule=0, reminder_1_minutes=-1, reminder_2_minutes=-1, reminder_3_minutes=-1, reminder_1_type=0, reminder_2_type=0, reminder_3_type=0, repeat_limit=0, repetition_exceptions='[]', attendees='', import_id='', time_zone='UTC', flags=0, event_type=1, parent_id=0, last_updated=0, source='imported-ics', availability=0, color=0, type=0, id=-1) not found in the 'after' state.
Completed step 29.
W0814 21:27:28.467011 124305553613888 sqlite_validators.py:168] Expected row CalendarEvent(start_ts=1697414400, end_ts=1697416200, title='Review session for Annual Report', location='', description='We will understand business objectives. Remember to confirm attendance.', repeat_interval=0, repeat_rule=0, reminder_1_minutes=-1, reminder_2_minutes=-1, reminder_3_minutes=-1, reminder_1_type=0, reminder_2_type=0, reminder_3_type=0, repeat_limit=0, repetition_exceptions='[]', attendees='', import_id='', time_zone='UTC', flags=0, event_type=1, parent_id=0, last_updated=0, source='imported-ics', availability=0, color=0, type=0, id=-1) not found in the 'after' state.
Completed step 30.
W0814 21:27:55.436540 124305553613888 sqlite_validators.py:168] Expected row CalendarEvent(start_ts=1697414400, end_ts=1697416200, title='Review session for Annual Report', location='', description='We will understand business objectives. Remember to confirm attendance.', repeat_interval=0, repeat_rule=0, reminder_1_minutes=-1, reminder_2_minutes=-1, reminder_3_minutes=-1, reminder_1_type=0, reminder_2_type=0, reminder_3_type=0, repeat_limit=0, repetition_exceptions='[]', attendees='', import_id='', time_zone='UTC', flags=0, event_type=1, parent_id=0, last_updated=0, source='imported-ics', availability=0, color=0, type=0, id=-1) not found in the 'after' state.
Completed step 31.
W0814 21:28:41.321236 124305553613888 sqlite_validators.py:168] Expected row CalendarEvent(start_ts=1697414400, end_ts=1697416200, title='Review session for Annual Report', location='', description='We will understand business objectives. Remember to confirm attendance.', repeat_interval=0, repeat_rule=0, reminder_1_minutes=-1, reminder_2_minutes=-1, reminder_3_minutes=-1, reminder_1_type=0, reminder_2_type=0, reminder_3_type=0, repeat_limit=0, repetition_exceptions='[]', attendees='', import_id='', time_zone='UTC', flags=0, event_type=1, parent_id=0, last_updated=0, source='imported-ics', availability=0, color=0, type=0, id=-1) not found in the 'after' state.
Completed step 32.
W0814 21:29:03.176620 124305553613888 sqlite_validators.py:168] Expected row CalendarEvent(start_ts=1697414400, end_ts=1697416200, title='Review session for Annual Report', location='', description='We will understand business objectives. Remember to confirm attendance.', repeat_interval=0, repeat_rule=0, reminder_1_minutes=-1, reminder_2_minutes=-1, reminder_3_minutes=-1, reminder_1_type=0, reminder_2_type=0, reminder_3_type=0, repeat_limit=0, repetition_exceptions='[]', attendees='', import_id='', time_zone='UTC', flags=0, event_type=1, parent_id=0, last_updated=0, source='imported-ics', availability=0, color=0, type=0, id=-1) not found in the 'after' state.
Completed step 33.
W0814 21:29:25.036071 124305553613888 sqlite_validators.py:168] Expected row CalendarEvent(start_ts=1697414400, end_ts=1697416200, title='Review session for Annual Report', location='', description='We will understand business objectives. Remember to confirm attendance.', repeat_interval=0, repeat_rule=0, reminder_1_minutes=-1, reminder_2_minutes=-1, reminder_3_minutes=-1, reminder_1_type=0, reminder_2_type=0, reminder_3_type=0, repeat_limit=0, repetition_exceptions='[]', attendees='', import_id='', time_zone='UTC', flags=0, event_type=1, parent_id=0, last_updated=0, source='imported-ics', availability=0, color=0, type=0, id=-1) not found in the 'after' state.
Completed step 34.
W0814 21:29:43.597907 124305553613888 sqlite_validators.py:168] Expected row CalendarEvent(start_ts=1697414400, end_ts=1697416200, title='Review session for Annual Report', location='', description='We will understand business objectives. Remember to confirm attendance.', repeat_interval=0, repeat_rule=0, reminder_1_minutes=-1, reminder_2_minutes=-1, reminder_3_minutes=-1, reminder_1_type=0, reminder_2_type=0, reminder_3_type=0, repeat_limit=0, repetition_exceptions='[]', attendees='', import_id='', time_zone='UTC', flags=0, event_type=1, parent_id=0, last_updated=0, source='imported-ics', availability=0, color=0, type=0, id=-1) not found in the 'after' state.
Agent did not indicate task is done. Reached max number of steps.
W0814 21:29:44.096459 124305553613888 sqlite_validators.py:168] Expected row CalendarEvent(start_ts=1697414400, end_ts=1697416200, title='Review session for Annual Report', location='', description='We will understand business objectives. Remember to confirm attendance.', repeat_interval=0, repeat_rule=0, reminder_1_minutes=-1, reminder_2_minutes=-1, reminder_3_minutes=-1, reminder_1_type=0, reminder_2_type=0, reminder_3_type=0, repeat_limit=0, repetition_exceptions='[]', attendees='', import_id='', time_zone='UTC', flags=0, event_type=1, parent_id=0, last_updated=0, source='imported-ics', availability=0, color=0, type=0, id=-1) not found in the 'after' state.
Task Failed ❌;  In Simple Calendar Pro, create a calendar event for tomorrow at 0h with the title 'Review session for Annual Report' and the description 'We will understand business objectives. Remember to confirm attendance.'. The event should last for 30 mins.
W0814 21:29:44.418469 124305553613888 task_eval.py:125] Skipping app snapshot loading : Snapshot not found in /data/data/android_world/snapshots/com.simplemobiletools.calendar.pro.


                                       task_num  num_complete_trials  mean_success_rate  mean_episode_length  total_runtime_s  num_fail_trials
task                                                                                                                                          
AudioRecorderRecordAudio                      0                 5.00               0.60                 8.20           685.20              0.0
BrowserDraw                                   1                 5.00               0.00                20.00          1906.30              0.0
CameraTakePhoto                               2                 5.00               0.00                10.00           681.30              0.0
ClockStopWatchPausedVerify                    3                 5.00               0.40                 7.80           760.40              0.0
ClockStopWatchRunning                         4                 5.00               0.20                 4.80           403.60              0.0
ContactsAddContact                            5                 5.00               0.00                12.00          1111.50              0.0
ExpenseAddSingle                              6                 5.00               0.00                12.00          1643.50              0.0
FilesDeleteFile                               7                 5.00               0.00                22.00          2124.20              0.0
MarkorCreateFolder                            8                 5.00               0.00                10.00           875.70              0.0
NotesIsTodo                                   9                 5.00               0.00                 4.20           692.80              0.0
OpenAppTaskEval                              10                 5.00               1.00                 1.80           331.30              0.0
OsmAndFavorite                               11                 5.00               0.00                13.00          1603.50              0.0
RecipeDeleteSingleRecipe                     12                 5.00               0.20                 9.20           831.00              0.0
RecipeDeleteSingleWithRecipeWithNoise        13                 5.00               0.00                20.00          2166.20              0.0
RetroPlayingQueue                            14                 5.00               0.00                32.00          3761.20              0.0
SimpleCalendarAddOneEventTomorrow            15                 3.00               0.00                34.00          2693.70              0.0
========= Average =========                   0                 4.88               0.15                13.81          1391.96              0.0


                         mean_success_rate       
difficulty                            easy medium
tags                                             
complex_ui_understanding                 -    0.0
data_edit                              0.1    0.0
data_entry                             0.0      -
game_playing                           0.0      -
information_retrieval                  0.0      -
parameterized                         0.12    0.0
requires_setup                         0.6      -
screen_reading                         0.0      -
search                                0.07    0.0
untagged                               0.1      -
verification                           0.4      -
W0814 21:29:52.313504 124305553613888 task_eval.py:125] Skipping app snapshot loading : Snapshot not found in /data/data/android_world/snapshots/com.simplemobiletools.calendar.pro.
Running task SimpleCalendarAddOneEventTomorrow with goal "In Simple Calendar Pro, create a calendar event for tomorrow at 13h with the title 'Meeting with Dr. Smith' and the description 'We will prepare for team roles. Snacks will be provided.'. The event should last for 15 mins."
Completed step 1.
W0814 21:30:29.318714 124305553613888 sqlite_validators.py:168] Expected row CalendarEvent(start_ts=1697461200, end_ts=1697462100, title='Meeting with Dr. Smith', location='', description='We will prepare for team roles. Snacks will be provided.', repeat_interval=0, repeat_rule=0, reminder_1_minutes=-1, reminder_2_minutes=-1, reminder_3_minutes=-1, reminder_1_type=0, reminder_2_type=0, reminder_3_type=0, repeat_limit=0, repetition_exceptions='[]', attendees='', import_id='', time_zone='UTC', flags=0, event_type=1, parent_id=0, last_updated=0, source='imported-ics', availability=0, color=0, type=0, id=-1) not found in the 'after' state.
Completed step 2.
W0814 21:30:58.448875 124305553613888 sqlite_validators.py:168] Expected row CalendarEvent(start_ts=1697461200, end_ts=1697462100, title='Meeting with Dr. Smith', location='', description='We will prepare for team roles. Snacks will be provided.', repeat_interval=0, repeat_rule=0, reminder_1_minutes=-1, reminder_2_minutes=-1, reminder_3_minutes=-1, reminder_1_type=0, reminder_2_type=0, reminder_3_type=0, repeat_limit=0, repetition_exceptions='[]', attendees='', import_id='', time_zone='UTC', flags=0, event_type=1, parent_id=0, last_updated=0, source='imported-ics', availability=0, color=0, type=0, id=-1) not found in the 'after' state.
Completed step 3.
W0814 21:31:27.850217 124305553613888 sqlite_validators.py:168] Expected row CalendarEvent(start_ts=1697461200, end_ts=1697462100, title='Meeting with Dr. Smith', location='', description='We will prepare for team roles. Snacks will be provided.', repeat_interval=0, repeat_rule=0, reminder_1_minutes=-1, reminder_2_minutes=-1, reminder_3_minutes=-1, reminder_1_type=0, reminder_2_type=0, reminder_3_type=0, repeat_limit=0, repetition_exceptions='[]', attendees='', import_id='', time_zone='UTC', flags=0, event_type=1, parent_id=0, last_updated=0, source='imported-ics', availability=0, color=0, type=0, id=-1) not found in the 'after' state.
Completed step 4.
W0814 21:31:56.867686 124305553613888 sqlite_validators.py:168] Expected row CalendarEvent(start_ts=1697461200, end_ts=1697462100, title='Meeting with Dr. Smith', location='', description='We will prepare for team roles. Snacks will be provided.', repeat_interval=0, repeat_rule=0, reminder_1_minutes=-1, reminder_2_minutes=-1, reminder_3_minutes=-1, reminder_1_type=0, reminder_2_type=0, reminder_3_type=0, repeat_limit=0, repetition_exceptions='[]', attendees='', import_id='', time_zone='UTC', flags=0, event_type=1, parent_id=0, last_updated=0, source='imported-ics', availability=0, color=0, type=0, id=-1) not found in the 'after' state.
Completed step 5.
W0814 21:32:26.090732 124305553613888 sqlite_validators.py:168] Expected row CalendarEvent(start_ts=1697461200, end_ts=1697462100, title='Meeting with Dr. Smith', location='', description='We will prepare for team roles. Snacks will be provided.', repeat_interval=0, repeat_rule=0, reminder_1_minutes=-1, reminder_2_minutes=-1, reminder_3_minutes=-1, reminder_1_type=0, reminder_2_type=0, reminder_3_type=0, repeat_limit=0, repetition_exceptions='[]', attendees='', import_id='', time_zone='UTC', flags=0, event_type=1, parent_id=0, last_updated=0, source='imported-ics', availability=0, color=0, type=0, id=-1) not found in the 'after' state.
Completed step 6.
W0814 21:32:56.675897 124305553613888 sqlite_validators.py:168] Expected row CalendarEvent(start_ts=1697461200, end_ts=1697462100, title='Meeting with Dr. Smith', location='', description='We will prepare for team roles. Snacks will be provided.', repeat_interval=0, repeat_rule=0, reminder_1_minutes=-1, reminder_2_minutes=-1, reminder_3_minutes=-1, reminder_1_type=0, reminder_2_type=0, reminder_3_type=0, repeat_limit=0, repetition_exceptions='[]', attendees='', import_id='', time_zone='UTC', flags=0, event_type=1, parent_id=0, last_updated=0, source='imported-ics', availability=0, color=0, type=0, id=-1) not found in the 'after' state.
Completed step 7.
W0814 21:33:24.271806 124305553613888 sqlite_validators.py:168] Expected row CalendarEvent(start_ts=1697461200, end_ts=1697462100, title='Meeting with Dr. Smith', location='', description='We will prepare for team roles. Snacks will be provided.', repeat_interval=0, repeat_rule=0, reminder_1_minutes=-1, reminder_2_minutes=-1, reminder_3_minutes=-1, reminder_1_type=0, reminder_2_type=0, reminder_3_type=0, repeat_limit=0, repetition_exceptions='[]', attendees='', import_id='', time_zone='UTC', flags=0, event_type=1, parent_id=0, last_updated=0, source='imported-ics', availability=0, color=0, type=0, id=-1) not found in the 'after' state.
Completed step 8.
W0814 21:33:53.180839 124305553613888 sqlite_validators.py:168] Expected row CalendarEvent(start_ts=1697461200, end_ts=1697462100, title='Meeting with Dr. Smith', location='', description='We will prepare for team roles. Snacks will be provided.', repeat_interval=0, repeat_rule=0, reminder_1_minutes=-1, reminder_2_minutes=-1, reminder_3_minutes=-1, reminder_1_type=0, reminder_2_type=0, reminder_3_type=0, repeat_limit=0, repetition_exceptions='[]', attendees='', import_id='', time_zone='UTC', flags=0, event_type=1, parent_id=0, last_updated=0, source='imported-ics', availability=0, color=0, type=0, id=-1) not found in the 'after' state.
Completed step 9.
W0814 21:34:22.939228 124305553613888 sqlite_validators.py:168] Expected row CalendarEvent(start_ts=1697461200, end_ts=1697462100, title='Meeting with Dr. Smith', location='', description='We will prepare for team roles. Snacks will be provided.', repeat_interval=0, repeat_rule=0, reminder_1_minutes=-1, reminder_2_minutes=-1, reminder_3_minutes=-1, reminder_1_type=0, reminder_2_type=0, reminder_3_type=0, repeat_limit=0, repetition_exceptions='[]', attendees='', import_id='', time_zone='UTC', flags=0, event_type=1, parent_id=0, last_updated=0, source='imported-ics', availability=0, color=0, type=0, id=-1) not found in the 'after' state.
Completed step 10.
W0814 21:34:52.296062 124305553613888 sqlite_validators.py:168] Expected row CalendarEvent(start_ts=1697461200, end_ts=1697462100, title='Meeting with Dr. Smith', location='', description='We will prepare for team roles. Snacks will be provided.', repeat_interval=0, repeat_rule=0, reminder_1_minutes=-1, reminder_2_minutes=-1, reminder_3_minutes=-1, reminder_1_type=0, reminder_2_type=0, reminder_3_type=0, repeat_limit=0, repetition_exceptions='[]', attendees='', import_id='', time_zone='UTC', flags=0, event_type=1, parent_id=0, last_updated=0, source='imported-ics', availability=0, color=0, type=0, id=-1) not found in the 'after' state.
Completed step 11.
W0814 21:35:22.699715 124305553613888 sqlite_validators.py:168] Expected row CalendarEvent(start_ts=1697461200, end_ts=1697462100, title='Meeting with Dr. Smith', location='', description='We will prepare for team roles. Snacks will be provided.', repeat_interval=0, repeat_rule=0, reminder_1_minutes=-1, reminder_2_minutes=-1, reminder_3_minutes=-1, reminder_1_type=0, reminder_2_type=0, reminder_3_type=0, repeat_limit=0, repetition_exceptions='[]', attendees='', import_id='', time_zone='UTC', flags=0, event_type=1, parent_id=0, last_updated=0, source='imported-ics', availability=0, color=0, type=0, id=-1) not found in the 'after' state.
Completed step 12.
W0814 21:35:52.532194 124305553613888 sqlite_validators.py:168] Expected row CalendarEvent(start_ts=1697461200, end_ts=1697462100, title='Meeting with Dr. Smith', location='', description='We will prepare for team roles. Snacks will be provided.', repeat_interval=0, repeat_rule=0, reminder_1_minutes=-1, reminder_2_minutes=-1, reminder_3_minutes=-1, reminder_1_type=0, reminder_2_type=0, reminder_3_type=0, repeat_limit=0, repetition_exceptions='[]', attendees='', import_id='', time_zone='UTC', flags=0, event_type=1, parent_id=0, last_updated=0, source='imported-ics', availability=0, color=0, type=0, id=-1) not found in the 'after' state.
Completed step 13.
W0814 21:36:18.918976 124305553613888 sqlite_validators.py:168] Expected row CalendarEvent(start_ts=1697461200, end_ts=1697462100, title='Meeting with Dr. Smith', location='', description='We will prepare for team roles. Snacks will be provided.', repeat_interval=0, repeat_rule=0, reminder_1_minutes=-1, reminder_2_minutes=-1, reminder_3_minutes=-1, reminder_1_type=0, reminder_2_type=0, reminder_3_type=0, repeat_limit=0, repetition_exceptions='[]', attendees='', import_id='', time_zone='UTC', flags=0, event_type=1, parent_id=0, last_updated=0, source='imported-ics', availability=0, color=0, type=0, id=-1) not found in the 'after' state.
Completed step 14.
W0814 21:36:49.603258 124305553613888 sqlite_validators.py:168] Expected row CalendarEvent(start_ts=1697461200, end_ts=1697462100, title='Meeting with Dr. Smith', location='', description='We will prepare for team roles. Snacks will be provided.', repeat_interval=0, repeat_rule=0, reminder_1_minutes=-1, reminder_2_minutes=-1, reminder_3_minutes=-1, reminder_1_type=0, reminder_2_type=0, reminder_3_type=0, repeat_limit=0, repetition_exceptions='[]', attendees='', import_id='', time_zone='UTC', flags=0, event_type=1, parent_id=0, last_updated=0, source='imported-ics', availability=0, color=0, type=0, id=-1) not found in the 'after' state.
Completed step 15.
W0814 21:37:19.887680 124305553613888 sqlite_validators.py:168] Expected row CalendarEvent(start_ts=1697461200, end_ts=1697462100, title='Meeting with Dr. Smith', location='', description='We will prepare for team roles. Snacks will be provided.', repeat_interval=0, repeat_rule=0, reminder_1_minutes=-1, reminder_2_minutes=-1, reminder_3_minutes=-1, reminder_1_type=0, reminder_2_type=0, reminder_3_type=0, repeat_limit=0, repetition_exceptions='[]', attendees='', import_id='', time_zone='UTC', flags=0, event_type=1, parent_id=0, last_updated=0, source='imported-ics', availability=0, color=0, type=0, id=-1) not found in the 'after' state.
Completed step 16.
W0814 21:37:49.242847 124305553613888 sqlite_validators.py:168] Expected row CalendarEvent(start_ts=1697461200, end_ts=1697462100, title='Meeting with Dr. Smith', location='', description='We will prepare for team roles. Snacks will be provided.', repeat_interval=0, repeat_rule=0, reminder_1_minutes=-1, reminder_2_minutes=-1, reminder_3_minutes=-1, reminder_1_type=0, reminder_2_type=0, reminder_3_type=0, repeat_limit=0, repetition_exceptions='[]', attendees='', import_id='', time_zone='UTC', flags=0, event_type=1, parent_id=0, last_updated=0, source='imported-ics', availability=0, color=0, type=0, id=-1) not found in the 'after' state.
Completed step 17.
W0814 21:38:18.228429 124305553613888 sqlite_validators.py:168] Expected row CalendarEvent(start_ts=1697461200, end_ts=1697462100, title='Meeting with Dr. Smith', location='', description='We will prepare for team roles. Snacks will be provided.', repeat_interval=0, repeat_rule=0, reminder_1_minutes=-1, reminder_2_minutes=-1, reminder_3_minutes=-1, reminder_1_type=0, reminder_2_type=0, reminder_3_type=0, repeat_limit=0, repetition_exceptions='[]', attendees='', import_id='', time_zone='UTC', flags=0, event_type=1, parent_id=0, last_updated=0, source='imported-ics', availability=0, color=0, type=0, id=-1) not found in the 'after' state.
Completed step 18.
W0814 21:38:47.806610 124305553613888 sqlite_validators.py:168] Expected row CalendarEvent(start_ts=1697461200, end_ts=1697462100, title='Meeting with Dr. Smith', location='', description='We will prepare for team roles. Snacks will be provided.', repeat_interval=0, repeat_rule=0, reminder_1_minutes=-1, reminder_2_minutes=-1, reminder_3_minutes=-1, reminder_1_type=0, reminder_2_type=0, reminder_3_type=0, repeat_limit=0, repetition_exceptions='[]', attendees='', import_id='', time_zone='UTC', flags=0, event_type=1, parent_id=0, last_updated=0, source='imported-ics', availability=0, color=0, type=0, id=-1) not found in the 'after' state.
Completed step 19.
W0814 21:39:13.835276 124305553613888 sqlite_validators.py:168] Expected row CalendarEvent(start_ts=1697461200, end_ts=1697462100, title='Meeting with Dr. Smith', location='', description='We will prepare for team roles. Snacks will be provided.', repeat_interval=0, repeat_rule=0, reminder_1_minutes=-1, reminder_2_minutes=-1, reminder_3_minutes=-1, reminder_1_type=0, reminder_2_type=0, reminder_3_type=0, repeat_limit=0, repetition_exceptions='[]', attendees='', import_id='', time_zone='UTC', flags=0, event_type=1, parent_id=0, last_updated=0, source='imported-ics', availability=0, color=0, type=0, id=-1) not found in the 'after' state.
Completed step 20.
W0814 21:39:45.035864 124305553613888 sqlite_validators.py:168] Expected row CalendarEvent(start_ts=1697461200, end_ts=1697462100, title='Meeting with Dr. Smith', location='', description='We will prepare for team roles. Snacks will be provided.', repeat_interval=0, repeat_rule=0, reminder_1_minutes=-1, reminder_2_minutes=-1, reminder_3_minutes=-1, reminder_1_type=0, reminder_2_type=0, reminder_3_type=0, repeat_limit=0, repetition_exceptions='[]', attendees='', import_id='', time_zone='UTC', flags=0, event_type=1, parent_id=0, last_updated=0, source='imported-ics', availability=0, color=0, type=0, id=-1) not found in the 'after' state.
Completed step 21.
W0814 21:40:18.095148 124305553613888 sqlite_validators.py:168] Expected row CalendarEvent(start_ts=1697461200, end_ts=1697462100, title='Meeting with Dr. Smith', location='', description='We will prepare for team roles. Snacks will be provided.', repeat_interval=0, repeat_rule=0, reminder_1_minutes=-1, reminder_2_minutes=-1, reminder_3_minutes=-1, reminder_1_type=0, reminder_2_type=0, reminder_3_type=0, repeat_limit=0, repetition_exceptions='[]', attendees='', import_id='', time_zone='UTC', flags=0, event_type=1, parent_id=0, last_updated=0, source='imported-ics', availability=0, color=0, type=0, id=-1) not found in the 'after' state.
Completed step 22.
W0814 21:40:49.858701 124305553613888 sqlite_validators.py:168] Expected row CalendarEvent(start_ts=1697461200, end_ts=1697462100, title='Meeting with Dr. Smith', location='', description='We will prepare for team roles. Snacks will be provided.', repeat_interval=0, repeat_rule=0, reminder_1_minutes=-1, reminder_2_minutes=-1, reminder_3_minutes=-1, reminder_1_type=0, reminder_2_type=0, reminder_3_type=0, repeat_limit=0, repetition_exceptions='[]', attendees='', import_id='', time_zone='UTC', flags=0, event_type=1, parent_id=0, last_updated=0, source='imported-ics', availability=0, color=0, type=0, id=-1) not found in the 'after' state.
Completed step 23.
W0814 21:41:19.703293 124305553613888 sqlite_validators.py:168] Expected row CalendarEvent(start_ts=1697461200, end_ts=1697462100, title='Meeting with Dr. Smith', location='', description='We will prepare for team roles. Snacks will be provided.', repeat_interval=0, repeat_rule=0, reminder_1_minutes=-1, reminder_2_minutes=-1, reminder_3_minutes=-1, reminder_1_type=0, reminder_2_type=0, reminder_3_type=0, repeat_limit=0, repetition_exceptions='[]', attendees='', import_id='', time_zone='UTC', flags=0, event_type=1, parent_id=0, last_updated=0, source='imported-ics', availability=0, color=0, type=0, id=-1) not found in the 'after' state.
Completed step 24.
W0814 21:41:49.638066 124305553613888 sqlite_validators.py:168] Expected row CalendarEvent(start_ts=1697461200, end_ts=1697462100, title='Meeting with Dr. Smith', location='', description='We will prepare for team roles. Snacks will be provided.', repeat_interval=0, repeat_rule=0, reminder_1_minutes=-1, reminder_2_minutes=-1, reminder_3_minutes=-1, reminder_1_type=0, reminder_2_type=0, reminder_3_type=0, repeat_limit=0, repetition_exceptions='[]', attendees='', import_id='', time_zone='UTC', flags=0, event_type=1, parent_id=0, last_updated=0, source='imported-ics', availability=0, color=0, type=0, id=-1) not found in the 'after' state.
Completed step 25.
W0814 21:42:20.024404 124305553613888 sqlite_validators.py:168] Expected row CalendarEvent(start_ts=1697461200, end_ts=1697462100, title='Meeting with Dr. Smith', location='', description='We will prepare for team roles. Snacks will be provided.', repeat_interval=0, repeat_rule=0, reminder_1_minutes=-1, reminder_2_minutes=-1, reminder_3_minutes=-1, reminder_1_type=0, reminder_2_type=0, reminder_3_type=0, repeat_limit=0, repetition_exceptions='[]', attendees='', import_id='', time_zone='UTC', flags=0, event_type=1, parent_id=0, last_updated=0, source='imported-ics', availability=0, color=0, type=0, id=-1) not found in the 'after' state.
Completed step 26.
W0814 21:42:47.470745 124305553613888 sqlite_validators.py:168] Expected row CalendarEvent(start_ts=1697461200, end_ts=1697462100, title='Meeting with Dr. Smith', location='', description='We will prepare for team roles. Snacks will be provided.', repeat_interval=0, repeat_rule=0, reminder_1_minutes=-1, reminder_2_minutes=-1, reminder_3_minutes=-1, reminder_1_type=0, reminder_2_type=0, reminder_3_type=0, repeat_limit=0, repetition_exceptions='[]', attendees='', import_id='', time_zone='UTC', flags=0, event_type=1, parent_id=0, last_updated=0, source='imported-ics', availability=0, color=0, type=0, id=-1) not found in the 'after' state.
Completed step 27.
W0814 21:43:17.415615 124305553613888 sqlite_validators.py:168] Expected row CalendarEvent(start_ts=1697461200, end_ts=1697462100, title='Meeting with Dr. Smith', location='', description='We will prepare for team roles. Snacks will be provided.', repeat_interval=0, repeat_rule=0, reminder_1_minutes=-1, reminder_2_minutes=-1, reminder_3_minutes=-1, reminder_1_type=0, reminder_2_type=0, reminder_3_type=0, repeat_limit=0, repetition_exceptions='[]', attendees='', import_id='', time_zone='UTC', flags=0, event_type=1, parent_id=0, last_updated=0, source='imported-ics', availability=0, color=0, type=0, id=-1) not found in the 'after' state.
Completed step 28.
W0814 21:43:47.800563 124305553613888 sqlite_validators.py:168] Expected row CalendarEvent(start_ts=1697461200, end_ts=1697462100, title='Meeting with Dr. Smith', location='', description='We will prepare for team roles. Snacks will be provided.', repeat_interval=0, repeat_rule=0, reminder_1_minutes=-1, reminder_2_minutes=-1, reminder_3_minutes=-1, reminder_1_type=0, reminder_2_type=0, reminder_3_type=0, repeat_limit=0, repetition_exceptions='[]', attendees='', import_id='', time_zone='UTC', flags=0, event_type=1, parent_id=0, last_updated=0, source='imported-ics', availability=0, color=0, type=0, id=-1) not found in the 'after' state.
Completed step 29.
W0814 21:44:19.120257 124305553613888 sqlite_validators.py:168] Expected row CalendarEvent(start_ts=1697461200, end_ts=1697462100, title='Meeting with Dr. Smith', location='', description='We will prepare for team roles. Snacks will be provided.', repeat_interval=0, repeat_rule=0, reminder_1_minutes=-1, reminder_2_minutes=-1, reminder_3_minutes=-1, reminder_1_type=0, reminder_2_type=0, reminder_3_type=0, repeat_limit=0, repetition_exceptions='[]', attendees='', import_id='', time_zone='UTC', flags=0, event_type=1, parent_id=0, last_updated=0, source='imported-ics', availability=0, color=0, type=0, id=-1) not found in the 'after' state.
Completed step 30.
W0814 21:44:49.690738 124305553613888 sqlite_validators.py:168] Expected row CalendarEvent(start_ts=1697461200, end_ts=1697462100, title='Meeting with Dr. Smith', location='', description='We will prepare for team roles. Snacks will be provided.', repeat_interval=0, repeat_rule=0, reminder_1_minutes=-1, reminder_2_minutes=-1, reminder_3_minutes=-1, reminder_1_type=0, reminder_2_type=0, reminder_3_type=0, repeat_limit=0, repetition_exceptions='[]', attendees='', import_id='', time_zone='UTC', flags=0, event_type=1, parent_id=0, last_updated=0, source='imported-ics', availability=0, color=0, type=0, id=-1) not found in the 'after' state.
Completed step 31.
W0814 21:45:20.562393 124305553613888 sqlite_validators.py:168] Expected row CalendarEvent(start_ts=1697461200, end_ts=1697462100, title='Meeting with Dr. Smith', location='', description='We will prepare for team roles. Snacks will be provided.', repeat_interval=0, repeat_rule=0, reminder_1_minutes=-1, reminder_2_minutes=-1, reminder_3_minutes=-1, reminder_1_type=0, reminder_2_type=0, reminder_3_type=0, repeat_limit=0, repetition_exceptions='[]', attendees='', import_id='', time_zone='UTC', flags=0, event_type=1, parent_id=0, last_updated=0, source='imported-ics', availability=0, color=0, type=0, id=-1) not found in the 'after' state.
Completed step 32.
W0814 21:45:50.959223 124305553613888 sqlite_validators.py:168] Expected row CalendarEvent(start_ts=1697461200, end_ts=1697462100, title='Meeting with Dr. Smith', location='', description='We will prepare for team roles. Snacks will be provided.', repeat_interval=0, repeat_rule=0, reminder_1_minutes=-1, reminder_2_minutes=-1, reminder_3_minutes=-1, reminder_1_type=0, reminder_2_type=0, reminder_3_type=0, repeat_limit=0, repetition_exceptions='[]', attendees='', import_id='', time_zone='UTC', flags=0, event_type=1, parent_id=0, last_updated=0, source='imported-ics', availability=0, color=0, type=0, id=-1) not found in the 'after' state.
Completed step 33.
W0814 21:46:19.076629 124305553613888 sqlite_validators.py:168] Expected row CalendarEvent(start_ts=1697461200, end_ts=1697462100, title='Meeting with Dr. Smith', location='', description='We will prepare for team roles. Snacks will be provided.', repeat_interval=0, repeat_rule=0, reminder_1_minutes=-1, reminder_2_minutes=-1, reminder_3_minutes=-1, reminder_1_type=0, reminder_2_type=0, reminder_3_type=0, repeat_limit=0, repetition_exceptions='[]', attendees='', import_id='', time_zone='UTC', flags=0, event_type=1, parent_id=0, last_updated=0, source='imported-ics', availability=0, color=0, type=0, id=-1) not found in the 'after' state.
Completed step 34.
W0814 21:46:49.620548 124305553613888 sqlite_validators.py:168] Expected row CalendarEvent(start_ts=1697461200, end_ts=1697462100, title='Meeting with Dr. Smith', location='', description='We will prepare for team roles. Snacks will be provided.', repeat_interval=0, repeat_rule=0, reminder_1_minutes=-1, reminder_2_minutes=-1, reminder_3_minutes=-1, reminder_1_type=0, reminder_2_type=0, reminder_3_type=0, repeat_limit=0, repetition_exceptions='[]', attendees='', import_id='', time_zone='UTC', flags=0, event_type=1, parent_id=0, last_updated=0, source='imported-ics', availability=0, color=0, type=0, id=-1) not found in the 'after' state.
Agent did not indicate task is done. Reached max number of steps.
W0814 21:46:50.110771 124305553613888 sqlite_validators.py:168] Expected row CalendarEvent(start_ts=1697461200, end_ts=1697462100, title='Meeting with Dr. Smith', location='', description='We will prepare for team roles. Snacks will be provided.', repeat_interval=0, repeat_rule=0, reminder_1_minutes=-1, reminder_2_minutes=-1, reminder_3_minutes=-1, reminder_1_type=0, reminder_2_type=0, reminder_3_type=0, repeat_limit=0, repetition_exceptions='[]', attendees='', import_id='', time_zone='UTC', flags=0, event_type=1, parent_id=0, last_updated=0, source='imported-ics', availability=0, color=0, type=0, id=-1) not found in the 'after' state.
Task Failed ❌;  In Simple Calendar Pro, create a calendar event for tomorrow at 13h with the title 'Meeting with Dr. Smith' and the description 'We will prepare for team roles. Snacks will be provided.'. The event should last for 15 mins.
W0814 21:46:50.361713 124305553613888 task_eval.py:125] Skipping app snapshot loading : Snapshot not found in /data/data/android_world/snapshots/com.simplemobiletools.calendar.pro.


                                       task_num  num_complete_trials  mean_success_rate  mean_episode_length  total_runtime_s  num_fail_trials
task                                                                                                                                          
AudioRecorderRecordAudio                      0                 5.00               0.60                 8.20           685.20              0.0
BrowserDraw                                   1                 5.00               0.00                20.00          1906.30              0.0
CameraTakePhoto                               2                 5.00               0.00                10.00           681.30              0.0
ClockStopWatchPausedVerify                    3                 5.00               0.40                 7.80           760.40              0.0
ClockStopWatchRunning                         4                 5.00               0.20                 4.80           403.60              0.0
ContactsAddContact                            5                 5.00               0.00                12.00          1111.50              0.0
ExpenseAddSingle                              6                 5.00               0.00                12.00          1643.50              0.0
FilesDeleteFile                               7                 5.00               0.00                22.00          2124.20              0.0
MarkorCreateFolder                            8                 5.00               0.00                10.00           875.70              0.0
NotesIsTodo                                   9                 5.00               0.00                 4.20           692.80              0.0
OpenAppTaskEval                              10                 5.00               1.00                 1.80           331.30              0.0
OsmAndFavorite                               11                 5.00               0.00                13.00          1603.50              0.0
RecipeDeleteSingleRecipe                     12                 5.00               0.20                 9.20           831.00              0.0
RecipeDeleteSingleWithRecipeWithNoise        13                 5.00               0.00                20.00          2166.20              0.0
RetroPlayingQueue                            14                 5.00               0.00                32.00          3761.20              0.0
SimpleCalendarAddOneEventTomorrow            15                 4.00               0.00                34.00          3713.80              0.0
========= Average =========                   0                 4.94               0.15                13.81          1455.72              0.0


                         mean_success_rate       
difficulty                            easy medium
tags                                             
complex_ui_understanding                 -    0.0
data_edit                              0.1    0.0
data_entry                             0.0      -
game_playing                           0.0      -
information_retrieval                  0.0      -
parameterized                         0.12    0.0
requires_setup                         0.6      -
screen_reading                         0.0      -
search                                0.07    0.0
untagged                               0.1      -
verification                           0.4      -
W0814 21:47:00.585211 124305553613888 task_eval.py:125] Skipping app snapshot loading : Snapshot not found in /data/data/android_world/snapshots/com.simplemobiletools.calendar.pro.
Running task SimpleCalendarAddOneEventTomorrow with goal "In Simple Calendar Pro, create a calendar event for tomorrow at 7h with the title 'Appointment for Annual Report' and the description 'We will prepare for software updates.'. The event should last for 60 mins."
Completed step 1.
W0814 21:47:37.874515 124305553613888 sqlite_validators.py:168] Expected row CalendarEvent(start_ts=1697439600, end_ts=1697443200, title='Appointment for Annual Report', location='', description='We will prepare for software updates.', repeat_interval=0, repeat_rule=0, reminder_1_minutes=-1, reminder_2_minutes=-1, reminder_3_minutes=-1, reminder_1_type=0, reminder_2_type=0, reminder_3_type=0, repeat_limit=0, repetition_exceptions='[]', attendees='', import_id='', time_zone='UTC', flags=0, event_type=1, parent_id=0, last_updated=0, source='imported-ics', availability=0, color=0, type=0, id=-1) not found in the 'after' state.
Completed step 2.
W0814 21:48:04.269912 124305553613888 sqlite_validators.py:168] Expected row CalendarEvent(start_ts=1697439600, end_ts=1697443200, title='Appointment for Annual Report', location='', description='We will prepare for software updates.', repeat_interval=0, repeat_rule=0, reminder_1_minutes=-1, reminder_2_minutes=-1, reminder_3_minutes=-1, reminder_1_type=0, reminder_2_type=0, reminder_3_type=0, repeat_limit=0, repetition_exceptions='[]', attendees='', import_id='', time_zone='UTC', flags=0, event_type=1, parent_id=0, last_updated=0, source='imported-ics', availability=0, color=0, type=0, id=-1) not found in the 'after' state.
Completed step 3.
W0814 21:48:33.669614 124305553613888 sqlite_validators.py:168] Expected row CalendarEvent(start_ts=1697439600, end_ts=1697443200, title='Appointment for Annual Report', location='', description='We will prepare for software updates.', repeat_interval=0, repeat_rule=0, reminder_1_minutes=-1, reminder_2_minutes=-1, reminder_3_minutes=-1, reminder_1_type=0, reminder_2_type=0, reminder_3_type=0, repeat_limit=0, repetition_exceptions='[]', attendees='', import_id='', time_zone='UTC', flags=0, event_type=1, parent_id=0, last_updated=0, source='imported-ics', availability=0, color=0, type=0, id=-1) not found in the 'after' state.
Completed step 4.
W0814 21:49:02.190543 124305553613888 sqlite_validators.py:168] Expected row CalendarEvent(start_ts=1697439600, end_ts=1697443200, title='Appointment for Annual Report', location='', description='We will prepare for software updates.', repeat_interval=0, repeat_rule=0, reminder_1_minutes=-1, reminder_2_minutes=-1, reminder_3_minutes=-1, reminder_1_type=0, reminder_2_type=0, reminder_3_type=0, repeat_limit=0, repetition_exceptions='[]', attendees='', import_id='', time_zone='UTC', flags=0, event_type=1, parent_id=0, last_updated=0, source='imported-ics', availability=0, color=0, type=0, id=-1) not found in the 'after' state.
Completed step 5.
W0814 21:49:31.494309 124305553613888 sqlite_validators.py:168] Expected row CalendarEvent(start_ts=1697439600, end_ts=1697443200, title='Appointment for Annual Report', location='', description='We will prepare for software updates.', repeat_interval=0, repeat_rule=0, reminder_1_minutes=-1, reminder_2_minutes=-1, reminder_3_minutes=-1, reminder_1_type=0, reminder_2_type=0, reminder_3_type=0, repeat_limit=0, repetition_exceptions='[]', attendees='', import_id='', time_zone='UTC', flags=0, event_type=1, parent_id=0, last_updated=0, source='imported-ics', availability=0, color=0, type=0, id=-1) not found in the 'after' state.
Completed step 6.
W0814 21:50:00.327450 124305553613888 sqlite_validators.py:168] Expected row CalendarEvent(start_ts=1697439600, end_ts=1697443200, title='Appointment for Annual Report', location='', description='We will prepare for software updates.', repeat_interval=0, repeat_rule=0, reminder_1_minutes=-1, reminder_2_minutes=-1, reminder_3_minutes=-1, reminder_1_type=0, reminder_2_type=0, reminder_3_type=0, repeat_limit=0, repetition_exceptions='[]', attendees='', import_id='', time_zone='UTC', flags=0, event_type=1, parent_id=0, last_updated=0, source='imported-ics', availability=0, color=0, type=0, id=-1) not found in the 'after' state.
Completed step 7.
W0814 21:50:26.680797 124305553613888 sqlite_validators.py:168] Expected row CalendarEvent(start_ts=1697439600, end_ts=1697443200, title='Appointment for Annual Report', location='', description='We will prepare for software updates.', repeat_interval=0, repeat_rule=0, reminder_1_minutes=-1, reminder_2_minutes=-1, reminder_3_minutes=-1, reminder_1_type=0, reminder_2_type=0, reminder_3_type=0, repeat_limit=0, repetition_exceptions='[]', attendees='', import_id='', time_zone='UTC', flags=0, event_type=1, parent_id=0, last_updated=0, source='imported-ics', availability=0, color=0, type=0, id=-1) not found in the 'after' state.
Completed step 8.
W0814 21:50:55.937903 124305553613888 sqlite_validators.py:168] Expected row CalendarEvent(start_ts=1697439600, end_ts=1697443200, title='Appointment for Annual Report', location='', description='We will prepare for software updates.', repeat_interval=0, repeat_rule=0, reminder_1_minutes=-1, reminder_2_minutes=-1, reminder_3_minutes=-1, reminder_1_type=0, reminder_2_type=0, reminder_3_type=0, repeat_limit=0, repetition_exceptions='[]', attendees='', import_id='', time_zone='UTC', flags=0, event_type=1, parent_id=0, last_updated=0, source='imported-ics', availability=0, color=0, type=0, id=-1) not found in the 'after' state.
Completed step 9.
W0814 21:51:22.128817 124305553613888 sqlite_validators.py:168] Expected row CalendarEvent(start_ts=1697439600, end_ts=1697443200, title='Appointment for Annual Report', location='', description='We will prepare for software updates.', repeat_interval=0, repeat_rule=0, reminder_1_minutes=-1, reminder_2_minutes=-1, reminder_3_minutes=-1, reminder_1_type=0, reminder_2_type=0, reminder_3_type=0, repeat_limit=0, repetition_exceptions='[]', attendees='', import_id='', time_zone='UTC', flags=0, event_type=1, parent_id=0, last_updated=0, source='imported-ics', availability=0, color=0, type=0, id=-1) not found in the 'after' state.
Completed step 10.
W0814 21:51:54.723037 124305553613888 sqlite_validators.py:168] Expected row CalendarEvent(start_ts=1697439600, end_ts=1697443200, title='Appointment for Annual Report', location='', description='We will prepare for software updates.', repeat_interval=0, repeat_rule=0, reminder_1_minutes=-1, reminder_2_minutes=-1, reminder_3_minutes=-1, reminder_1_type=0, reminder_2_type=0, reminder_3_type=0, repeat_limit=0, repetition_exceptions='[]', attendees='', import_id='', time_zone='UTC', flags=0, event_type=1, parent_id=0, last_updated=0, source='imported-ics', availability=0, color=0, type=0, id=-1) not found in the 'after' state.
Completed step 11.
W0814 21:52:24.039307 124305553613888 sqlite_validators.py:168] Expected row CalendarEvent(start_ts=1697439600, end_ts=1697443200, title='Appointment for Annual Report', location='', description='We will prepare for software updates.', repeat_interval=0, repeat_rule=0, reminder_1_minutes=-1, reminder_2_minutes=-1, reminder_3_minutes=-1, reminder_1_type=0, reminder_2_type=0, reminder_3_type=0, repeat_limit=0, repetition_exceptions='[]', attendees='', import_id='', time_zone='UTC', flags=0, event_type=1, parent_id=0, last_updated=0, source='imported-ics', availability=0, color=0, type=0, id=-1) not found in the 'after' state.
Completed step 12.
W0814 21:52:50.228633 124305553613888 sqlite_validators.py:168] Expected row CalendarEvent(start_ts=1697439600, end_ts=1697443200, title='Appointment for Annual Report', location='', description='We will prepare for software updates.', repeat_interval=0, repeat_rule=0, reminder_1_minutes=-1, reminder_2_minutes=-1, reminder_3_minutes=-1, reminder_1_type=0, reminder_2_type=0, reminder_3_type=0, repeat_limit=0, repetition_exceptions='[]', attendees='', import_id='', time_zone='UTC', flags=0, event_type=1, parent_id=0, last_updated=0, source='imported-ics', availability=0, color=0, type=0, id=-1) not found in the 'after' state.
Completed step 13.
W0814 21:53:19.297947 124305553613888 sqlite_validators.py:168] Expected row CalendarEvent(start_ts=1697439600, end_ts=1697443200, title='Appointment for Annual Report', location='', description='We will prepare for software updates.', repeat_interval=0, repeat_rule=0, reminder_1_minutes=-1, reminder_2_minutes=-1, reminder_3_minutes=-1, reminder_1_type=0, reminder_2_type=0, reminder_3_type=0, repeat_limit=0, repetition_exceptions='[]', attendees='', import_id='', time_zone='UTC', flags=0, event_type=1, parent_id=0, last_updated=0, source='imported-ics', availability=0, color=0, type=0, id=-1) not found in the 'after' state.
Completed step 14.
W0814 21:53:48.638399 124305553613888 sqlite_validators.py:168] Expected row CalendarEvent(start_ts=1697439600, end_ts=1697443200, title='Appointment for Annual Report', location='', description='We will prepare for software updates.', repeat_interval=0, repeat_rule=0, reminder_1_minutes=-1, reminder_2_minutes=-1, reminder_3_minutes=-1, reminder_1_type=0, reminder_2_type=0, reminder_3_type=0, repeat_limit=0, repetition_exceptions='[]', attendees='', import_id='', time_zone='UTC', flags=0, event_type=1, parent_id=0, last_updated=0, source='imported-ics', availability=0, color=0, type=0, id=-1) not found in the 'after' state.
Completed step 15.
W0814 21:54:17.545922 124305553613888 sqlite_validators.py:168] Expected row CalendarEvent(start_ts=1697439600, end_ts=1697443200, title='Appointment for Annual Report', location='', description='We will prepare for software updates.', repeat_interval=0, repeat_rule=0, reminder_1_minutes=-1, reminder_2_minutes=-1, reminder_3_minutes=-1, reminder_1_type=0, reminder_2_type=0, reminder_3_type=0, repeat_limit=0, repetition_exceptions='[]', attendees='', import_id='', time_zone='UTC', flags=0, event_type=1, parent_id=0, last_updated=0, source='imported-ics', availability=0, color=0, type=0, id=-1) not found in the 'after' state.
Completed step 16.
W0814 21:54:46.855355 124305553613888 sqlite_validators.py:168] Expected row CalendarEvent(start_ts=1697439600, end_ts=1697443200, title='Appointment for Annual Report', location='', description='We will prepare for software updates.', repeat_interval=0, repeat_rule=0, reminder_1_minutes=-1, reminder_2_minutes=-1, reminder_3_minutes=-1, reminder_1_type=0, reminder_2_type=0, reminder_3_type=0, repeat_limit=0, repetition_exceptions='[]', attendees='', import_id='', time_zone='UTC', flags=0, event_type=1, parent_id=0, last_updated=0, source='imported-ics', availability=0, color=0, type=0, id=-1) not found in the 'after' state.
Completed step 17.
W0814 21:55:13.855246 124305553613888 sqlite_validators.py:168] Expected row CalendarEvent(start_ts=1697439600, end_ts=1697443200, title='Appointment for Annual Report', location='', description='We will prepare for software updates.', repeat_interval=0, repeat_rule=0, reminder_1_minutes=-1, reminder_2_minutes=-1, reminder_3_minutes=-1, reminder_1_type=0, reminder_2_type=0, reminder_3_type=0, repeat_limit=0, repetition_exceptions='[]', attendees='', import_id='', time_zone='UTC', flags=0, event_type=1, parent_id=0, last_updated=0, source='imported-ics', availability=0, color=0, type=0, id=-1) not found in the 'after' state.
Completed step 18.
W0814 21:55:43.393560 124305553613888 sqlite_validators.py:168] Expected row CalendarEvent(start_ts=1697439600, end_ts=1697443200, title='Appointment for Annual Report', location='', description='We will prepare for software updates.', repeat_interval=0, repeat_rule=0, reminder_1_minutes=-1, reminder_2_minutes=-1, reminder_3_minutes=-1, reminder_1_type=0, reminder_2_type=0, reminder_3_type=0, repeat_limit=0, repetition_exceptions='[]', attendees='', import_id='', time_zone='UTC', flags=0, event_type=1, parent_id=0, last_updated=0, source='imported-ics', availability=0, color=0, type=0, id=-1) not found in the 'after' state.
Completed step 19.
W0814 21:56:12.825916 124305553613888 sqlite_validators.py:168] Expected row CalendarEvent(start_ts=1697439600, end_ts=1697443200, title='Appointment for Annual Report', location='', description='We will prepare for software updates.', repeat_interval=0, repeat_rule=0, reminder_1_minutes=-1, reminder_2_minutes=-1, reminder_3_minutes=-1, reminder_1_type=0, reminder_2_type=0, reminder_3_type=0, repeat_limit=0, repetition_exceptions='[]', attendees='', import_id='', time_zone='UTC', flags=0, event_type=1, parent_id=0, last_updated=0, source='imported-ics', availability=0, color=0, type=0, id=-1) not found in the 'after' state.
Completed step 20.
W0814 21:56:44.290550 124305553613888 sqlite_validators.py:168] Expected row CalendarEvent(start_ts=1697439600, end_ts=1697443200, title='Appointment for Annual Report', location='', description='We will prepare for software updates.', repeat_interval=0, repeat_rule=0, reminder_1_minutes=-1, reminder_2_minutes=-1, reminder_3_minutes=-1, reminder_1_type=0, reminder_2_type=0, reminder_3_type=0, repeat_limit=0, repetition_exceptions='[]', attendees='', import_id='', time_zone='UTC', flags=0, event_type=1, parent_id=0, last_updated=0, source='imported-ics', availability=0, color=0, type=0, id=-1) not found in the 'after' state.
Completed step 21.
W0814 21:57:07.619303 124305553613888 sqlite_validators.py:168] Expected row CalendarEvent(start_ts=1697439600, end_ts=1697443200, title='Appointment for Annual Report', location='', description='We will prepare for software updates.', repeat_interval=0, repeat_rule=0, reminder_1_minutes=-1, reminder_2_minutes=-1, reminder_3_minutes=-1, reminder_1_type=0, reminder_2_type=0, reminder_3_type=0, repeat_limit=0, repetition_exceptions='[]', attendees='', import_id='', time_zone='UTC', flags=0, event_type=1, parent_id=0, last_updated=0, source='imported-ics', availability=0, color=0, type=0, id=-1) not found in the 'after' state.
Completed step 22.
W0814 21:57:29.429818 124305553613888 sqlite_validators.py:168] Expected row CalendarEvent(start_ts=1697439600, end_ts=1697443200, title='Appointment for Annual Report', location='', description='We will prepare for software updates.', repeat_interval=0, repeat_rule=0, reminder_1_minutes=-1, reminder_2_minutes=-1, reminder_3_minutes=-1, reminder_1_type=0, reminder_2_type=0, reminder_3_type=0, repeat_limit=0, repetition_exceptions='[]', attendees='', import_id='', time_zone='UTC', flags=0, event_type=1, parent_id=0, last_updated=0, source='imported-ics', availability=0, color=0, type=0, id=-1) not found in the 'after' state.
Completed step 23.
W0814 21:57:54.498296 124305553613888 sqlite_validators.py:168] Expected row CalendarEvent(start_ts=1697439600, end_ts=1697443200, title='Appointment for Annual Report', location='', description='We will prepare for software updates.', repeat_interval=0, repeat_rule=0, reminder_1_minutes=-1, reminder_2_minutes=-1, reminder_3_minutes=-1, reminder_1_type=0, reminder_2_type=0, reminder_3_type=0, repeat_limit=0, repetition_exceptions='[]', attendees='', import_id='', time_zone='UTC', flags=0, event_type=1, parent_id=0, last_updated=0, source='imported-ics', availability=0, color=0, type=0, id=-1) not found in the 'after' state.
Completed step 24.
W0814 21:58:18.750938 124305553613888 sqlite_validators.py:168] Expected row CalendarEvent(start_ts=1697439600, end_ts=1697443200, title='Appointment for Annual Report', location='', description='We will prepare for software updates.', repeat_interval=0, repeat_rule=0, reminder_1_minutes=-1, reminder_2_minutes=-1, reminder_3_minutes=-1, reminder_1_type=0, reminder_2_type=0, reminder_3_type=0, repeat_limit=0, repetition_exceptions='[]', attendees='', import_id='', time_zone='UTC', flags=0, event_type=1, parent_id=0, last_updated=0, source='imported-ics', availability=0, color=0, type=0, id=-1) not found in the 'after' state.
Completed step 25.
W0814 21:58:39.869228 124305553613888 sqlite_validators.py:168] Expected row CalendarEvent(start_ts=1697439600, end_ts=1697443200, title='Appointment for Annual Report', location='', description='We will prepare for software updates.', repeat_interval=0, repeat_rule=0, reminder_1_minutes=-1, reminder_2_minutes=-1, reminder_3_minutes=-1, reminder_1_type=0, reminder_2_type=0, reminder_3_type=0, repeat_limit=0, repetition_exceptions='[]', attendees='', import_id='', time_zone='UTC', flags=0, event_type=1, parent_id=0, last_updated=0, source='imported-ics', availability=0, color=0, type=0, id=-1) not found in the 'after' state.
Completed step 26.
W0814 21:59:04.125732 124305553613888 sqlite_validators.py:168] Expected row CalendarEvent(start_ts=1697439600, end_ts=1697443200, title='Appointment for Annual Report', location='', description='We will prepare for software updates.', repeat_interval=0, repeat_rule=0, reminder_1_minutes=-1, reminder_2_minutes=-1, reminder_3_minutes=-1, reminder_1_type=0, reminder_2_type=0, reminder_3_type=0, repeat_limit=0, repetition_exceptions='[]', attendees='', import_id='', time_zone='UTC', flags=0, event_type=1, parent_id=0, last_updated=0, source='imported-ics', availability=0, color=0, type=0, id=-1) not found in the 'after' state.
Completed step 27.
W0814 21:59:29.140237 124305553613888 sqlite_validators.py:168] Expected row CalendarEvent(start_ts=1697439600, end_ts=1697443200, title='Appointment for Annual Report', location='', description='We will prepare for software updates.', repeat_interval=0, repeat_rule=0, reminder_1_minutes=-1, reminder_2_minutes=-1, reminder_3_minutes=-1, reminder_1_type=0, reminder_2_type=0, reminder_3_type=0, repeat_limit=0, repetition_exceptions='[]', attendees='', import_id='', time_zone='UTC', flags=0, event_type=1, parent_id=0, last_updated=0, source='imported-ics', availability=0, color=0, type=0, id=-1) not found in the 'after' state.
Completed step 28.
W0814 21:59:50.921440 124305553613888 sqlite_validators.py:168] Expected row CalendarEvent(start_ts=1697439600, end_ts=1697443200, title='Appointment for Annual Report', location='', description='We will prepare for software updates.', repeat_interval=0, repeat_rule=0, reminder_1_minutes=-1, reminder_2_minutes=-1, reminder_3_minutes=-1, reminder_1_type=0, reminder_2_type=0, reminder_3_type=0, repeat_limit=0, repetition_exceptions='[]', attendees='', import_id='', time_zone='UTC', flags=0, event_type=1, parent_id=0, last_updated=0, source='imported-ics', availability=0, color=0, type=0, id=-1) not found in the 'after' state.
Completed step 29.
W0814 22:00:14.803911 124305553613888 sqlite_validators.py:168] Expected row CalendarEvent(start_ts=1697439600, end_ts=1697443200, title='Appointment for Annual Report', location='', description='We will prepare for software updates.', repeat_interval=0, repeat_rule=0, reminder_1_minutes=-1, reminder_2_minutes=-1, reminder_3_minutes=-1, reminder_1_type=0, reminder_2_type=0, reminder_3_type=0, repeat_limit=0, repetition_exceptions='[]', attendees='', import_id='', time_zone='UTC', flags=0, event_type=1, parent_id=0, last_updated=0, source='imported-ics', availability=0, color=0, type=0, id=-1) not found in the 'after' state.
Completed step 30.
W0814 22:00:38.122205 124305553613888 sqlite_validators.py:168] Expected row CalendarEvent(start_ts=1697439600, end_ts=1697443200, title='Appointment for Annual Report', location='', description='We will prepare for software updates.', repeat_interval=0, repeat_rule=0, reminder_1_minutes=-1, reminder_2_minutes=-1, reminder_3_minutes=-1, reminder_1_type=0, reminder_2_type=0, reminder_3_type=0, repeat_limit=0, repetition_exceptions='[]', attendees='', import_id='', time_zone='UTC', flags=0, event_type=1, parent_id=0, last_updated=0, source='imported-ics', availability=0, color=0, type=0, id=-1) not found in the 'after' state.
Completed step 31.
W0814 22:00:59.671390 124305553613888 sqlite_validators.py:168] Expected row CalendarEvent(start_ts=1697439600, end_ts=1697443200, title='Appointment for Annual Report', location='', description='We will prepare for software updates.', repeat_interval=0, repeat_rule=0, reminder_1_minutes=-1, reminder_2_minutes=-1, reminder_3_minutes=-1, reminder_1_type=0, reminder_2_type=0, reminder_3_type=0, repeat_limit=0, repetition_exceptions='[]', attendees='', import_id='', time_zone='UTC', flags=0, event_type=1, parent_id=0, last_updated=0, source='imported-ics', availability=0, color=0, type=0, id=-1) not found in the 'after' state.
Completed step 32.
W0814 22:01:25.285620 124305553613888 sqlite_validators.py:168] Expected row CalendarEvent(start_ts=1697439600, end_ts=1697443200, title='Appointment for Annual Report', location='', description='We will prepare for software updates.', repeat_interval=0, repeat_rule=0, reminder_1_minutes=-1, reminder_2_minutes=-1, reminder_3_minutes=-1, reminder_1_type=0, reminder_2_type=0, reminder_3_type=0, repeat_limit=0, repetition_exceptions='[]', attendees='', import_id='', time_zone='UTC', flags=0, event_type=1, parent_id=0, last_updated=0, source='imported-ics', availability=0, color=0, type=0, id=-1) not found in the 'after' state.
Completed step 33.
W0814 22:01:49.237908 124305553613888 sqlite_validators.py:168] Expected row CalendarEvent(start_ts=1697439600, end_ts=1697443200, title='Appointment for Annual Report', location='', description='We will prepare for software updates.', repeat_interval=0, repeat_rule=0, reminder_1_minutes=-1, reminder_2_minutes=-1, reminder_3_minutes=-1, reminder_1_type=0, reminder_2_type=0, reminder_3_type=0, repeat_limit=0, repetition_exceptions='[]', attendees='', import_id='', time_zone='UTC', flags=0, event_type=1, parent_id=0, last_updated=0, source='imported-ics', availability=0, color=0, type=0, id=-1) not found in the 'after' state.
Completed step 34.
W0814 22:02:10.475178 124305553613888 sqlite_validators.py:168] Expected row CalendarEvent(start_ts=1697439600, end_ts=1697443200, title='Appointment for Annual Report', location='', description='We will prepare for software updates.', repeat_interval=0, repeat_rule=0, reminder_1_minutes=-1, reminder_2_minutes=-1, reminder_3_minutes=-1, reminder_1_type=0, reminder_2_type=0, reminder_3_type=0, repeat_limit=0, repetition_exceptions='[]', attendees='', import_id='', time_zone='UTC', flags=0, event_type=1, parent_id=0, last_updated=0, source='imported-ics', availability=0, color=0, type=0, id=-1) not found in the 'after' state.
Agent did not indicate task is done. Reached max number of steps.
W0814 22:02:10.982656 124305553613888 sqlite_validators.py:168] Expected row CalendarEvent(start_ts=1697439600, end_ts=1697443200, title='Appointment for Annual Report', location='', description='We will prepare for software updates.', repeat_interval=0, repeat_rule=0, reminder_1_minutes=-1, reminder_2_minutes=-1, reminder_3_minutes=-1, reminder_1_type=0, reminder_2_type=0, reminder_3_type=0, repeat_limit=0, repetition_exceptions='[]', attendees='', import_id='', time_zone='UTC', flags=0, event_type=1, parent_id=0, last_updated=0, source='imported-ics', availability=0, color=0, type=0, id=-1) not found in the 'after' state.
Task Failed ❌;  In Simple Calendar Pro, create a calendar event for tomorrow at 7h with the title 'Appointment for Annual Report' and the description 'We will prepare for software updates.'. The event should last for 60 mins.
W0814 22:02:11.205152 124305553613888 task_eval.py:125] Skipping app snapshot loading : Snapshot not found in /data/data/android_world/snapshots/com.simplemobiletools.calendar.pro.


                                       task_num  num_complete_trials  mean_success_rate  mean_episode_length  total_runtime_s  num_fail_trials
task                                                                                                                                          
AudioRecorderRecordAudio                      0                  5.0               0.60                 8.20           685.20              0.0
BrowserDraw                                   1                  5.0               0.00                20.00          1906.30              0.0
CameraTakePhoto                               2                  5.0               0.00                10.00           681.30              0.0
ClockStopWatchPausedVerify                    3                  5.0               0.40                 7.80           760.40              0.0
ClockStopWatchRunning                         4                  5.0               0.20                 4.80           403.60              0.0
ContactsAddContact                            5                  5.0               0.00                12.00          1111.50              0.0
ExpenseAddSingle                              6                  5.0               0.00                12.00          1643.50              0.0
FilesDeleteFile                               7                  5.0               0.00                22.00          2124.20              0.0
MarkorCreateFolder                            8                  5.0               0.00                10.00           875.70              0.0
NotesIsTodo                                   9                  5.0               0.00                 4.20           692.80              0.0
OpenAppTaskEval                              10                  5.0               1.00                 1.80           331.30              0.0
OsmAndFavorite                               11                  5.0               0.00                13.00          1603.50              0.0
RecipeDeleteSingleRecipe                     12                  5.0               0.20                 9.20           831.00              0.0
RecipeDeleteSingleWithRecipeWithNoise        13                  5.0               0.00                20.00          2166.20              0.0
RetroPlayingQueue                            14                  5.0               0.00                32.00          3761.20              0.0
SimpleCalendarAddOneEventTomorrow            15                  5.0               0.00                34.00          4629.30              0.0
========= Average =========                   0                  5.0               0.15                13.81          1512.94              0.0


                         mean_success_rate       
difficulty                            easy medium
tags                                             
complex_ui_understanding                 -    0.0
data_edit                              0.1    0.0
data_entry                             0.0      -
game_playing                           0.0      -
information_retrieval                  0.0      -
parameterized                         0.12    0.0
requires_setup                         0.6      -
screen_reading                         0.0      -
search                                0.07    0.0
untagged                               0.1      -
verification                           0.4      -

Running task: SimpleDrawProCreateDrawing
========================================
W0814 22:02:20.585420 124305553613888 task_eval.py:125] Skipping app snapshot loading : Snapshot not found in /data/data/android_world/snapshots/com.simplemobiletools.draw.pro.
Running task SimpleDrawProCreateDrawing with goal "Create a new drawing in Simple Draw Pro. Name it adipiscing_fair_jelly_final.png. Save it in the Pictures folder within the sdk_gphone_x86_64 storage area."
Completed step 1.
Completed step 2.
Completed step 3.
Completed step 4.
Completed step 5.
Completed step 6.
Completed step 7.
Completed step 8.
Completed step 9.
Completed step 10.
Completed step 11.
Completed step 12.
Completed step 13.
Completed step 14.
Completed step 15.
Completed step 16.
Completed step 17.
Completed step 18.
Agent did not indicate task is done. Reached max number of steps.
Task Failed ❌;  Create a new drawing in Simple Draw Pro. Name it adipiscing_fair_jelly_final.png. Save it in the Pictures folder within the sdk_gphone_x86_64 storage area.
W0814 22:07:43.739404 124305553613888 task_eval.py:125] Skipping app snapshot loading : Snapshot not found in /data/data/android_world/snapshots/com.simplemobiletools.draw.pro.


                                       task_num  num_complete_trials  mean_success_rate  mean_episode_length  total_runtime_s  num_fail_trials
task                                                                                                                                          
AudioRecorderRecordAudio                      0                 5.00               0.60                 8.20           685.20              0.0
BrowserDraw                                   1                 5.00               0.00                20.00          1906.30              0.0
CameraTakePhoto                               2                 5.00               0.00                10.00           681.30              0.0
ClockStopWatchPausedVerify                    3                 5.00               0.40                 7.80           760.40              0.0
ClockStopWatchRunning                         4                 5.00               0.20                 4.80           403.60              0.0
ContactsAddContact                            5                 5.00               0.00                12.00          1111.50              0.0
ExpenseAddSingle                              6                 5.00               0.00                12.00          1643.50              0.0
FilesDeleteFile                               7                 5.00               0.00                22.00          2124.20              0.0
MarkorCreateFolder                            8                 5.00               0.00                10.00           875.70              0.0
NotesIsTodo                                   9                 5.00               0.00                 4.20           692.80              0.0
OpenAppTaskEval                              10                 5.00               1.00                 1.80           331.30              0.0
OsmAndFavorite                               11                 5.00               0.00                13.00          1603.50              0.0
RecipeDeleteSingleRecipe                     12                 5.00               0.20                 9.20           831.00              0.0
RecipeDeleteSingleWithRecipeWithNoise        13                 5.00               0.00                20.00          2166.20              0.0
RetroPlayingQueue                            14                 5.00               0.00                32.00          3761.20              0.0
SimpleCalendarAddOneEventTomorrow            15                 5.00               0.00                34.00          4629.30              0.0
SimpleDrawProCreateDrawing                   16                 1.00               0.00                18.00           323.60              0.0
========= Average =========                   0                 4.76               0.14                14.06          1442.98              0.0


                         mean_success_rate       
difficulty                            easy medium
tags                                             
complex_ui_understanding                 -    0.0
data_edit                              0.1    0.0
data_entry                             0.0      -
game_playing                           0.0      -
information_retrieval                  0.0      -
parameterized                         0.11    0.0
requires_setup                         0.6      -
screen_reading                         0.0      -
search                                0.07    0.0
untagged                               0.1      -
verification                           0.4      -
W0814 22:07:49.904973 124305553613888 task_eval.py:125] Skipping app snapshot loading : Snapshot not found in /data/data/android_world/snapshots/com.simplemobiletools.draw.pro.
Running task SimpleDrawProCreateDrawing with goal "Create a new drawing in Simple Draw Pro. Name it amet_tough_mouse_YjdS.svg. Save it in the Pictures folder within the sdk_gphone_x86_64 storage area."
Completed step 1.
Completed step 2.
Completed step 3.
Completed step 4.
Completed step 5.
Completed step 6.
Completed step 7.
Completed step 8.
Completed step 9.
Completed step 10.
Completed step 11.
Completed step 12.
Completed step 13.
Completed step 14.
Completed step 15.
Completed step 16.
Completed step 17.
Completed step 18.
Agent did not indicate task is done. Reached max number of steps.
Task Failed ❌;  Create a new drawing in Simple Draw Pro. Name it amet_tough_mouse_YjdS.svg. Save it in the Pictures folder within the sdk_gphone_x86_64 storage area.
W0814 22:12:55.118245 124305553613888 task_eval.py:125] Skipping app snapshot loading : Snapshot not found in /data/data/android_world/snapshots/com.simplemobiletools.draw.pro.


                                       task_num  num_complete_trials  mean_success_rate  mean_episode_length  total_runtime_s  num_fail_trials
task                                                                                                                                          
AudioRecorderRecordAudio                      0                 5.00               0.60                 8.20           685.20              0.0
BrowserDraw                                   1                 5.00               0.00                20.00          1906.30              0.0
CameraTakePhoto                               2                 5.00               0.00                10.00           681.30              0.0
ClockStopWatchPausedVerify                    3                 5.00               0.40                 7.80           760.40              0.0
ClockStopWatchRunning                         4                 5.00               0.20                 4.80           403.60              0.0
ContactsAddContact                            5                 5.00               0.00                12.00          1111.50              0.0
ExpenseAddSingle                              6                 5.00               0.00                12.00          1643.50              0.0
FilesDeleteFile                               7                 5.00               0.00                22.00          2124.20              0.0
MarkorCreateFolder                            8                 5.00               0.00                10.00           875.70              0.0
NotesIsTodo                                   9                 5.00               0.00                 4.20           692.80              0.0
OpenAppTaskEval                              10                 5.00               1.00                 1.80           331.30              0.0
OsmAndFavorite                               11                 5.00               0.00                13.00          1603.50              0.0
RecipeDeleteSingleRecipe                     12                 5.00               0.20                 9.20           831.00              0.0
RecipeDeleteSingleWithRecipeWithNoise        13                 5.00               0.00                20.00          2166.20              0.0
RetroPlayingQueue                            14                 5.00               0.00                32.00          3761.20              0.0
SimpleCalendarAddOneEventTomorrow            15                 5.00               0.00                34.00          4629.30              0.0
SimpleDrawProCreateDrawing                   16                 2.00               0.00                18.00           629.30              0.0
========= Average =========                   0                 4.82               0.14                14.06          1460.96              0.0


                         mean_success_rate       
difficulty                            easy medium
tags                                             
complex_ui_understanding                 -    0.0
data_edit                              0.1    0.0
data_entry                             0.0      -
game_playing                           0.0      -
information_retrieval                  0.0      -
parameterized                         0.11    0.0
requires_setup                         0.6      -
screen_reading                         0.0      -
search                                0.07    0.0
untagged                               0.1      -
verification                           0.4      -
W0814 22:13:01.229793 124305553613888 task_eval.py:125] Skipping app snapshot loading : Snapshot not found in /data/data/android_world/snapshots/com.simplemobiletools.draw.pro.
Running task SimpleDrawProCreateDrawing with goal "Create a new drawing in Simple Draw Pro. Name it consectetur_aKj4_pretty_pig.jpg. Save it in the Pictures folder within the sdk_gphone_x86_64 storage area."
Completed step 1.
Completed step 2.
Completed step 3.
Completed step 4.
Completed step 5.
Completed step 6.
Completed step 7.
Completed step 8.
Completed step 9.
Completed step 10.
Completed step 11.
Completed step 12.
Completed step 13.
Completed step 14.
Completed step 15.
Completed step 16.
Completed step 17.
Completed step 18.
Agent did not indicate task is done. Reached max number of steps.
Task Failed ❌;  Create a new drawing in Simple Draw Pro. Name it consectetur_aKj4_pretty_pig.jpg. Save it in the Pictures folder within the sdk_gphone_x86_64 storage area.
W0814 22:20:34.781342 124305553613888 task_eval.py:125] Skipping app snapshot loading : Snapshot not found in /data/data/android_world/snapshots/com.simplemobiletools.draw.pro.


                                       task_num  num_complete_trials  mean_success_rate  mean_episode_length  total_runtime_s  num_fail_trials
task                                                                                                                                          
AudioRecorderRecordAudio                      0                 5.00               0.60                 8.20           685.20              0.0
BrowserDraw                                   1                 5.00               0.00                20.00          1906.30              0.0
CameraTakePhoto                               2                 5.00               0.00                10.00           681.30              0.0
ClockStopWatchPausedVerify                    3                 5.00               0.40                 7.80           760.40              0.0
ClockStopWatchRunning                         4                 5.00               0.20                 4.80           403.60              0.0
ContactsAddContact                            5                 5.00               0.00                12.00          1111.50              0.0
ExpenseAddSingle                              6                 5.00               0.00                12.00          1643.50              0.0
FilesDeleteFile                               7                 5.00               0.00                22.00          2124.20              0.0
MarkorCreateFolder                            8                 5.00               0.00                10.00           875.70              0.0
NotesIsTodo                                   9                 5.00               0.00                 4.20           692.80              0.0
OpenAppTaskEval                              10                 5.00               1.00                 1.80           331.30              0.0
OsmAndFavorite                               11                 5.00               0.00                13.00          1603.50              0.0
RecipeDeleteSingleRecipe                     12                 5.00               0.20                 9.20           831.00              0.0
RecipeDeleteSingleWithRecipeWithNoise        13                 5.00               0.00                20.00          2166.20              0.0
RetroPlayingQueue                            14                 5.00               0.00                32.00          3761.20              0.0
SimpleCalendarAddOneEventTomorrow            15                 5.00               0.00                34.00          4629.30              0.0
SimpleDrawProCreateDrawing                   16                 3.00               0.00                18.00          1083.20              0.0
========= Average =========                   0                 4.88               0.14                14.06          1487.66              0.0


                         mean_success_rate       
difficulty                            easy medium
tags                                             
complex_ui_understanding                 -    0.0
data_edit                              0.1    0.0
data_entry                             0.0      -
game_playing                           0.0      -
information_retrieval                  0.0      -
parameterized                         0.11    0.0
requires_setup                         0.6      -
screen_reading                         0.0      -
search                                0.07    0.0
untagged                               0.1      -
verification                           0.4      -
W0814 22:20:39.652487 124305553613888 task_eval.py:125] Skipping app snapshot loading : Snapshot not found in /data/data/android_world/snapshots/com.simplemobiletools.draw.pro.
Running task SimpleDrawProCreateDrawing with goal "Create a new drawing in Simple Draw Pro. Name it adipiscing_GiPn_good_dog.svg. Save it in the Pictures folder within the sdk_gphone_x86_64 storage area."
Completed step 1.
Completed step 2.
Completed step 3.
Completed step 4.
Completed step 5.
Completed step 6.
Completed step 7.
Completed step 8.
Completed step 9.
Completed step 10.
Completed step 11.
Completed step 12.
Completed step 13.
Completed step 14.
Completed step 15.
Completed step 16.
Completed step 17.
Completed step 18.
Agent did not indicate task is done. Reached max number of steps.
Task Failed ❌;  Create a new drawing in Simple Draw Pro. Name it adipiscing_GiPn_good_dog.svg. Save it in the Pictures folder within the sdk_gphone_x86_64 storage area.
W0814 22:28:58.910119 124305553613888 task_eval.py:125] Skipping app snapshot loading : Snapshot not found in /data/data/android_world/snapshots/com.simplemobiletools.draw.pro.


                                       task_num  num_complete_trials  mean_success_rate  mean_episode_length  total_runtime_s  num_fail_trials
task                                                                                                                                          
AudioRecorderRecordAudio                      0                 5.00               0.60                 8.20           685.20              0.0
BrowserDraw                                   1                 5.00               0.00                20.00          1906.30              0.0
CameraTakePhoto                               2                 5.00               0.00                10.00           681.30              0.0
ClockStopWatchPausedVerify                    3                 5.00               0.40                 7.80           760.40              0.0
ClockStopWatchRunning                         4                 5.00               0.20                 4.80           403.60              0.0
ContactsAddContact                            5                 5.00               0.00                12.00          1111.50              0.0
ExpenseAddSingle                              6                 5.00               0.00                12.00          1643.50              0.0
FilesDeleteFile                               7                 5.00               0.00                22.00          2124.20              0.0
MarkorCreateFolder                            8                 5.00               0.00                10.00           875.70              0.0
NotesIsTodo                                   9                 5.00               0.00                 4.20           692.80              0.0
OpenAppTaskEval                              10                 5.00               1.00                 1.80           331.30              0.0
OsmAndFavorite                               11                 5.00               0.00                13.00          1603.50              0.0
RecipeDeleteSingleRecipe                     12                 5.00               0.20                 9.20           831.00              0.0
RecipeDeleteSingleWithRecipeWithNoise        13                 5.00               0.00                20.00          2166.20              0.0
RetroPlayingQueue                            14                 5.00               0.00                32.00          3761.20              0.0
SimpleCalendarAddOneEventTomorrow            15                 5.00               0.00                34.00          4629.30              0.0
SimpleDrawProCreateDrawing                   16                 4.00               0.00                18.00          1583.00              0.0
========= Average =========                   0                 4.94               0.14                14.06          1517.06              0.0


                         mean_success_rate       
difficulty                            easy medium
tags                                             
complex_ui_understanding                 -    0.0
data_edit                              0.1    0.0
data_entry                             0.0      -
game_playing                           0.0      -
information_retrieval                  0.0      -
parameterized                         0.11    0.0
requires_setup                         0.6      -
screen_reading                         0.0      -
search                                0.07    0.0
untagged                               0.1      -
verification                           0.4      -
W0814 22:29:04.295220 124305553613888 task_eval.py:125] Skipping app snapshot loading : Snapshot not found in /data/data/android_world/snapshots/com.simplemobiletools.draw.pro.
Running task SimpleDrawProCreateDrawing with goal "Create a new drawing in Simple Draw Pro. Name it elit_sharp_elephant_gi4h.jpg. Save it in the Pictures folder within the sdk_gphone_x86_64 storage area."
Completed step 1.
Completed step 2.
Completed step 3.
Completed step 4.
Completed step 5.
Completed step 6.
Completed step 7.
Completed step 8.
Completed step 9.
Completed step 10.
Completed step 11.
Completed step 12.
Completed step 13.
Completed step 14.
Completed step 15.
Completed step 16.
Completed step 17.
Completed step 18.
Environment ends episode.
Task Successful ✅;  Create a new drawing in Simple Draw Pro. Name it elit_sharp_elephant_gi4h.jpg. Save it in the Pictures folder within the sdk_gphone_x86_64 storage area.
W0814 22:36:49.828294 124305553613888 task_eval.py:125] Skipping app snapshot loading : Snapshot not found in /data/data/android_world/snapshots/com.simplemobiletools.draw.pro.


                                       task_num  num_complete_trials  mean_success_rate  mean_episode_length  total_runtime_s  num_fail_trials
task                                                                                                                                          
AudioRecorderRecordAudio                      0                  5.0               0.60                 8.20           685.20              0.0
BrowserDraw                                   1                  5.0               0.00                20.00          1906.30              0.0
CameraTakePhoto                               2                  5.0               0.00                10.00           681.30              0.0
ClockStopWatchPausedVerify                    3                  5.0               0.40                 7.80           760.40              0.0
ClockStopWatchRunning                         4                  5.0               0.20                 4.80           403.60              0.0
ContactsAddContact                            5                  5.0               0.00                12.00          1111.50              0.0
ExpenseAddSingle                              6                  5.0               0.00                12.00          1643.50              0.0
FilesDeleteFile                               7                  5.0               0.00                22.00          2124.20              0.0
MarkorCreateFolder                            8                  5.0               0.00                10.00           875.70              0.0
NotesIsTodo                                   9                  5.0               0.00                 4.20           692.80              0.0
OpenAppTaskEval                              10                  5.0               1.00                 1.80           331.30              0.0
OsmAndFavorite                               11                  5.0               0.00                13.00          1603.50              0.0
RecipeDeleteSingleRecipe                     12                  5.0               0.20                 9.20           831.00              0.0
RecipeDeleteSingleWithRecipeWithNoise        13                  5.0               0.00                20.00          2166.20              0.0
RetroPlayingQueue                            14                  5.0               0.00                32.00          3761.20              0.0
SimpleCalendarAddOneEventTomorrow            15                  5.0               0.00                34.00          4629.30              0.0
SimpleDrawProCreateDrawing                   16                  5.0               0.20                18.00          2049.00              0.0
========= Average =========                   0                  5.0               0.15                14.06          1544.47              0.0


                         mean_success_rate       
difficulty                            easy medium
tags                                             
complex_ui_understanding                 -    0.0
data_edit                              0.1    0.0
data_entry                            0.04      -
game_playing                           0.0      -
information_retrieval                  0.0      -
parameterized                         0.13    0.0
requires_setup                         0.6      -
screen_reading                         0.0      -
search                                0.07    0.0
untagged                               0.1      -
verification                           0.4      -

Running task: SimpleSmsReply
============================
W0814 22:36:59.317920 124305553613888 task_eval.py:125] Skipping app snapshot loading : Snapshot not found in /data/data/android_world/snapshots/com.simplemobiletools.smsmessenger.
Running task SimpleSmsReply with goal "Reply to +18407874306 with message: Yoga class every Tuesday and Thursday at 6 PM. in Simple SMS Messenger"
Completed step 1.
Completed step 2.
Completed step 3.
Completed step 4.
Completed step 5.
Completed step 6.
Completed step 7.
Completed step 8.
Completed step 9.
Completed step 10.
Completed step 11.
Completed step 12.
Agent did not indicate task is done. Reached max number of steps.
Task Failed ❌;  Reply to +18407874306 with message: Yoga class every Tuesday and Thursday at 6 PM. in Simple SMS Messenger
W0814 22:42:25.231930 124305553613888 task_eval.py:125] Skipping app snapshot loading : Snapshot not found in /data/data/android_world/snapshots/com.simplemobiletools.smsmessenger.


                                       task_num  num_complete_trials  mean_success_rate  mean_episode_length  total_runtime_s  num_fail_trials
task                                                                                                                                          
AudioRecorderRecordAudio                      0                 5.00               0.60                 8.20           685.20              0.0
BrowserDraw                                   1                 5.00               0.00                20.00          1906.30              0.0
CameraTakePhoto                               2                 5.00               0.00                10.00           681.30              0.0
ClockStopWatchPausedVerify                    3                 5.00               0.40                 7.80           760.40              0.0
ClockStopWatchRunning                         4                 5.00               0.20                 4.80           403.60              0.0
ContactsAddContact                            5                 5.00               0.00                12.00          1111.50              0.0
ExpenseAddSingle                              6                 5.00               0.00                12.00          1643.50              0.0
FilesDeleteFile                               7                 5.00               0.00                22.00          2124.20              0.0
MarkorCreateFolder                            8                 5.00               0.00                10.00           875.70              0.0
NotesIsTodo                                   9                 5.00               0.00                 4.20           692.80              0.0
OpenAppTaskEval                              10                 5.00               1.00                 1.80           331.30              0.0
OsmAndFavorite                               11                 5.00               0.00                13.00          1603.50              0.0
RecipeDeleteSingleRecipe                     12                 5.00               0.20                 9.20           831.00              0.0
RecipeDeleteSingleWithRecipeWithNoise        13                 5.00               0.00                20.00          2166.20              0.0
RetroPlayingQueue                            14                 5.00               0.00                32.00          3761.20              0.0
SimpleCalendarAddOneEventTomorrow            15                 5.00               0.00                34.00          4629.30              0.0
SimpleDrawProCreateDrawing                   16                 5.00               0.20                18.00          2049.00              0.0
SimpleSmsReply                               17                 1.00               0.00                12.00           326.30              0.0
========= Average =========                   0                 4.78               0.14                13.94          1476.79              0.0


                         mean_success_rate       
difficulty                            easy medium
tags                                             
complex_ui_understanding                 -    0.0
data_edit                              0.1    0.0
data_entry                            0.03      -
game_playing                           0.0      -
information_retrieval                  0.0      -
parameterized                         0.12    0.0
requires_setup                         0.6      -
screen_reading                         0.0      -
search                                0.05    0.0
untagged                               0.1      -
verification                           0.4      -
W0814 22:42:27.913023 124305553613888 task_eval.py:125] Skipping app snapshot loading : Snapshot not found in /data/data/android_world/snapshots/com.simplemobiletools.smsmessenger.
Running task SimpleSmsReply with goal "Reply to +10054823973 with message: Pick up groceries: Milk and Bread and Apples. in Simple SMS Messenger"
Completed step 1.
Completed step 2.
Completed step 3.
Completed step 4.
Completed step 5.
E0814 22:45:16.872681 124305553613888 adb_controller.py:131] Failed to execute ADB command (try 1 of 3): [adb -P 5037 -s emulator-5554 shell dumpsys input | grep physicalFrame]
Traceback (most recent call last):
  File "/home/suyichn/miniconda3/envs/android_world/lib/python3.11/site-packages/android_env/components/adb_controller.py", line 122, in execute_command
    cmd_output = subprocess.check_output(
                 ^^^^^^^^^^^^^^^^^^^^^^^^
  File "/home/suyichn/miniconda3/envs/android_world/lib/python3.11/subprocess.py", line 466, in check_output
    return run(*popenargs, stdout=PIPE, timeout=timeout, check=True,
           ^^^^^^^^^^^^^^^^^^^^^^^^^^^^^^^^^^^^^^^^^^^^^^^^^^^^^^^^^
  File "/home/suyichn/miniconda3/envs/android_world/lib/python3.11/subprocess.py", line 550, in run
    stdout, stderr = process.communicate(input, timeout=timeout)
                     ^^^^^^^^^^^^^^^^^^^^^^^^^^^^^^^^^^^^^^^^^^^
  File "/home/suyichn/miniconda3/envs/android_world/lib/python3.11/subprocess.py", line 1209, in communicate
    stdout, stderr = self._communicate(input, endtime, timeout)
                     ^^^^^^^^^^^^^^^^^^^^^^^^^^^^^^^^^^^^^^^^^^
  File "/home/suyichn/miniconda3/envs/android_world/lib/python3.11/subprocess.py", line 2116, in _communicate
    self._check_timeout(endtime, orig_timeout, stdout, stderr)
  File "/home/suyichn/miniconda3/envs/android_world/lib/python3.11/subprocess.py", line 1253, in _check_timeout
    raise TimeoutExpired(
subprocess.TimeoutExpired: Command '['/home/suyichn/Android/Sdk/platform-tools/adb', '-P', '5037', '-s', 'emulator-5554', 'shell', 'dumpsys', 'input', '|', 'grep', 'physicalFrame']' timed out after 10.0 seconds
E0814 22:45:21.573028 124305553613888 adb_controller.py:131] Failed to execute ADB command (try 2 of 3): [adb -P 5037 -s emulator-5554 shell dumpsys input | grep physicalFrame]
Traceback (most recent call last):
  File "/home/suyichn/miniconda3/envs/android_world/lib/python3.11/site-packages/android_env/components/adb_controller.py", line 122, in execute_command
    cmd_output = subprocess.check_output(
                 ^^^^^^^^^^^^^^^^^^^^^^^^
  File "/home/suyichn/miniconda3/envs/android_world/lib/python3.11/subprocess.py", line 466, in check_output
    return run(*popenargs, stdout=PIPE, timeout=timeout, check=True,
           ^^^^^^^^^^^^^^^^^^^^^^^^^^^^^^^^^^^^^^^^^^^^^^^^^^^^^^^^^
  File "/home/suyichn/miniconda3/envs/android_world/lib/python3.11/subprocess.py", line 571, in run
    raise CalledProcessError(retcode, process.args,
subprocess.CalledProcessError: Command '['/home/suyichn/Android/Sdk/platform-tools/adb', '-P', '5037', '-s', 'emulator-5554', 'shell', 'dumpsys', 'input', '|', 'grep', 'physicalFrame']' returned non-zero exit status 1.
E0814 22:45:21.573590 124305553613888 adb_controller.py:135] **stdout**:
E0814 22:45:21.573687 124305553613888 adb_controller.py:137]     b'adb.exe: device offline'
~~~~~~~~~~~~~~~~~~~~~~~~~~~~~~~~~~~~~~~~~~~~~~~~~~~~~~~~~~~~~~~~~~~~~~~~~~~~~~~~
SKIPPING SimpleSmsReply.
E0814 22:45:21.574004 124305553613888 suite_utils.py:302] Logging exception and skipping task. Will keep running. Task: SimpleSmsReply: Error executing adb command: [adb -P 5037 -s emulator-5554 shell dumpsys input | grep physicalFrame]
Caused by: Command '['/home/suyichn/Android/Sdk/platform-tools/adb', '-P', '5037', '-s', 'emulator-5554', 'shell', 'dumpsys', 'input', '|', 'grep', 'physicalFrame']' returned non-zero exit status 1.
adb stdout: [b'adb.exe: device offline\r\n']
adb stderr: [None]
Traceback (most recent call last):
  File "/home/suyichn/miniconda3/envs/android_world/lib/python3.11/site-packages/android_env/components/adb_controller.py", line 122, in execute_command
    cmd_output = subprocess.check_output(
                 ^^^^^^^^^^^^^^^^^^^^^^^^
  File "/home/suyichn/miniconda3/envs/android_world/lib/python3.11/subprocess.py", line 466, in check_output
    return run(*popenargs, stdout=PIPE, timeout=timeout, check=True,
           ^^^^^^^^^^^^^^^^^^^^^^^^^^^^^^^^^^^^^^^^^^^^^^^^^^^^^^^^^
  File "/home/suyichn/miniconda3/envs/android_world/lib/python3.11/subprocess.py", line 571, in run
    raise CalledProcessError(retcode, process.args,
subprocess.CalledProcessError: Command '['/home/suyichn/Android/Sdk/platform-tools/adb', '-P', '5037', '-s', 'emulator-5554', 'shell', 'dumpsys', 'input', '|', 'grep', 'physicalFrame']' returned non-zero exit status 1.

The above exception was the direct cause of the following exception:

Traceback (most recent call last):
  File "/home/suyichn/projects/android_world/android_world/suite_utils.py", line 296, in _run_task
    interaction_results = run_episode(task)
                          ^^^^^^^^^^^^^^^^^
  File "/home/suyichn/projects/android_world/android_world/suite_utils.py", line 517, in run_episode
    return episode_runner.run_episode(
           ^^^^^^^^^^^^^^^^^^^^^^^^^^^
  File "/home/suyichn/projects/android_world/android_world/episode_runner.py", line 81, in run_episode
    result = agent.step(goal)
             ^^^^^^^^^^^^^^^^
  File "/home/suyichn/projects/android_world/dms/androidworld_agent.py", line 336, in step
    before = _observe(self.env, before_state)
             ^^^^^^^^^^^^^^^^^^^^^^^^^^^^^^^^
  File "/home/suyichn/projects/android_world/dms/androidworld_agent.py", line 173, in _observe
    env.physical_frame_boundary,
    ^^^^^^^^^^^^^^^^^^^^^^^^^^^
  File "/home/suyichn/projects/android_world/android_world/env/interface.py", line 365, in physical_frame_boundary
    return adb_utils.get_physical_frame_boundary(self.controller)
           ^^^^^^^^^^^^^^^^^^^^^^^^^^^^^^^^^^^^^^^^^^^^^^^^^^^^^^
  File "/home/suyichn/projects/android_world/android_world/env/adb_utils.py", line 1653, in get_physical_frame_boundary
    response = issue_generic_request(
               ^^^^^^^^^^^^^^^^^^^^^^
  File "/home/suyichn/projects/android_world/android_world/env/adb_utils.py", line 577, in issue_generic_request
    response = env.execute_adb_call(
               ^^^^^^^^^^^^^^^^^^^^^
  File "/home/suyichn/miniconda3/envs/android_world/lib/python3.11/site-packages/android_env/wrappers/base_wrapper.py", line 101, in execute_adb_call
    return self._env.execute_adb_call(adb_call)
           ^^^^^^^^^^^^^^^^^^^^^^^^^^^^^^^^^^^^
  File "/home/suyichn/miniconda3/envs/android_world/lib/python3.11/site-packages/android_env/wrappers/base_wrapper.py", line 101, in execute_adb_call
    return self._env.execute_adb_call(adb_call)
           ^^^^^^^^^^^^^^^^^^^^^^^^^^^^^^^^^^^^
  File "/home/suyichn/miniconda3/envs/android_world/lib/python3.11/site-packages/android_env/environment.py", line 150, in execute_adb_call
    return self._coordinator.execute_adb_call(call)
           ^^^^^^^^^^^^^^^^^^^^^^^^^^^^^^^^^^^^^^^^
  File "/home/suyichn/miniconda3/envs/android_world/lib/python3.11/site-packages/android_env/components/coordinator.py", line 180, in execute_adb_call
    return self._adb_call_parser.parse(call)
           ^^^^^^^^^^^^^^^^^^^^^^^^^^^^^^^^^
  File "/home/suyichn/miniconda3/envs/android_world/lib/python3.11/site-packages/android_env/components/adb_call_parser.py", line 111, in parse
    return self._handlers[command_type](request, timeout)
           ^^^^^^^^^^^^^^^^^^^^^^^^^^^^^^^^^^^^^^^^^^^^^^
  File "/home/suyichn/miniconda3/envs/android_world/lib/python3.11/site-packages/android_env/components/adb_call_parser.py", line 765, in _handle_generic
    response, command_output = self._execute_command(
                               ^^^^^^^^^^^^^^^^^^^^^^
  File "/home/suyichn/miniconda3/envs/android_world/lib/python3.11/site-packages/android_env/components/adb_call_parser.py", line 81, in _execute_command
    command_output = self._adb_controller.execute_command(
                     ^^^^^^^^^^^^^^^^^^^^^^^^^^^^^^^^^^^^^
  File "/home/suyichn/miniconda3/envs/android_world/lib/python3.11/site-packages/android_env/components/adb_controller.py", line 147, in execute_command
    raise errors.AdbControllerError(
android_env.components.errors.AdbControllerError: Error executing adb command: [adb -P 5037 -s emulator-5554 shell dumpsys input | grep physicalFrame]
Caused by: Command '['/home/suyichn/Android/Sdk/platform-tools/adb', '-P', '5037', '-s', 'emulator-5554', 'shell', 'dumpsys', 'input', '|', 'grep', 'physicalFrame']' returned non-zero exit status 1.
adb stdout: [b'adb.exe: device offline\r\n']
adb stderr: [None]
Traceback (most recent call last):
  File "/home/suyichn/miniconda3/envs/android_world/lib/python3.11/site-packages/android_env/components/adb_controller.py", line 122, in execute_command
    cmd_output = subprocess.check_output(
                 ^^^^^^^^^^^^^^^^^^^^^^^^
  File "/home/suyichn/miniconda3/envs/android_world/lib/python3.11/subprocess.py", line 466, in check_output
    return run(*popenargs, stdout=PIPE, timeout=timeout, check=True,
           ^^^^^^^^^^^^^^^^^^^^^^^^^^^^^^^^^^^^^^^^^^^^^^^^^^^^^^^^^
  File "/home/suyichn/miniconda3/envs/android_world/lib/python3.11/subprocess.py", line 571, in run
    raise CalledProcessError(retcode, process.args,
subprocess.CalledProcessError: Command '['/home/suyichn/Android/Sdk/platform-tools/adb', '-P', '5037', '-s', 'emulator-5554', 'shell', 'dumpsys', 'input', '|', 'grep', 'physicalFrame']' returned non-zero exit status 1.

The above exception was the direct cause of the following exception:

Traceback (most recent call last):
  File "/home/suyichn/projects/android_world/android_world/suite_utils.py", line 296, in _run_task
    interaction_results = run_episode(task)
                          ^^^^^^^^^^^^^^^^^
  File "/home/suyichn/projects/android_world/android_world/suite_utils.py", line 517, in run_episode
    return episode_runner.run_episode(
           ^^^^^^^^^^^^^^^^^^^^^^^^^^^
  File "/home/suyichn/projects/android_world/android_world/episode_runner.py", line 81, in run_episode
    result = agent.step(goal)
             ^^^^^^^^^^^^^^^^
  File "/home/suyichn/projects/android_world/dms/androidworld_agent.py", line 336, in step
    before = _observe(self.env, before_state)
             ^^^^^^^^^^^^^^^^^^^^^^^^^^^^^^^^
  File "/home/suyichn/projects/android_world/dms/androidworld_agent.py", line 173, in _observe
    env.physical_frame_boundary,
    ^^^^^^^^^^^^^^^^^^^^^^^^^^^
  File "/home/suyichn/projects/android_world/android_world/env/interface.py", line 365, in physical_frame_boundary
    return adb_utils.get_physical_frame_boundary(self.controller)
           ^^^^^^^^^^^^^^^^^^^^^^^^^^^^^^^^^^^^^^^^^^^^^^^^^^^^^^
  File "/home/suyichn/projects/android_world/android_world/env/adb_utils.py", line 1653, in get_physical_frame_boundary
    response = issue_generic_request(
               ^^^^^^^^^^^^^^^^^^^^^^
  File "/home/suyichn/projects/android_world/android_world/env/adb_utils.py", line 577, in issue_generic_request
    response = env.execute_adb_call(
               ^^^^^^^^^^^^^^^^^^^^^
  File "/home/suyichn/miniconda3/envs/android_world/lib/python3.11/site-packages/android_env/wrappers/base_wrapper.py", line 101, in execute_adb_call
    return self._env.execute_adb_call(adb_call)
           ^^^^^^^^^^^^^^^^^^^^^^^^^^^^^^^^^^^^
  File "/home/suyichn/miniconda3/envs/android_world/lib/python3.11/site-packages/android_env/wrappers/base_wrapper.py", line 101, in execute_adb_call
    return self._env.execute_adb_call(adb_call)
           ^^^^^^^^^^^^^^^^^^^^^^^^^^^^^^^^^^^^
  File "/home/suyichn/miniconda3/envs/android_world/lib/python3.11/site-packages/android_env/environment.py", line 150, in execute_adb_call
    return self._coordinator.execute_adb_call(call)
           ^^^^^^^^^^^^^^^^^^^^^^^^^^^^^^^^^^^^^^^^
  File "/home/suyichn/miniconda3/envs/android_world/lib/python3.11/site-packages/android_env/components/coordinator.py", line 180, in execute_adb_call
    return self._adb_call_parser.parse(call)
           ^^^^^^^^^^^^^^^^^^^^^^^^^^^^^^^^^
  File "/home/suyichn/miniconda3/envs/android_world/lib/python3.11/site-packages/android_env/components/adb_call_parser.py", line 111, in parse
    return self._handlers[command_type](request, timeout)
           ^^^^^^^^^^^^^^^^^^^^^^^^^^^^^^^^^^^^^^^^^^^^^^
  File "/home/suyichn/miniconda3/envs/android_world/lib/python3.11/site-packages/android_env/components/adb_call_parser.py", line 765, in _handle_generic
    response, command_output = self._execute_command(
                               ^^^^^^^^^^^^^^^^^^^^^^
  File "/home/suyichn/miniconda3/envs/android_world/lib/python3.11/site-packages/android_env/components/adb_call_parser.py", line 81, in _execute_command
    command_output = self._adb_controller.execute_command(
                     ^^^^^^^^^^^^^^^^^^^^^^^^^^^^^^^^^^^^^
  File "/home/suyichn/miniconda3/envs/android_world/lib/python3.11/site-packages/android_env/components/adb_controller.py", line 147, in execute_command
    raise errors.AdbControllerError(
android_env.components.errors.AdbControllerError: Error executing adb command: [adb -P 5037 -s emulator-5554 shell dumpsys input | grep physicalFrame]
Caused by: Command '['/home/suyichn/Android/Sdk/platform-tools/adb', '-P', '5037', '-s', 'emulator-5554', 'shell', 'dumpsys', 'input', '|', 'grep', 'physicalFrame']' returned non-zero exit status 1.
adb stdout: [b'adb.exe: device offline\r\n']
adb stderr: [None]


                                       task_num  num_complete_trials  mean_success_rate  mean_episode_length  total_runtime_s  num_fail_trials
task                                                                                                                                          
AudioRecorderRecordAudio                      0                 5.00               0.60                 8.20           685.20             0.00
BrowserDraw                                   1                 5.00               0.00                20.00          1906.30             0.00
CameraTakePhoto                               2                 5.00               0.00                10.00           681.30             0.00
ClockStopWatchPausedVerify                    3                 5.00               0.40                 7.80           760.40             0.00
ClockStopWatchRunning                         4                 5.00               0.20                 4.80           403.60             0.00
ContactsAddContact                            5                 5.00               0.00                12.00          1111.50             0.00
ExpenseAddSingle                              6                 5.00               0.00                12.00          1643.50             0.00
FilesDeleteFile                               7                 5.00               0.00                22.00          2124.20             0.00
MarkorCreateFolder                            8                 5.00               0.00                10.00           875.70             0.00
NotesIsTodo                                   9                 5.00               0.00                 4.20           692.80             0.00
OpenAppTaskEval                              10                 5.00               1.00                 1.80           331.30             0.00
OsmAndFavorite                               11                 5.00               0.00                13.00          1603.50             0.00
RecipeDeleteSingleRecipe                     12                 5.00               0.20                 9.20           831.00             0.00
RecipeDeleteSingleWithRecipeWithNoise        13                 5.00               0.00                20.00          2166.20             0.00
RetroPlayingQueue                            14                 5.00               0.00                32.00          3761.20             0.00
SimpleCalendarAddOneEventTomorrow            15                 5.00               0.00                34.00          4629.30             0.00
SimpleDrawProCreateDrawing                   16                 5.00               0.20                18.00          2049.00             0.00
SimpleSmsReply                               17                 1.00               0.00                12.00           500.80             1.00
========= Average =========                   0                 4.78               0.14                13.94          1486.49             0.06


                         mean_success_rate       
difficulty                            easy medium
tags                                             
complex_ui_understanding                 -    0.0
data_edit                              0.1    0.0
data_entry                            0.03      -
game_playing                           0.0      -
information_retrieval                  0.0      -
parameterized                         0.12    0.0
requires_setup                         0.6      -
screen_reading                         0.0      -
search                                0.05    0.0
untagged                               0.1      -
verification                           0.4      -
E0814 22:45:21.722875 124305553613888 adb_controller.py:131] Failed to execute ADB command (try 1 of 3): [adb -P 5037 -s emulator-5554 shell whoami]
Traceback (most recent call last):
  File "/home/suyichn/miniconda3/envs/android_world/lib/python3.11/site-packages/android_env/components/adb_controller.py", line 122, in execute_command
    cmd_output = subprocess.check_output(
                 ^^^^^^^^^^^^^^^^^^^^^^^^
  File "/home/suyichn/miniconda3/envs/android_world/lib/python3.11/subprocess.py", line 466, in check_output
    return run(*popenargs, stdout=PIPE, timeout=timeout, check=True,
           ^^^^^^^^^^^^^^^^^^^^^^^^^^^^^^^^^^^^^^^^^^^^^^^^^^^^^^^^^
  File "/home/suyichn/miniconda3/envs/android_world/lib/python3.11/subprocess.py", line 571, in run
    raise CalledProcessError(retcode, process.args,
subprocess.CalledProcessError: Command '['/home/suyichn/Android/Sdk/platform-tools/adb', '-P', '5037', '-s', 'emulator-5554', 'shell', 'whoami']' returned non-zero exit status 1.
E0814 22:45:21.723244 124305553613888 adb_controller.py:135] **stdout**:
E0814 22:45:21.723292 124305553613888 adb_controller.py:137]     b'adb.exe: device offline'
E0814 22:45:26.488126 124305553613888 adb_controller.py:131] Failed to execute ADB command (try 2 of 3): [adb -P 5037 -s emulator-5554 shell whoami]
Traceback (most recent call last):
  File "/home/suyichn/miniconda3/envs/android_world/lib/python3.11/site-packages/android_env/components/adb_controller.py", line 122, in execute_command
    cmd_output = subprocess.check_output(
                 ^^^^^^^^^^^^^^^^^^^^^^^^
  File "/home/suyichn/miniconda3/envs/android_world/lib/python3.11/subprocess.py", line 466, in check_output
    return run(*popenargs, stdout=PIPE, timeout=timeout, check=True,
           ^^^^^^^^^^^^^^^^^^^^^^^^^^^^^^^^^^^^^^^^^^^^^^^^^^^^^^^^^
  File "/home/suyichn/miniconda3/envs/android_world/lib/python3.11/subprocess.py", line 571, in run
    raise CalledProcessError(retcode, process.args,
subprocess.CalledProcessError: Command '['/home/suyichn/Android/Sdk/platform-tools/adb', '-P', '5037', '-s', 'emulator-5554', 'shell', 'whoami']' returned non-zero exit status 1.
E0814 22:45:26.488597 124305553613888 adb_controller.py:135] **stdout**:
E0814 22:45:26.488653 124305553613888 adb_controller.py:137]     b'adb.exe: device offline'
~~~~~~~~~~~~~~~~~~~~~~~~~~~~~~~~~~~~~~~~~~~~~~~~~~~~~~~~~~~~~~~~~~~~~~~~~~~~~~~~
SKIPPING SimpleSmsReply.
E0814 22:45:26.488793 124305553613888 suite_utils.py:302] Logging exception and skipping task. Will keep running. Task: SimpleSmsReply: Error executing adb command: [adb -P 5037 -s emulator-5554 shell whoami]
Caused by: Command '['/home/suyichn/Android/Sdk/platform-tools/adb', '-P', '5037', '-s', 'emulator-5554', 'shell', 'whoami']' returned non-zero exit status 1.
adb stdout: [b'adb.exe: device offline\r\n']
adb stderr: [None]
Traceback (most recent call last):
  File "/home/suyichn/miniconda3/envs/android_world/lib/python3.11/site-packages/android_env/components/adb_controller.py", line 122, in execute_command
    cmd_output = subprocess.check_output(
                 ^^^^^^^^^^^^^^^^^^^^^^^^
  File "/home/suyichn/miniconda3/envs/android_world/lib/python3.11/subprocess.py", line 466, in check_output
    return run(*popenargs, stdout=PIPE, timeout=timeout, check=True,
           ^^^^^^^^^^^^^^^^^^^^^^^^^^^^^^^^^^^^^^^^^^^^^^^^^^^^^^^^^
  File "/home/suyichn/miniconda3/envs/android_world/lib/python3.11/subprocess.py", line 571, in run
    raise CalledProcessError(retcode, process.args,
subprocess.CalledProcessError: Command '['/home/suyichn/Android/Sdk/platform-tools/adb', '-P', '5037', '-s', 'emulator-5554', 'shell', 'whoami']' returned non-zero exit status 1.

The above exception was the direct cause of the following exception:

Traceback (most recent call last):
  File "/home/suyichn/projects/android_world/android_world/suite_utils.py", line 294, in _run_task
    task.initialize_task(env)
  File "/home/suyichn/projects/android_world/android_world/task_evals/single/sms.py", line 122, in initialize_task
    super().initialize_task(env)
  File "/home/suyichn/projects/android_world/android_world/task_evals/common_validators/sms_validators.py", line 235, in initialize_task
    super().initialize_task(env)
  File "/home/suyichn/projects/android_world/android_world/task_evals/task_eval.py", line 146, in initialize_task
    self.initialize_device_time(env)
  File "/home/suyichn/projects/android_world/android_world/task_evals/task_eval.py", line 139, in initialize_device_time
    datetime_utils.setup_datetime(env.controller)
  File "/home/suyichn/projects/android_world/android_world/utils/datetime_utils.py", line 138, in setup_datetime
    adb_utils.set_root_if_needed(env)
  File "/home/suyichn/projects/android_world/android_world/env/adb_utils.py", line 1764, in set_root_if_needed
    response = issue_generic_request(['shell', 'whoami'], env, timeout_sec)
               ^^^^^^^^^^^^^^^^^^^^^^^^^^^^^^^^^^^^^^^^^^^^^^^^^^^^^^^^^^^^
  File "/home/suyichn/projects/android_world/android_world/env/adb_utils.py", line 577, in issue_generic_request
    response = env.execute_adb_call(
               ^^^^^^^^^^^^^^^^^^^^^
  File "/home/suyichn/miniconda3/envs/android_world/lib/python3.11/site-packages/android_env/wrappers/base_wrapper.py", line 101, in execute_adb_call
    return self._env.execute_adb_call(adb_call)
           ^^^^^^^^^^^^^^^^^^^^^^^^^^^^^^^^^^^^
  File "/home/suyichn/miniconda3/envs/android_world/lib/python3.11/site-packages/android_env/wrappers/base_wrapper.py", line 101, in execute_adb_call
    return self._env.execute_adb_call(adb_call)
           ^^^^^^^^^^^^^^^^^^^^^^^^^^^^^^^^^^^^
  File "/home/suyichn/miniconda3/envs/android_world/lib/python3.11/site-packages/android_env/environment.py", line 150, in execute_adb_call
    return self._coordinator.execute_adb_call(call)
           ^^^^^^^^^^^^^^^^^^^^^^^^^^^^^^^^^^^^^^^^
  File "/home/suyichn/miniconda3/envs/android_world/lib/python3.11/site-packages/android_env/components/coordinator.py", line 180, in execute_adb_call
    return self._adb_call_parser.parse(call)
           ^^^^^^^^^^^^^^^^^^^^^^^^^^^^^^^^^
  File "/home/suyichn/miniconda3/envs/android_world/lib/python3.11/site-packages/android_env/components/adb_call_parser.py", line 111, in parse
    return self._handlers[command_type](request, timeout)
           ^^^^^^^^^^^^^^^^^^^^^^^^^^^^^^^^^^^^^^^^^^^^^^
  File "/home/suyichn/miniconda3/envs/android_world/lib/python3.11/site-packages/android_env/components/adb_call_parser.py", line 765, in _handle_generic
    response, command_output = self._execute_command(
                               ^^^^^^^^^^^^^^^^^^^^^^
  File "/home/suyichn/miniconda3/envs/android_world/lib/python3.11/site-packages/android_env/components/adb_call_parser.py", line 81, in _execute_command
    command_output = self._adb_controller.execute_command(
                     ^^^^^^^^^^^^^^^^^^^^^^^^^^^^^^^^^^^^^
  File "/home/suyichn/miniconda3/envs/android_world/lib/python3.11/site-packages/android_env/components/adb_controller.py", line 147, in execute_command
    raise errors.AdbControllerError(
android_env.components.errors.AdbControllerError: Error executing adb command: [adb -P 5037 -s emulator-5554 shell whoami]
Caused by: Command '['/home/suyichn/Android/Sdk/platform-tools/adb', '-P', '5037', '-s', 'emulator-5554', 'shell', 'whoami']' returned non-zero exit status 1.
adb stdout: [b'adb.exe: device offline\r\n']
adb stderr: [None]
Traceback (most recent call last):
  File "/home/suyichn/miniconda3/envs/android_world/lib/python3.11/site-packages/android_env/components/adb_controller.py", line 122, in execute_command
    cmd_output = subprocess.check_output(
                 ^^^^^^^^^^^^^^^^^^^^^^^^
  File "/home/suyichn/miniconda3/envs/android_world/lib/python3.11/subprocess.py", line 466, in check_output
    return run(*popenargs, stdout=PIPE, timeout=timeout, check=True,
           ^^^^^^^^^^^^^^^^^^^^^^^^^^^^^^^^^^^^^^^^^^^^^^^^^^^^^^^^^
  File "/home/suyichn/miniconda3/envs/android_world/lib/python3.11/subprocess.py", line 571, in run
    raise CalledProcessError(retcode, process.args,
subprocess.CalledProcessError: Command '['/home/suyichn/Android/Sdk/platform-tools/adb', '-P', '5037', '-s', 'emulator-5554', 'shell', 'whoami']' returned non-zero exit status 1.

The above exception was the direct cause of the following exception:

Traceback (most recent call last):
  File "/home/suyichn/projects/android_world/android_world/suite_utils.py", line 294, in _run_task
    task.initialize_task(env)
  File "/home/suyichn/projects/android_world/android_world/task_evals/single/sms.py", line 122, in initialize_task
    super().initialize_task(env)
  File "/home/suyichn/projects/android_world/android_world/task_evals/common_validators/sms_validators.py", line 235, in initialize_task
    super().initialize_task(env)
  File "/home/suyichn/projects/android_world/android_world/task_evals/task_eval.py", line 146, in initialize_task
    self.initialize_device_time(env)
  File "/home/suyichn/projects/android_world/android_world/task_evals/task_eval.py", line 139, in initialize_device_time
    datetime_utils.setup_datetime(env.controller)
  File "/home/suyichn/projects/android_world/android_world/utils/datetime_utils.py", line 138, in setup_datetime
    adb_utils.set_root_if_needed(env)
  File "/home/suyichn/projects/android_world/android_world/env/adb_utils.py", line 1764, in set_root_if_needed
    response = issue_generic_request(['shell', 'whoami'], env, timeout_sec)
               ^^^^^^^^^^^^^^^^^^^^^^^^^^^^^^^^^^^^^^^^^^^^^^^^^^^^^^^^^^^^
  File "/home/suyichn/projects/android_world/android_world/env/adb_utils.py", line 577, in issue_generic_request
    response = env.execute_adb_call(
               ^^^^^^^^^^^^^^^^^^^^^
  File "/home/suyichn/miniconda3/envs/android_world/lib/python3.11/site-packages/android_env/wrappers/base_wrapper.py", line 101, in execute_adb_call
    return self._env.execute_adb_call(adb_call)
           ^^^^^^^^^^^^^^^^^^^^^^^^^^^^^^^^^^^^
  File "/home/suyichn/miniconda3/envs/android_world/lib/python3.11/site-packages/android_env/wrappers/base_wrapper.py", line 101, in execute_adb_call
    return self._env.execute_adb_call(adb_call)
           ^^^^^^^^^^^^^^^^^^^^^^^^^^^^^^^^^^^^
  File "/home/suyichn/miniconda3/envs/android_world/lib/python3.11/site-packages/android_env/environment.py", line 150, in execute_adb_call
    return self._coordinator.execute_adb_call(call)
           ^^^^^^^^^^^^^^^^^^^^^^^^^^^^^^^^^^^^^^^^
  File "/home/suyichn/miniconda3/envs/android_world/lib/python3.11/site-packages/android_env/components/coordinator.py", line 180, in execute_adb_call
    return self._adb_call_parser.parse(call)
           ^^^^^^^^^^^^^^^^^^^^^^^^^^^^^^^^^
  File "/home/suyichn/miniconda3/envs/android_world/lib/python3.11/site-packages/android_env/components/adb_call_parser.py", line 111, in parse
    return self._handlers[command_type](request, timeout)
           ^^^^^^^^^^^^^^^^^^^^^^^^^^^^^^^^^^^^^^^^^^^^^^
  File "/home/suyichn/miniconda3/envs/android_world/lib/python3.11/site-packages/android_env/components/adb_call_parser.py", line 765, in _handle_generic
    response, command_output = self._execute_command(
                               ^^^^^^^^^^^^^^^^^^^^^^
  File "/home/suyichn/miniconda3/envs/android_world/lib/python3.11/site-packages/android_env/components/adb_call_parser.py", line 81, in _execute_command
    command_output = self._adb_controller.execute_command(
                     ^^^^^^^^^^^^^^^^^^^^^^^^^^^^^^^^^^^^^
  File "/home/suyichn/miniconda3/envs/android_world/lib/python3.11/site-packages/android_env/components/adb_controller.py", line 147, in execute_command
    raise errors.AdbControllerError(
android_env.components.errors.AdbControllerError: Error executing adb command: [adb -P 5037 -s emulator-5554 shell whoami]
Caused by: Command '['/home/suyichn/Android/Sdk/platform-tools/adb', '-P', '5037', '-s', 'emulator-5554', 'shell', 'whoami']' returned non-zero exit status 1.
adb stdout: [b'adb.exe: device offline\r\n']
adb stderr: [None]


                                       task_num  num_complete_trials  mean_success_rate  mean_episode_length  total_runtime_s  num_fail_trials
task                                                                                                                                          
AudioRecorderRecordAudio                      0                 5.00               0.60                 8.20           685.20             0.00
BrowserDraw                                   1                 5.00               0.00                20.00          1906.30             0.00
CameraTakePhoto                               2                 5.00               0.00                10.00           681.30             0.00
ClockStopWatchPausedVerify                    3                 5.00               0.40                 7.80           760.40             0.00
ClockStopWatchRunning                         4                 5.00               0.20                 4.80           403.60             0.00
ContactsAddContact                            5                 5.00               0.00                12.00          1111.50             0.00
ExpenseAddSingle                              6                 5.00               0.00                12.00          1643.50             0.00
FilesDeleteFile                               7                 5.00               0.00                22.00          2124.20             0.00
MarkorCreateFolder                            8                 5.00               0.00                10.00           875.70             0.00
NotesIsTodo                                   9                 5.00               0.00                 4.20           692.80             0.00
OpenAppTaskEval                              10                 5.00               1.00                 1.80           331.30             0.00
OsmAndFavorite                               11                 5.00               0.00                13.00          1603.50             0.00
RecipeDeleteSingleRecipe                     12                 5.00               0.20                 9.20           831.00             0.00
RecipeDeleteSingleWithRecipeWithNoise        13                 5.00               0.00                20.00          2166.20             0.00
RetroPlayingQueue                            14                 5.00               0.00                32.00          3761.20             0.00
SimpleCalendarAddOneEventTomorrow            15                 5.00               0.00                34.00          4629.30             0.00
SimpleDrawProCreateDrawing                   16                 5.00               0.20                18.00          2049.00             0.00
SimpleSmsReply                               17                 1.00               0.00                12.00           505.60             2.00
========= Average =========                   0                 4.78               0.14                13.94          1486.76             0.11


                         mean_success_rate       
difficulty                            easy medium
tags                                             
complex_ui_understanding                 -    0.0
data_edit                              0.1    0.0
data_entry                            0.03      -
game_playing                           0.0      -
information_retrieval                  0.0      -
parameterized                         0.12    0.0
requires_setup                         0.6      -
screen_reading                         0.0      -
search                                0.05    0.0
untagged                               0.1      -
verification                           0.4      -
E0814 22:45:26.599416 124305553613888 adb_controller.py:131] Failed to execute ADB command (try 1 of 3): [adb -P 5037 -s emulator-5554 shell whoami]
Traceback (most recent call last):
  File "/home/suyichn/miniconda3/envs/android_world/lib/python3.11/site-packages/android_env/components/adb_controller.py", line 122, in execute_command
    cmd_output = subprocess.check_output(
                 ^^^^^^^^^^^^^^^^^^^^^^^^
  File "/home/suyichn/miniconda3/envs/android_world/lib/python3.11/subprocess.py", line 466, in check_output
    return run(*popenargs, stdout=PIPE, timeout=timeout, check=True,
           ^^^^^^^^^^^^^^^^^^^^^^^^^^^^^^^^^^^^^^^^^^^^^^^^^^^^^^^^^
  File "/home/suyichn/miniconda3/envs/android_world/lib/python3.11/subprocess.py", line 571, in run
    raise CalledProcessError(retcode, process.args,
subprocess.CalledProcessError: Command '['/home/suyichn/Android/Sdk/platform-tools/adb', '-P', '5037', '-s', 'emulator-5554', 'shell', 'whoami']' returned non-zero exit status 1.
E0814 22:45:26.599877 124305553613888 adb_controller.py:135] **stdout**:
E0814 22:45:26.599933 124305553613888 adb_controller.py:137]     b'adb.exe: device offline'
E0814 22:45:31.275654 124305553613888 adb_controller.py:131] Failed to execute ADB command (try 2 of 3): [adb -P 5037 -s emulator-5554 shell whoami]
Traceback (most recent call last):
  File "/home/suyichn/miniconda3/envs/android_world/lib/python3.11/site-packages/android_env/components/adb_controller.py", line 122, in execute_command
    cmd_output = subprocess.check_output(
                 ^^^^^^^^^^^^^^^^^^^^^^^^
  File "/home/suyichn/miniconda3/envs/android_world/lib/python3.11/subprocess.py", line 466, in check_output
    return run(*popenargs, stdout=PIPE, timeout=timeout, check=True,
           ^^^^^^^^^^^^^^^^^^^^^^^^^^^^^^^^^^^^^^^^^^^^^^^^^^^^^^^^^
  File "/home/suyichn/miniconda3/envs/android_world/lib/python3.11/subprocess.py", line 571, in run
    raise CalledProcessError(retcode, process.args,
subprocess.CalledProcessError: Command '['/home/suyichn/Android/Sdk/platform-tools/adb', '-P', '5037', '-s', 'emulator-5554', 'shell', 'whoami']' returned non-zero exit status 1.
E0814 22:45:31.276179 124305553613888 adb_controller.py:135] **stdout**:
E0814 22:45:31.276240 124305553613888 adb_controller.py:137]     b'adb.exe: device offline'
~~~~~~~~~~~~~~~~~~~~~~~~~~~~~~~~~~~~~~~~~~~~~~~~~~~~~~~~~~~~~~~~~~~~~~~~~~~~~~~~
SKIPPING SimpleSmsReply.
E0814 22:45:31.276405 124305553613888 suite_utils.py:302] Logging exception and skipping task. Will keep running. Task: SimpleSmsReply: Error executing adb command: [adb -P 5037 -s emulator-5554 shell whoami]
Caused by: Command '['/home/suyichn/Android/Sdk/platform-tools/adb', '-P', '5037', '-s', 'emulator-5554', 'shell', 'whoami']' returned non-zero exit status 1.
adb stdout: [b'adb.exe: device offline\r\n']
adb stderr: [None]
Traceback (most recent call last):
  File "/home/suyichn/miniconda3/envs/android_world/lib/python3.11/site-packages/android_env/components/adb_controller.py", line 122, in execute_command
    cmd_output = subprocess.check_output(
                 ^^^^^^^^^^^^^^^^^^^^^^^^
  File "/home/suyichn/miniconda3/envs/android_world/lib/python3.11/subprocess.py", line 466, in check_output
    return run(*popenargs, stdout=PIPE, timeout=timeout, check=True,
           ^^^^^^^^^^^^^^^^^^^^^^^^^^^^^^^^^^^^^^^^^^^^^^^^^^^^^^^^^
  File "/home/suyichn/miniconda3/envs/android_world/lib/python3.11/subprocess.py", line 571, in run
    raise CalledProcessError(retcode, process.args,
subprocess.CalledProcessError: Command '['/home/suyichn/Android/Sdk/platform-tools/adb', '-P', '5037', '-s', 'emulator-5554', 'shell', 'whoami']' returned non-zero exit status 1.

The above exception was the direct cause of the following exception:

Traceback (most recent call last):
  File "/home/suyichn/projects/android_world/android_world/suite_utils.py", line 294, in _run_task
    task.initialize_task(env)
  File "/home/suyichn/projects/android_world/android_world/task_evals/single/sms.py", line 122, in initialize_task
    super().initialize_task(env)
  File "/home/suyichn/projects/android_world/android_world/task_evals/common_validators/sms_validators.py", line 235, in initialize_task
    super().initialize_task(env)
  File "/home/suyichn/projects/android_world/android_world/task_evals/task_eval.py", line 146, in initialize_task
    self.initialize_device_time(env)
  File "/home/suyichn/projects/android_world/android_world/task_evals/task_eval.py", line 139, in initialize_device_time
    datetime_utils.setup_datetime(env.controller)
  File "/home/suyichn/projects/android_world/android_world/utils/datetime_utils.py", line 138, in setup_datetime
    adb_utils.set_root_if_needed(env)
  File "/home/suyichn/projects/android_world/android_world/env/adb_utils.py", line 1764, in set_root_if_needed
    response = issue_generic_request(['shell', 'whoami'], env, timeout_sec)
               ^^^^^^^^^^^^^^^^^^^^^^^^^^^^^^^^^^^^^^^^^^^^^^^^^^^^^^^^^^^^
  File "/home/suyichn/projects/android_world/android_world/env/adb_utils.py", line 577, in issue_generic_request
    response = env.execute_adb_call(
               ^^^^^^^^^^^^^^^^^^^^^
  File "/home/suyichn/miniconda3/envs/android_world/lib/python3.11/site-packages/android_env/wrappers/base_wrapper.py", line 101, in execute_adb_call
    return self._env.execute_adb_call(adb_call)
           ^^^^^^^^^^^^^^^^^^^^^^^^^^^^^^^^^^^^
  File "/home/suyichn/miniconda3/envs/android_world/lib/python3.11/site-packages/android_env/wrappers/base_wrapper.py", line 101, in execute_adb_call
    return self._env.execute_adb_call(adb_call)
           ^^^^^^^^^^^^^^^^^^^^^^^^^^^^^^^^^^^^
  File "/home/suyichn/miniconda3/envs/android_world/lib/python3.11/site-packages/android_env/environment.py", line 150, in execute_adb_call
    return self._coordinator.execute_adb_call(call)
           ^^^^^^^^^^^^^^^^^^^^^^^^^^^^^^^^^^^^^^^^
  File "/home/suyichn/miniconda3/envs/android_world/lib/python3.11/site-packages/android_env/components/coordinator.py", line 180, in execute_adb_call
    return self._adb_call_parser.parse(call)
           ^^^^^^^^^^^^^^^^^^^^^^^^^^^^^^^^^
  File "/home/suyichn/miniconda3/envs/android_world/lib/python3.11/site-packages/android_env/components/adb_call_parser.py", line 111, in parse
    return self._handlers[command_type](request, timeout)
           ^^^^^^^^^^^^^^^^^^^^^^^^^^^^^^^^^^^^^^^^^^^^^^
  File "/home/suyichn/miniconda3/envs/android_world/lib/python3.11/site-packages/android_env/components/adb_call_parser.py", line 765, in _handle_generic
    response, command_output = self._execute_command(
                               ^^^^^^^^^^^^^^^^^^^^^^
  File "/home/suyichn/miniconda3/envs/android_world/lib/python3.11/site-packages/android_env/components/adb_call_parser.py", line 81, in _execute_command
    command_output = self._adb_controller.execute_command(
                     ^^^^^^^^^^^^^^^^^^^^^^^^^^^^^^^^^^^^^
  File "/home/suyichn/miniconda3/envs/android_world/lib/python3.11/site-packages/android_env/components/adb_controller.py", line 147, in execute_command
    raise errors.AdbControllerError(
android_env.components.errors.AdbControllerError: Error executing adb command: [adb -P 5037 -s emulator-5554 shell whoami]
Caused by: Command '['/home/suyichn/Android/Sdk/platform-tools/adb', '-P', '5037', '-s', 'emulator-5554', 'shell', 'whoami']' returned non-zero exit status 1.
adb stdout: [b'adb.exe: device offline\r\n']
adb stderr: [None]
Traceback (most recent call last):
  File "/home/suyichn/miniconda3/envs/android_world/lib/python3.11/site-packages/android_env/components/adb_controller.py", line 122, in execute_command
    cmd_output = subprocess.check_output(
                 ^^^^^^^^^^^^^^^^^^^^^^^^
  File "/home/suyichn/miniconda3/envs/android_world/lib/python3.11/subprocess.py", line 466, in check_output
    return run(*popenargs, stdout=PIPE, timeout=timeout, check=True,
           ^^^^^^^^^^^^^^^^^^^^^^^^^^^^^^^^^^^^^^^^^^^^^^^^^^^^^^^^^
  File "/home/suyichn/miniconda3/envs/android_world/lib/python3.11/subprocess.py", line 571, in run
    raise CalledProcessError(retcode, process.args,
subprocess.CalledProcessError: Command '['/home/suyichn/Android/Sdk/platform-tools/adb', '-P', '5037', '-s', 'emulator-5554', 'shell', 'whoami']' returned non-zero exit status 1.

The above exception was the direct cause of the following exception:

Traceback (most recent call last):
  File "/home/suyichn/projects/android_world/android_world/suite_utils.py", line 294, in _run_task
    task.initialize_task(env)
  File "/home/suyichn/projects/android_world/android_world/task_evals/single/sms.py", line 122, in initialize_task
    super().initialize_task(env)
  File "/home/suyichn/projects/android_world/android_world/task_evals/common_validators/sms_validators.py", line 235, in initialize_task
    super().initialize_task(env)
  File "/home/suyichn/projects/android_world/android_world/task_evals/task_eval.py", line 146, in initialize_task
    self.initialize_device_time(env)
  File "/home/suyichn/projects/android_world/android_world/task_evals/task_eval.py", line 139, in initialize_device_time
    datetime_utils.setup_datetime(env.controller)
  File "/home/suyichn/projects/android_world/android_world/utils/datetime_utils.py", line 138, in setup_datetime
    adb_utils.set_root_if_needed(env)
  File "/home/suyichn/projects/android_world/android_world/env/adb_utils.py", line 1764, in set_root_if_needed
    response = issue_generic_request(['shell', 'whoami'], env, timeout_sec)
               ^^^^^^^^^^^^^^^^^^^^^^^^^^^^^^^^^^^^^^^^^^^^^^^^^^^^^^^^^^^^
  File "/home/suyichn/projects/android_world/android_world/env/adb_utils.py", line 577, in issue_generic_request
    response = env.execute_adb_call(
               ^^^^^^^^^^^^^^^^^^^^^
  File "/home/suyichn/miniconda3/envs/android_world/lib/python3.11/site-packages/android_env/wrappers/base_wrapper.py", line 101, in execute_adb_call
    return self._env.execute_adb_call(adb_call)
           ^^^^^^^^^^^^^^^^^^^^^^^^^^^^^^^^^^^^
  File "/home/suyichn/miniconda3/envs/android_world/lib/python3.11/site-packages/android_env/wrappers/base_wrapper.py", line 101, in execute_adb_call
    return self._env.execute_adb_call(adb_call)
           ^^^^^^^^^^^^^^^^^^^^^^^^^^^^^^^^^^^^
  File "/home/suyichn/miniconda3/envs/android_world/lib/python3.11/site-packages/android_env/environment.py", line 150, in execute_adb_call
    return self._coordinator.execute_adb_call(call)
           ^^^^^^^^^^^^^^^^^^^^^^^^^^^^^^^^^^^^^^^^
  File "/home/suyichn/miniconda3/envs/android_world/lib/python3.11/site-packages/android_env/components/coordinator.py", line 180, in execute_adb_call
    return self._adb_call_parser.parse(call)
           ^^^^^^^^^^^^^^^^^^^^^^^^^^^^^^^^^
  File "/home/suyichn/miniconda3/envs/android_world/lib/python3.11/site-packages/android_env/components/adb_call_parser.py", line 111, in parse
    return self._handlers[command_type](request, timeout)
           ^^^^^^^^^^^^^^^^^^^^^^^^^^^^^^^^^^^^^^^^^^^^^^
  File "/home/suyichn/miniconda3/envs/android_world/lib/python3.11/site-packages/android_env/components/adb_call_parser.py", line 765, in _handle_generic
    response, command_output = self._execute_command(
                               ^^^^^^^^^^^^^^^^^^^^^^
  File "/home/suyichn/miniconda3/envs/android_world/lib/python3.11/site-packages/android_env/components/adb_call_parser.py", line 81, in _execute_command
    command_output = self._adb_controller.execute_command(
                     ^^^^^^^^^^^^^^^^^^^^^^^^^^^^^^^^^^^^^
  File "/home/suyichn/miniconda3/envs/android_world/lib/python3.11/site-packages/android_env/components/adb_controller.py", line 147, in execute_command
    raise errors.AdbControllerError(
android_env.components.errors.AdbControllerError: Error executing adb command: [adb -P 5037 -s emulator-5554 shell whoami]
Caused by: Command '['/home/suyichn/Android/Sdk/platform-tools/adb', '-P', '5037', '-s', 'emulator-5554', 'shell', 'whoami']' returned non-zero exit status 1.
adb stdout: [b'adb.exe: device offline\r\n']
adb stderr: [None]


                                       task_num  num_complete_trials  mean_success_rate  mean_episode_length  total_runtime_s  num_fail_trials
task                                                                                                                                          
AudioRecorderRecordAudio                      0                 5.00               0.60                 8.20           685.20             0.00
BrowserDraw                                   1                 5.00               0.00                20.00          1906.30             0.00
CameraTakePhoto                               2                 5.00               0.00                10.00           681.30             0.00
ClockStopWatchPausedVerify                    3                 5.00               0.40                 7.80           760.40             0.00
ClockStopWatchRunning                         4                 5.00               0.20                 4.80           403.60             0.00
ContactsAddContact                            5                 5.00               0.00                12.00          1111.50             0.00
ExpenseAddSingle                              6                 5.00               0.00                12.00          1643.50             0.00
FilesDeleteFile                               7                 5.00               0.00                22.00          2124.20             0.00
MarkorCreateFolder                            8                 5.00               0.00                10.00           875.70             0.00
NotesIsTodo                                   9                 5.00               0.00                 4.20           692.80             0.00
OpenAppTaskEval                              10                 5.00               1.00                 1.80           331.30             0.00
OsmAndFavorite                               11                 5.00               0.00                13.00          1603.50             0.00
RecipeDeleteSingleRecipe                     12                 5.00               0.20                 9.20           831.00             0.00
RecipeDeleteSingleWithRecipeWithNoise        13                 5.00               0.00                20.00          2166.20             0.00
RetroPlayingQueue                            14                 5.00               0.00                32.00          3761.20             0.00
SimpleCalendarAddOneEventTomorrow            15                 5.00               0.00                34.00          4629.30             0.00
SimpleDrawProCreateDrawing                   16                 5.00               0.20                18.00          2049.00             0.00
SimpleSmsReply                               17                 1.00               0.00                12.00           510.40             3.00
========= Average =========                   0                 4.78               0.14                13.94          1487.02             0.17


                         mean_success_rate       
difficulty                            easy medium
tags                                             
complex_ui_understanding                 -    0.0
data_edit                              0.1    0.0
data_entry                            0.03      -
game_playing                           0.0      -
information_retrieval                  0.0      -
parameterized                         0.12    0.0
requires_setup                         0.6      -
screen_reading                         0.0      -
search                                0.05    0.0
untagged                               0.1      -
verification                           0.4      -
E0814 22:45:31.392392 124305553613888 adb_controller.py:131] Failed to execute ADB command (try 1 of 3): [adb -P 5037 -s emulator-5554 shell whoami]
Traceback (most recent call last):
  File "/home/suyichn/miniconda3/envs/android_world/lib/python3.11/site-packages/android_env/components/adb_controller.py", line 122, in execute_command
    cmd_output = subprocess.check_output(
                 ^^^^^^^^^^^^^^^^^^^^^^^^
  File "/home/suyichn/miniconda3/envs/android_world/lib/python3.11/subprocess.py", line 466, in check_output
    return run(*popenargs, stdout=PIPE, timeout=timeout, check=True,
           ^^^^^^^^^^^^^^^^^^^^^^^^^^^^^^^^^^^^^^^^^^^^^^^^^^^^^^^^^
  File "/home/suyichn/miniconda3/envs/android_world/lib/python3.11/subprocess.py", line 571, in run
    raise CalledProcessError(retcode, process.args,
subprocess.CalledProcessError: Command '['/home/suyichn/Android/Sdk/platform-tools/adb', '-P', '5037', '-s', 'emulator-5554', 'shell', 'whoami']' returned non-zero exit status 1.
E0814 22:45:31.392887 124305553613888 adb_controller.py:135] **stdout**:
E0814 22:45:31.392942 124305553613888 adb_controller.py:137]     b'adb.exe: device offline'
W0814 22:45:37.200425 124305553613888 task_eval.py:125] Skipping app snapshot loading : Snapshot not found in /data/data/android_world/snapshots/com.simplemobiletools.smsmessenger.
Running task SimpleSmsReply with goal "Reply to +16623739695 with message: You can't make an omelette without breaking a few eggs. in Simple SMS Messenger"
W0814 22:45:59.804270 124305553613888 android_world_controller.py:98] Could not get a11y tree, retrying.
W0814 22:46:00.804605 124305553613888 android_world_controller.py:98] Could not get a11y tree, retrying.
W0814 22:46:01.805101 124305553613888 android_world_controller.py:98] Could not get a11y tree, retrying.
Completed step 1.
Completed step 2.
Completed step 3.
Environment ends episode.
Task Successful ✅;  Reply to +16623739695 with message: You can't make an omelette without breaking a few eggs. in Simple SMS Messenger
W0814 22:47:56.298940 124305553613888 task_eval.py:125] Skipping app snapshot loading : Snapshot not found in /data/data/android_world/snapshots/com.simplemobiletools.smsmessenger.


                                       task_num  num_complete_trials  mean_success_rate  mean_episode_length  total_runtime_s  num_fail_trials
task                                                                                                                                          
AudioRecorderRecordAudio                      0                 5.00               0.60                 8.20           685.20             0.00
BrowserDraw                                   1                 5.00               0.00                20.00          1906.30             0.00
CameraTakePhoto                               2                 5.00               0.00                10.00           681.30             0.00
ClockStopWatchPausedVerify                    3                 5.00               0.40                 7.80           760.40             0.00
ClockStopWatchRunning                         4                 5.00               0.20                 4.80           403.60             0.00
ContactsAddContact                            5                 5.00               0.00                12.00          1111.50             0.00
ExpenseAddSingle                              6                 5.00               0.00                12.00          1643.50             0.00
FilesDeleteFile                               7                 5.00               0.00                22.00          2124.20             0.00
MarkorCreateFolder                            8                 5.00               0.00                10.00           875.70             0.00
NotesIsTodo                                   9                 5.00               0.00                 4.20           692.80             0.00
OpenAppTaskEval                              10                 5.00               1.00                 1.80           331.30             0.00
OsmAndFavorite                               11                 5.00               0.00                13.00          1603.50             0.00
RecipeDeleteSingleRecipe                     12                 5.00               0.20                 9.20           831.00             0.00
RecipeDeleteSingleWithRecipeWithNoise        13                 5.00               0.00                20.00          2166.20             0.00
RetroPlayingQueue                            14                 5.00               0.00                32.00          3761.20             0.00
SimpleCalendarAddOneEventTomorrow            15                 5.00               0.00                34.00          4629.30             0.00
SimpleDrawProCreateDrawing                   16                 5.00               0.20                18.00          2049.00             0.00
SimpleSmsReply                               17                 2.00               0.50                 7.50           655.00             3.00
========= Average =========                   0                 4.83               0.17                13.69          1495.06             0.17


                         mean_success_rate       
difficulty                            easy medium
tags                                             
complex_ui_understanding                 -    0.0
data_edit                              0.1    0.0
data_entry                            0.12      -
game_playing                           0.0      -
information_retrieval                  0.0      -
parameterized                         0.16    0.0
requires_setup                         0.6      -
screen_reading                         0.0      -
search                                0.17    0.0
untagged                               0.1      -
verification                           0.4      -

Running task: SportsTrackerActivitiesCountForWeek
=================================================
W0814 22:47:59.602883 124305553613888 task_eval.py:125] Skipping app snapshot loading : Snapshot not found in /data/data/android_world/snapshots/de.dennisguse.opentracks.
Running task SportsTrackerActivitiesCountForWeek with goal "How many running activities did I do this week in the OpenTracks app? Assume the week starts from Monday. Express your answer as a single integer."
Completed step 1.
Completed step 2.
Agent indicates task is done.
Task Failed ❌;  How many running activities did I do this week in the OpenTracks app? Assume the week starts from Monday. Express your answer as a single integer.
W0814 22:49:26.059435 124305553613888 task_eval.py:125] Skipping app snapshot loading : Snapshot not found in /data/data/android_world/snapshots/de.dennisguse.opentracks.


                                       task_num  num_complete_trials  mean_success_rate  mean_episode_length  total_runtime_s  num_fail_trials
task                                                                                                                                          
AudioRecorderRecordAudio                      0                 5.00               0.60                 8.20           685.20             0.00
BrowserDraw                                   1                 5.00               0.00                20.00          1906.30             0.00
CameraTakePhoto                               2                 5.00               0.00                10.00           681.30             0.00
ClockStopWatchPausedVerify                    3                 5.00               0.40                 7.80           760.40             0.00
ClockStopWatchRunning                         4                 5.00               0.20                 4.80           403.60             0.00
ContactsAddContact                            5                 5.00               0.00                12.00          1111.50             0.00
ExpenseAddSingle                              6                 5.00               0.00                12.00          1643.50             0.00
FilesDeleteFile                               7                 5.00               0.00                22.00          2124.20             0.00
MarkorCreateFolder                            8                 5.00               0.00                10.00           875.70             0.00
NotesIsTodo                                   9                 5.00               0.00                 4.20           692.80             0.00
OpenAppTaskEval                              10                 5.00               1.00                 1.80           331.30             0.00
OsmAndFavorite                               11                 5.00               0.00                13.00          1603.50             0.00
RecipeDeleteSingleRecipe                     12                 5.00               0.20                 9.20           831.00             0.00
RecipeDeleteSingleWithRecipeWithNoise        13                 5.00               0.00                20.00          2166.20             0.00
RetroPlayingQueue                            14                 5.00               0.00                32.00          3761.20             0.00
SimpleCalendarAddOneEventTomorrow            15                 5.00               0.00                34.00          4629.30             0.00
SimpleDrawProCreateDrawing                   16                 5.00               0.20                18.00          2049.00             0.00
SimpleSmsReply                               17                 2.00               0.50                 7.50           655.00             3.00
SportsTrackerActivitiesCountForWeek          18                 1.00               0.00                 2.00            85.80             0.00
========= Average =========                   0                 4.63               0.16                13.08          1420.88             0.16


                         mean_success_rate       
difficulty                            easy medium
tags                                             
complex_ui_understanding                 -    0.0
data_edit                              0.1    0.0
data_entry                            0.12      -
game_playing                           0.0      -
information_retrieval                  0.0      -
parameterized                         0.15    0.0
requires_setup                         0.3      -
screen_reading                         0.0      -
search                                0.14    0.0
untagged                               0.1      -
verification                           0.4      -
W0814 22:49:27.870809 124305553613888 task_eval.py:125] Skipping app snapshot loading : Snapshot not found in /data/data/android_world/snapshots/de.dennisguse.opentracks.
Running task SportsTrackerActivitiesCountForWeek with goal "How many cycling activities did I do this week in the OpenTracks app? Assume the week starts from Monday. Express your answer as a single integer."
Completed step 1.
Completed step 2.
Completed step 3.
Completed step 4.
Completed step 5.
Completed step 6.
Completed step 7.
Completed step 8.
Completed step 9.
Completed step 10.
Agent did not indicate task is done. Reached max number of steps.
Task Failed ❌;  How many cycling activities did I do this week in the OpenTracks app? Assume the week starts from Monday. Express your answer as a single integer.
W0814 22:56:12.353490 124305553613888 task_eval.py:125] Skipping app snapshot loading : Snapshot not found in /data/data/android_world/snapshots/de.dennisguse.opentracks.


                                       task_num  num_complete_trials  mean_success_rate  mean_episode_length  total_runtime_s  num_fail_trials
task                                                                                                                                          
AudioRecorderRecordAudio                      0                 5.00               0.60                 8.20           685.20             0.00
BrowserDraw                                   1                 5.00               0.00                20.00          1906.30             0.00
CameraTakePhoto                               2                 5.00               0.00                10.00           681.30             0.00
ClockStopWatchPausedVerify                    3                 5.00               0.40                 7.80           760.40             0.00
ClockStopWatchRunning                         4                 5.00               0.20                 4.80           403.60             0.00
ContactsAddContact                            5                 5.00               0.00                12.00          1111.50             0.00
ExpenseAddSingle                              6                 5.00               0.00                12.00          1643.50             0.00
FilesDeleteFile                               7                 5.00               0.00                22.00          2124.20             0.00
MarkorCreateFolder                            8                 5.00               0.00                10.00           875.70             0.00
NotesIsTodo                                   9                 5.00               0.00                 4.20           692.80             0.00
OpenAppTaskEval                              10                 5.00               1.00                 1.80           331.30             0.00
OsmAndFavorite                               11                 5.00               0.00                13.00          1603.50             0.00
RecipeDeleteSingleRecipe                     12                 5.00               0.20                 9.20           831.00             0.00
RecipeDeleteSingleWithRecipeWithNoise        13                 5.00               0.00                20.00          2166.20             0.00
RetroPlayingQueue                            14                 5.00               0.00                32.00          3761.20             0.00
SimpleCalendarAddOneEventTomorrow            15                 5.00               0.00                34.00          4629.30             0.00
SimpleDrawProCreateDrawing                   16                 5.00               0.20                18.00          2049.00             0.00
SimpleSmsReply                               17                 2.00               0.50                 7.50           655.00             3.00
SportsTrackerActivitiesCountForWeek          18                 2.00               0.00                 6.00           489.50             0.00
========= Average =========                   0                 4.68               0.16                13.29          1442.13             0.16


                         mean_success_rate       
difficulty                            easy medium
tags                                             
complex_ui_understanding                 -    0.0
data_edit                              0.1    0.0
data_entry                            0.12      -
game_playing                           0.0      -
information_retrieval                  0.0      -
parameterized                         0.15    0.0
requires_setup                         0.3      -
screen_reading                         0.0      -
search                                0.14    0.0
untagged                               0.1      -
verification                           0.4      -
W0814 22:56:18.529049 124305553613888 task_eval.py:125] Skipping app snapshot loading : Snapshot not found in /data/data/android_world/snapshots/de.dennisguse.opentracks.
Running task SportsTrackerActivitiesCountForWeek with goal "How many climbing activities did I do this week in the OpenTracks app? Assume the week starts from Monday. Express your answer as a single integer."
Completed step 1.
Completed step 2.
Completed step 3.
Completed step 4.
Completed step 5.
Completed step 6.
Completed step 7.
Completed step 8.
Completed step 9.
Completed step 10.
Agent did not indicate task is done. Reached max number of steps.
Task Failed ❌;  How many climbing activities did I do this week in the OpenTracks app? Assume the week starts from Monday. Express your answer as a single integer.
W0814 23:03:06.362498 124305553613888 task_eval.py:125] Skipping app snapshot loading : Snapshot not found in /data/data/android_world/snapshots/de.dennisguse.opentracks.


                                       task_num  num_complete_trials  mean_success_rate  mean_episode_length  total_runtime_s  num_fail_trials
task                                                                                                                                          
AudioRecorderRecordAudio                      0                 5.00               0.60                 8.20           685.20             0.00
BrowserDraw                                   1                 5.00               0.00                20.00          1906.30             0.00
CameraTakePhoto                               2                 5.00               0.00                10.00           681.30             0.00
ClockStopWatchPausedVerify                    3                 5.00               0.40                 7.80           760.40             0.00
ClockStopWatchRunning                         4                 5.00               0.20                 4.80           403.60             0.00
ContactsAddContact                            5                 5.00               0.00                12.00          1111.50             0.00
ExpenseAddSingle                              6                 5.00               0.00                12.00          1643.50             0.00
FilesDeleteFile                               7                 5.00               0.00                22.00          2124.20             0.00
MarkorCreateFolder                            8                 5.00               0.00                10.00           875.70             0.00
NotesIsTodo                                   9                 5.00               0.00                 4.20           692.80             0.00
OpenAppTaskEval                              10                 5.00               1.00                 1.80           331.30             0.00
OsmAndFavorite                               11                 5.00               0.00                13.00          1603.50             0.00
RecipeDeleteSingleRecipe                     12                 5.00               0.20                 9.20           831.00             0.00
RecipeDeleteSingleWithRecipeWithNoise        13                 5.00               0.00                20.00          2166.20             0.00
RetroPlayingQueue                            14                 5.00               0.00                32.00          3761.20             0.00
SimpleCalendarAddOneEventTomorrow            15                 5.00               0.00                34.00          4629.30             0.00
SimpleDrawProCreateDrawing                   16                 5.00               0.20                18.00          2049.00             0.00
SimpleSmsReply                               17                 2.00               0.50                 7.50           655.00             3.00
SportsTrackerActivitiesCountForWeek          18                 3.00               0.00                 7.33           897.00             0.00
========= Average =========                   0                 4.74               0.16                13.36          1463.58             0.16


                         mean_success_rate       
difficulty                            easy medium
tags                                             
complex_ui_understanding                 -    0.0
data_edit                              0.1    0.0
data_entry                            0.12      -
game_playing                           0.0      -
information_retrieval                  0.0      -
parameterized                         0.15    0.0
requires_setup                         0.3      -
screen_reading                         0.0      -
search                                0.14    0.0
untagged                               0.1      -
verification                           0.4      -
W0814 23:03:08.953057 124305553613888 task_eval.py:125] Skipping app snapshot loading : Snapshot not found in /data/data/android_world/snapshots/de.dennisguse.opentracks.
Running task SportsTrackerActivitiesCountForWeek with goal "How many climbing activities did I do this week in the OpenTracks app? Assume the week starts from Monday. Express your answer as a single integer."
Completed step 1.
Completed step 2.
E0814 23:16:23.457875 124305553613888 emulator_simulator.py:173] RpcError caught. Reconnecting to emulator...
Traceback (most recent call last):
  File "/home/suyichn/miniconda3/envs/android_world/lib/python3.11/site-packages/android_env/components/simulators/emulator/emulator_simulator.py", line 171, in wrapper
    return func(self, *args, **kwargs)
           ^^^^^^^^^^^^^^^^^^^^^^^^^^^
  File "/home/suyichn/miniconda3/envs/android_world/lib/python3.11/site-packages/android_env/components/simulators/emulator/emulator_simulator.py", line 414, in send_touch
    self._emulator_stub.sendTouch(
  File "/home/suyichn/miniconda3/envs/android_world/lib/python3.11/site-packages/grpc/_channel.py", line 1168, in __call__
    return _end_unary_response_blocking(state, call, False, None)
           ^^^^^^^^^^^^^^^^^^^^^^^^^^^^^^^^^^^^^^^^^^^^^^^^^^^^^^
  File "/home/suyichn/miniconda3/envs/android_world/lib/python3.11/site-packages/grpc/_channel.py", line 999, in _end_unary_response_blocking
    raise _InactiveRpcError(state)  # pytype: disable=not-instantiable
    ^^^^^^^^^^^^^^^^^^^^^^^^^^^^^^
grpc._channel._InactiveRpcError: <_InactiveRpcError of RPC that terminated with:
	status = StatusCode.UNAVAILABLE
	details = "Stream removed (recvmsg:Connection reset by peer (104))"
	debug_error_string = "UNAVAILABLE:Stream removed (recvmsg:Connection reset by peer (104))"
>
E0814 23:16:33.350957 124305553613888 emulator_simulator.py:173] RpcError caught. Reconnecting to emulator...
Traceback (most recent call last):
  File "/home/suyichn/miniconda3/envs/android_world/lib/python3.11/site-packages/android_env/components/simulators/emulator/emulator_simulator.py", line 171, in wrapper
    return func(self, *args, **kwargs)
           ^^^^^^^^^^^^^^^^^^^^^^^^^^^
  File "/home/suyichn/miniconda3/envs/android_world/lib/python3.11/site-packages/android_env/components/simulators/emulator/emulator_simulator.py", line 453, in _get_screenshot_impl
    image_proto = self._emulator_stub.getScreenshot(self._image_format)
                  ^^^^^^^^^^^^^^^^^^^^^^^^^^^^^^^^^^^^^^^^^^^^^^^^^^^^^
  File "/home/suyichn/miniconda3/envs/android_world/lib/python3.11/site-packages/grpc/_channel.py", line 1168, in __call__
    return _end_unary_response_blocking(state, call, False, None)
           ^^^^^^^^^^^^^^^^^^^^^^^^^^^^^^^^^^^^^^^^^^^^^^^^^^^^^^
  File "/home/suyichn/miniconda3/envs/android_world/lib/python3.11/site-packages/grpc/_channel.py", line 999, in _end_unary_response_blocking
    raise _InactiveRpcError(state)  # pytype: disable=not-instantiable
    ^^^^^^^^^^^^^^^^^^^^^^^^^^^^^^
grpc._channel._InactiveRpcError: <_InactiveRpcError of RPC that terminated with:
	status = StatusCode.FAILED_PRECONDITION
	details = "The guest has not posted new frame yet"
	debug_error_string = "FAILED_PRECONDITION:The guest has not posted new frame yet"
>
~~~~~~~~~~~~~~~~~~~~~~~~~~~~~~~~~~~~~~~~~~~~~~~~~~~~~~~~~~~~~~~~~~~~~~~~~~~~~~~~
SKIPPING SportsTrackerActivitiesCountForWeek.
E0814 23:16:33.356382 124305553613888 suite_utils.py:302] Logging exception and skipping task. Will keep running. Task: SportsTrackerActivitiesCountForWeek: <_InactiveRpcError of RPC that terminated with:
	status = StatusCode.FAILED_PRECONDITION
	details = "The guest has not posted new frame yet"
	debug_error_string = "FAILED_PRECONDITION:The guest has not posted new frame yet"
>
Traceback (most recent call last):
  File "/home/suyichn/miniconda3/envs/android_world/lib/python3.11/site-packages/android_env/components/simulators/emulator/emulator_simulator.py", line 171, in wrapper
    return func(self, *args, **kwargs)
           ^^^^^^^^^^^^^^^^^^^^^^^^^^^
  File "/home/suyichn/miniconda3/envs/android_world/lib/python3.11/site-packages/android_env/components/simulators/emulator/emulator_simulator.py", line 453, in _get_screenshot_impl
    image_proto = self._emulator_stub.getScreenshot(self._image_format)
                  ^^^^^^^^^^^^^^^^^^^^^^^^^^^^^^^^^^^^^^^^^^^^^^^^^^^^^
  File "/home/suyichn/miniconda3/envs/android_world/lib/python3.11/site-packages/grpc/_channel.py", line 1168, in __call__
    return _end_unary_response_blocking(state, call, False, None)
           ^^^^^^^^^^^^^^^^^^^^^^^^^^^^^^^^^^^^^^^^^^^^^^^^^^^^^^
  File "/home/suyichn/miniconda3/envs/android_world/lib/python3.11/site-packages/grpc/_channel.py", line 999, in _end_unary_response_blocking
    raise _InactiveRpcError(state)  # pytype: disable=not-instantiable
    ^^^^^^^^^^^^^^^^^^^^^^^^^^^^^^
grpc._channel._InactiveRpcError: <_InactiveRpcError of RPC that terminated with:
	status = StatusCode.FAILED_PRECONDITION
	details = "The guest has not posted new frame yet"
	debug_error_string = "FAILED_PRECONDITION:The guest has not posted new frame yet"
>

During handling of the above exception, another exception occurred:

Traceback (most recent call last):
  File "/home/suyichn/projects/android_world/android_world/suite_utils.py", line 296, in _run_task
    interaction_results = run_episode(task)
                          ^^^^^^^^^^^^^^^^^
  File "/home/suyichn/projects/android_world/android_world/suite_utils.py", line 517, in run_episode
    return episode_runner.run_episode(
           ^^^^^^^^^^^^^^^^^^^^^^^^^^^
  File "/home/suyichn/projects/android_world/android_world/episode_runner.py", line 81, in run_episode
    result = agent.step(goal)
             ^^^^^^^^^^^^^^^^
  File "/home/suyichn/projects/android_world/dms/androidworld_agent.py", line 335, in step
    before_state = self.get_post_transition_state()
                   ^^^^^^^^^^^^^^^^^^^^^^^^^^^^^^^^
  File "/home/suyichn/projects/android_world/android_world/agents/base_agent.py", line 116, in get_post_transition_state
    return self.env.get_state(wait_to_stabilize=False)
           ^^^^^^^^^^^^^^^^^^^^^^^^^^^^^^^^^^^^^^^^^^^
  File "/home/suyichn/projects/android_world/android_world/env/interface.py", line 295, in get_state
    return self._get_state()
           ^^^^^^^^^^^^^^^^^
  File "/home/suyichn/projects/android_world/android_world/env/interface.py", line 241, in _get_state
    return _process_timestep(self.controller.step(_get_no_op_action()))
                             ^^^^^^^^^^^^^^^^^^^^^^^^^^^^^^^^^^^^^^^^^
  File "/home/suyichn/miniconda3/envs/android_world/lib/python3.11/site-packages/android_env/wrappers/base_wrapper.py", line 43, in step
    return self._process_timestep(self._env.step(action))
                                  ^^^^^^^^^^^^^^^^^^^^^^
  File "/home/suyichn/miniconda3/envs/android_world/lib/python3.11/site-packages/android_env/wrappers/a11y_grpc_wrapper.py", line 411, in step
    timestep = self._env.step(action)
               ^^^^^^^^^^^^^^^^^^^^^^
  File "/home/suyichn/miniconda3/envs/android_world/lib/python3.11/site-packages/android_env/environment.py", line 98, in step
    timestep = self._coordinator.rl_step(action)
               ^^^^^^^^^^^^^^^^^^^^^^^^^^^^^^^^^
  File "/home/suyichn/miniconda3/envs/android_world/lib/python3.11/site-packages/android_env/components/coordinator.py", line 239, in rl_step
    simulator_signals = self._gather_simulator_signals()
                        ^^^^^^^^^^^^^^^^^^^^^^^^^^^^^^^^
  File "/home/suyichn/miniconda3/envs/android_world/lib/python3.11/site-packages/android_env/components/coordinator.py", line 263, in _gather_simulator_signals
    'pixels': self._simulator.get_screenshot(),
              ^^^^^^^^^^^^^^^^^^^^^^^^^^^^^^^^
  File "/home/suyichn/miniconda3/envs/android_world/lib/python3.11/site-packages/android_env/components/simulators/base_simulator.py", line 158, in get_screenshot
    return self._get_screenshot_impl()  # Sync mode.
           ^^^^^^^^^^^^^^^^^^^^^^^^^^^
  File "/home/suyichn/miniconda3/envs/android_world/lib/python3.11/site-packages/android_env/components/simulators/emulator/emulator_simulator.py", line 177, in wrapper
    return func(self, *args, **kwargs)
           ^^^^^^^^^^^^^^^^^^^^^^^^^^^
  File "/home/suyichn/miniconda3/envs/android_world/lib/python3.11/site-packages/android_env/components/simulators/emulator/emulator_simulator.py", line 453, in _get_screenshot_impl
    image_proto = self._emulator_stub.getScreenshot(self._image_format)
                  ^^^^^^^^^^^^^^^^^^^^^^^^^^^^^^^^^^^^^^^^^^^^^^^^^^^^^
  File "/home/suyichn/miniconda3/envs/android_world/lib/python3.11/site-packages/grpc/_channel.py", line 1168, in __call__
    return _end_unary_response_blocking(state, call, False, None)
           ^^^^^^^^^^^^^^^^^^^^^^^^^^^^^^^^^^^^^^^^^^^^^^^^^^^^^^
  File "/home/suyichn/miniconda3/envs/android_world/lib/python3.11/site-packages/grpc/_channel.py", line 999, in _end_unary_response_blocking
    raise _InactiveRpcError(state)  # pytype: disable=not-instantiable
    ^^^^^^^^^^^^^^^^^^^^^^^^^^^^^^
grpc._channel._InactiveRpcError: <_InactiveRpcError of RPC that terminated with:
	status = StatusCode.FAILED_PRECONDITION
	details = "The guest has not posted new frame yet"
	debug_error_string = "FAILED_PRECONDITION:The guest has not posted new frame yet"
>
Traceback (most recent call last):
  File "/home/suyichn/miniconda3/envs/android_world/lib/python3.11/site-packages/android_env/components/simulators/emulator/emulator_simulator.py", line 171, in wrapper
    return func(self, *args, **kwargs)
           ^^^^^^^^^^^^^^^^^^^^^^^^^^^
  File "/home/suyichn/miniconda3/envs/android_world/lib/python3.11/site-packages/android_env/components/simulators/emulator/emulator_simulator.py", line 453, in _get_screenshot_impl
    image_proto = self._emulator_stub.getScreenshot(self._image_format)
                  ^^^^^^^^^^^^^^^^^^^^^^^^^^^^^^^^^^^^^^^^^^^^^^^^^^^^^
  File "/home/suyichn/miniconda3/envs/android_world/lib/python3.11/site-packages/grpc/_channel.py", line 1168, in __call__
    return _end_unary_response_blocking(state, call, False, None)
           ^^^^^^^^^^^^^^^^^^^^^^^^^^^^^^^^^^^^^^^^^^^^^^^^^^^^^^
  File "/home/suyichn/miniconda3/envs/android_world/lib/python3.11/site-packages/grpc/_channel.py", line 999, in _end_unary_response_blocking
    raise _InactiveRpcError(state)  # pytype: disable=not-instantiable
    ^^^^^^^^^^^^^^^^^^^^^^^^^^^^^^
grpc._channel._InactiveRpcError: <_InactiveRpcError of RPC that terminated with:
	status = StatusCode.FAILED_PRECONDITION
	details = "The guest has not posted new frame yet"
	debug_error_string = "FAILED_PRECONDITION:The guest has not posted new frame yet"
>

During handling of the above exception, another exception occurred:

Traceback (most recent call last):
  File "/home/suyichn/projects/android_world/android_world/suite_utils.py", line 296, in _run_task
    interaction_results = run_episode(task)
                          ^^^^^^^^^^^^^^^^^
  File "/home/suyichn/projects/android_world/android_world/suite_utils.py", line 517, in run_episode
    return episode_runner.run_episode(
           ^^^^^^^^^^^^^^^^^^^^^^^^^^^
  File "/home/suyichn/projects/android_world/android_world/episode_runner.py", line 81, in run_episode
    result = agent.step(goal)
             ^^^^^^^^^^^^^^^^
  File "/home/suyichn/projects/android_world/dms/androidworld_agent.py", line 335, in step
    before_state = self.get_post_transition_state()
                   ^^^^^^^^^^^^^^^^^^^^^^^^^^^^^^^^
  File "/home/suyichn/projects/android_world/android_world/agents/base_agent.py", line 116, in get_post_transition_state
    return self.env.get_state(wait_to_stabilize=False)
           ^^^^^^^^^^^^^^^^^^^^^^^^^^^^^^^^^^^^^^^^^^^
  File "/home/suyichn/projects/android_world/android_world/env/interface.py", line 295, in get_state
    return self._get_state()
           ^^^^^^^^^^^^^^^^^
  File "/home/suyichn/projects/android_world/android_world/env/interface.py", line 241, in _get_state
    return _process_timestep(self.controller.step(_get_no_op_action()))
                             ^^^^^^^^^^^^^^^^^^^^^^^^^^^^^^^^^^^^^^^^^
  File "/home/suyichn/miniconda3/envs/android_world/lib/python3.11/site-packages/android_env/wrappers/base_wrapper.py", line 43, in step
    return self._process_timestep(self._env.step(action))
                                  ^^^^^^^^^^^^^^^^^^^^^^
  File "/home/suyichn/miniconda3/envs/android_world/lib/python3.11/site-packages/android_env/wrappers/a11y_grpc_wrapper.py", line 411, in step
    timestep = self._env.step(action)
               ^^^^^^^^^^^^^^^^^^^^^^
  File "/home/suyichn/miniconda3/envs/android_world/lib/python3.11/site-packages/android_env/environment.py", line 98, in step
    timestep = self._coordinator.rl_step(action)
               ^^^^^^^^^^^^^^^^^^^^^^^^^^^^^^^^^
  File "/home/suyichn/miniconda3/envs/android_world/lib/python3.11/site-packages/android_env/components/coordinator.py", line 239, in rl_step
    simulator_signals = self._gather_simulator_signals()
                        ^^^^^^^^^^^^^^^^^^^^^^^^^^^^^^^^
  File "/home/suyichn/miniconda3/envs/android_world/lib/python3.11/site-packages/android_env/components/coordinator.py", line 263, in _gather_simulator_signals
    'pixels': self._simulator.get_screenshot(),
              ^^^^^^^^^^^^^^^^^^^^^^^^^^^^^^^^
  File "/home/suyichn/miniconda3/envs/android_world/lib/python3.11/site-packages/android_env/components/simulators/base_simulator.py", line 158, in get_screenshot
    return self._get_screenshot_impl()  # Sync mode.
           ^^^^^^^^^^^^^^^^^^^^^^^^^^^
  File "/home/suyichn/miniconda3/envs/android_world/lib/python3.11/site-packages/android_env/components/simulators/emulator/emulator_simulator.py", line 177, in wrapper
    return func(self, *args, **kwargs)
           ^^^^^^^^^^^^^^^^^^^^^^^^^^^
  File "/home/suyichn/miniconda3/envs/android_world/lib/python3.11/site-packages/android_env/components/simulators/emulator/emulator_simulator.py", line 453, in _get_screenshot_impl
    image_proto = self._emulator_stub.getScreenshot(self._image_format)
                  ^^^^^^^^^^^^^^^^^^^^^^^^^^^^^^^^^^^^^^^^^^^^^^^^^^^^^
  File "/home/suyichn/miniconda3/envs/android_world/lib/python3.11/site-packages/grpc/_channel.py", line 1168, in __call__
    return _end_unary_response_blocking(state, call, False, None)
           ^^^^^^^^^^^^^^^^^^^^^^^^^^^^^^^^^^^^^^^^^^^^^^^^^^^^^^
  File "/home/suyichn/miniconda3/envs/android_world/lib/python3.11/site-packages/grpc/_channel.py", line 999, in _end_unary_response_blocking
    raise _InactiveRpcError(state)  # pytype: disable=not-instantiable
    ^^^^^^^^^^^^^^^^^^^^^^^^^^^^^^
grpc._channel._InactiveRpcError: <_InactiveRpcError of RPC that terminated with:
	status = StatusCode.FAILED_PRECONDITION
	details = "The guest has not posted new frame yet"
	debug_error_string = "FAILED_PRECONDITION:The guest has not posted new frame yet"
>


                                       task_num  num_complete_trials  mean_success_rate  mean_episode_length  total_runtime_s  num_fail_trials
task                                                                                                                                          
AudioRecorderRecordAudio                      0                 5.00               0.60                 8.20           685.20             0.00
BrowserDraw                                   1                 5.00               0.00                20.00          1906.30             0.00
CameraTakePhoto                               2                 5.00               0.00                10.00           681.30             0.00
ClockStopWatchPausedVerify                    3                 5.00               0.40                 7.80           760.40             0.00
ClockStopWatchRunning                         4                 5.00               0.20                 4.80           403.60             0.00
ContactsAddContact                            5                 5.00               0.00                12.00          1111.50             0.00
ExpenseAddSingle                              6                 5.00               0.00                12.00          1643.50             0.00
FilesDeleteFile                               7                 5.00               0.00                22.00          2124.20             0.00
MarkorCreateFolder                            8                 5.00               0.00                10.00           875.70             0.00
NotesIsTodo                                   9                 5.00               0.00                 4.20           692.80             0.00
OpenAppTaskEval                              10                 5.00               1.00                 1.80           331.30             0.00
OsmAndFavorite                               11                 5.00               0.00                13.00          1603.50             0.00
RecipeDeleteSingleRecipe                     12                 5.00               0.20                 9.20           831.00             0.00
RecipeDeleteSingleWithRecipeWithNoise        13                 5.00               0.00                20.00          2166.20             0.00
RetroPlayingQueue                            14                 5.00               0.00                32.00          3761.20             0.00
SimpleCalendarAddOneEventTomorrow            15                 5.00               0.00                34.00          4629.30             0.00
SimpleDrawProCreateDrawing                   16                 5.00               0.20                18.00          2049.00             0.00
SimpleSmsReply                               17                 2.00               0.50                 7.50           655.00             3.00
SportsTrackerActivitiesCountForWeek          18                 3.00               0.00                 7.33          1702.20             1.00
========= Average =========                   0                 4.74               0.16                13.36          1505.96             0.21


                         mean_success_rate       
difficulty                            easy medium
tags                                             
complex_ui_understanding                 -    0.0
data_edit                              0.1    0.0
data_entry                            0.12      -
game_playing                           0.0      -
information_retrieval                  0.0      -
parameterized                         0.15    0.0
requires_setup                         0.3      -
screen_reading                         0.0      -
search                                0.14    0.0
untagged                               0.1      -
verification                           0.4      -
E0814 23:16:33.449918 124305553613888 adb_controller.py:131] Failed to execute ADB command (try 1 of 3): [adb -P 5037 -s emulator-5554 shell whoami]
Traceback (most recent call last):
  File "/home/suyichn/miniconda3/envs/android_world/lib/python3.11/site-packages/android_env/components/adb_controller.py", line 122, in execute_command
    cmd_output = subprocess.check_output(
                 ^^^^^^^^^^^^^^^^^^^^^^^^
  File "/home/suyichn/miniconda3/envs/android_world/lib/python3.11/subprocess.py", line 466, in check_output
    return run(*popenargs, stdout=PIPE, timeout=timeout, check=True,
           ^^^^^^^^^^^^^^^^^^^^^^^^^^^^^^^^^^^^^^^^^^^^^^^^^^^^^^^^^
  File "/home/suyichn/miniconda3/envs/android_world/lib/python3.11/subprocess.py", line 571, in run
    raise CalledProcessError(retcode, process.args,
subprocess.CalledProcessError: Command '['/home/suyichn/Android/Sdk/platform-tools/adb', '-P', '5037', '-s', 'emulator-5554', 'shell', 'whoami']' returned non-zero exit status 1.
E0814 23:16:33.450422 124305553613888 adb_controller.py:135] **stdout**:
E0814 23:16:33.450452 124305553613888 adb_controller.py:137]     b'adb.exe: device offline'
E0814 23:16:38.024922 124305553613888 adb_controller.py:131] Failed to execute ADB command (try 2 of 3): [adb -P 5037 -s emulator-5554 shell whoami]
Traceback (most recent call last):
  File "/home/suyichn/miniconda3/envs/android_world/lib/python3.11/site-packages/android_env/components/adb_controller.py", line 122, in execute_command
    cmd_output = subprocess.check_output(
                 ^^^^^^^^^^^^^^^^^^^^^^^^
  File "/home/suyichn/miniconda3/envs/android_world/lib/python3.11/subprocess.py", line 466, in check_output
    return run(*popenargs, stdout=PIPE, timeout=timeout, check=True,
           ^^^^^^^^^^^^^^^^^^^^^^^^^^^^^^^^^^^^^^^^^^^^^^^^^^^^^^^^^
  File "/home/suyichn/miniconda3/envs/android_world/lib/python3.11/subprocess.py", line 571, in run
    raise CalledProcessError(retcode, process.args,
subprocess.CalledProcessError: Command '['/home/suyichn/Android/Sdk/platform-tools/adb', '-P', '5037', '-s', 'emulator-5554', 'shell', 'whoami']' returned non-zero exit status 1.
E0814 23:16:38.025672 124305553613888 adb_controller.py:135] **stdout**:
E0814 23:16:38.025732 124305553613888 adb_controller.py:137]     b'adb.exe: device offline'
~~~~~~~~~~~~~~~~~~~~~~~~~~~~~~~~~~~~~~~~~~~~~~~~~~~~~~~~~~~~~~~~~~~~~~~~~~~~~~~~
SKIPPING SportsTrackerActivitiesCountForWeek.
E0814 23:16:38.025910 124305553613888 suite_utils.py:302] Logging exception and skipping task. Will keep running. Task: SportsTrackerActivitiesCountForWeek: Error executing adb command: [adb -P 5037 -s emulator-5554 shell whoami]
Caused by: Command '['/home/suyichn/Android/Sdk/platform-tools/adb', '-P', '5037', '-s', 'emulator-5554', 'shell', 'whoami']' returned non-zero exit status 1.
adb stdout: [b'adb.exe: device offline\r\n']
adb stderr: [None]
Traceback (most recent call last):
  File "/home/suyichn/miniconda3/envs/android_world/lib/python3.11/site-packages/android_env/components/adb_controller.py", line 122, in execute_command
    cmd_output = subprocess.check_output(
                 ^^^^^^^^^^^^^^^^^^^^^^^^
  File "/home/suyichn/miniconda3/envs/android_world/lib/python3.11/subprocess.py", line 466, in check_output
    return run(*popenargs, stdout=PIPE, timeout=timeout, check=True,
           ^^^^^^^^^^^^^^^^^^^^^^^^^^^^^^^^^^^^^^^^^^^^^^^^^^^^^^^^^
  File "/home/suyichn/miniconda3/envs/android_world/lib/python3.11/subprocess.py", line 571, in run
    raise CalledProcessError(retcode, process.args,
subprocess.CalledProcessError: Command '['/home/suyichn/Android/Sdk/platform-tools/adb', '-P', '5037', '-s', 'emulator-5554', 'shell', 'whoami']' returned non-zero exit status 1.

The above exception was the direct cause of the following exception:

Traceback (most recent call last):
  File "/home/suyichn/projects/android_world/android_world/suite_utils.py", line 294, in _run_task
    task.initialize_task(env)
  File "/home/suyichn/projects/android_world/android_world/task_evals/information_retrieval/information_retrieval.py", line 83, in initialize_task
    super().initialize_task(env)
  File "/home/suyichn/projects/android_world/android_world/task_evals/task_eval.py", line 146, in initialize_task
    self.initialize_device_time(env)
  File "/home/suyichn/projects/android_world/android_world/task_evals/task_eval.py", line 139, in initialize_device_time
    datetime_utils.setup_datetime(env.controller)
  File "/home/suyichn/projects/android_world/android_world/utils/datetime_utils.py", line 138, in setup_datetime
    adb_utils.set_root_if_needed(env)
  File "/home/suyichn/projects/android_world/android_world/env/adb_utils.py", line 1764, in set_root_if_needed
    response = issue_generic_request(['shell', 'whoami'], env, timeout_sec)
               ^^^^^^^^^^^^^^^^^^^^^^^^^^^^^^^^^^^^^^^^^^^^^^^^^^^^^^^^^^^^
  File "/home/suyichn/projects/android_world/android_world/env/adb_utils.py", line 577, in issue_generic_request
    response = env.execute_adb_call(
               ^^^^^^^^^^^^^^^^^^^^^
  File "/home/suyichn/miniconda3/envs/android_world/lib/python3.11/site-packages/android_env/wrappers/base_wrapper.py", line 101, in execute_adb_call
    return self._env.execute_adb_call(adb_call)
           ^^^^^^^^^^^^^^^^^^^^^^^^^^^^^^^^^^^^
  File "/home/suyichn/miniconda3/envs/android_world/lib/python3.11/site-packages/android_env/wrappers/base_wrapper.py", line 101, in execute_adb_call
    return self._env.execute_adb_call(adb_call)
           ^^^^^^^^^^^^^^^^^^^^^^^^^^^^^^^^^^^^
  File "/home/suyichn/miniconda3/envs/android_world/lib/python3.11/site-packages/android_env/environment.py", line 150, in execute_adb_call
    return self._coordinator.execute_adb_call(call)
           ^^^^^^^^^^^^^^^^^^^^^^^^^^^^^^^^^^^^^^^^
  File "/home/suyichn/miniconda3/envs/android_world/lib/python3.11/site-packages/android_env/components/coordinator.py", line 180, in execute_adb_call
    return self._adb_call_parser.parse(call)
           ^^^^^^^^^^^^^^^^^^^^^^^^^^^^^^^^^
  File "/home/suyichn/miniconda3/envs/android_world/lib/python3.11/site-packages/android_env/components/adb_call_parser.py", line 111, in parse
    return self._handlers[command_type](request, timeout)
           ^^^^^^^^^^^^^^^^^^^^^^^^^^^^^^^^^^^^^^^^^^^^^^
  File "/home/suyichn/miniconda3/envs/android_world/lib/python3.11/site-packages/android_env/components/adb_call_parser.py", line 765, in _handle_generic
    response, command_output = self._execute_command(
                               ^^^^^^^^^^^^^^^^^^^^^^
  File "/home/suyichn/miniconda3/envs/android_world/lib/python3.11/site-packages/android_env/components/adb_call_parser.py", line 81, in _execute_command
    command_output = self._adb_controller.execute_command(
                     ^^^^^^^^^^^^^^^^^^^^^^^^^^^^^^^^^^^^^
  File "/home/suyichn/miniconda3/envs/android_world/lib/python3.11/site-packages/android_env/components/adb_controller.py", line 147, in execute_command
    raise errors.AdbControllerError(
android_env.components.errors.AdbControllerError: Error executing adb command: [adb -P 5037 -s emulator-5554 shell whoami]
Caused by: Command '['/home/suyichn/Android/Sdk/platform-tools/adb', '-P', '5037', '-s', 'emulator-5554', 'shell', 'whoami']' returned non-zero exit status 1.
adb stdout: [b'adb.exe: device offline\r\n']
adb stderr: [None]
Traceback (most recent call last):
  File "/home/suyichn/miniconda3/envs/android_world/lib/python3.11/site-packages/android_env/components/adb_controller.py", line 122, in execute_command
    cmd_output = subprocess.check_output(
                 ^^^^^^^^^^^^^^^^^^^^^^^^
  File "/home/suyichn/miniconda3/envs/android_world/lib/python3.11/subprocess.py", line 466, in check_output
    return run(*popenargs, stdout=PIPE, timeout=timeout, check=True,
           ^^^^^^^^^^^^^^^^^^^^^^^^^^^^^^^^^^^^^^^^^^^^^^^^^^^^^^^^^
  File "/home/suyichn/miniconda3/envs/android_world/lib/python3.11/subprocess.py", line 571, in run
    raise CalledProcessError(retcode, process.args,
subprocess.CalledProcessError: Command '['/home/suyichn/Android/Sdk/platform-tools/adb', '-P', '5037', '-s', 'emulator-5554', 'shell', 'whoami']' returned non-zero exit status 1.

The above exception was the direct cause of the following exception:

Traceback (most recent call last):
  File "/home/suyichn/projects/android_world/android_world/suite_utils.py", line 294, in _run_task
    task.initialize_task(env)
  File "/home/suyichn/projects/android_world/android_world/task_evals/information_retrieval/information_retrieval.py", line 83, in initialize_task
    super().initialize_task(env)
  File "/home/suyichn/projects/android_world/android_world/task_evals/task_eval.py", line 146, in initialize_task
    self.initialize_device_time(env)
  File "/home/suyichn/projects/android_world/android_world/task_evals/task_eval.py", line 139, in initialize_device_time
    datetime_utils.setup_datetime(env.controller)
  File "/home/suyichn/projects/android_world/android_world/utils/datetime_utils.py", line 138, in setup_datetime
    adb_utils.set_root_if_needed(env)
  File "/home/suyichn/projects/android_world/android_world/env/adb_utils.py", line 1764, in set_root_if_needed
    response = issue_generic_request(['shell', 'whoami'], env, timeout_sec)
               ^^^^^^^^^^^^^^^^^^^^^^^^^^^^^^^^^^^^^^^^^^^^^^^^^^^^^^^^^^^^
  File "/home/suyichn/projects/android_world/android_world/env/adb_utils.py", line 577, in issue_generic_request
    response = env.execute_adb_call(
               ^^^^^^^^^^^^^^^^^^^^^
  File "/home/suyichn/miniconda3/envs/android_world/lib/python3.11/site-packages/android_env/wrappers/base_wrapper.py", line 101, in execute_adb_call
    return self._env.execute_adb_call(adb_call)
           ^^^^^^^^^^^^^^^^^^^^^^^^^^^^^^^^^^^^
  File "/home/suyichn/miniconda3/envs/android_world/lib/python3.11/site-packages/android_env/wrappers/base_wrapper.py", line 101, in execute_adb_call
    return self._env.execute_adb_call(adb_call)
           ^^^^^^^^^^^^^^^^^^^^^^^^^^^^^^^^^^^^
  File "/home/suyichn/miniconda3/envs/android_world/lib/python3.11/site-packages/android_env/environment.py", line 150, in execute_adb_call
    return self._coordinator.execute_adb_call(call)
           ^^^^^^^^^^^^^^^^^^^^^^^^^^^^^^^^^^^^^^^^
  File "/home/suyichn/miniconda3/envs/android_world/lib/python3.11/site-packages/android_env/components/coordinator.py", line 180, in execute_adb_call
    return self._adb_call_parser.parse(call)
           ^^^^^^^^^^^^^^^^^^^^^^^^^^^^^^^^^
  File "/home/suyichn/miniconda3/envs/android_world/lib/python3.11/site-packages/android_env/components/adb_call_parser.py", line 111, in parse
    return self._handlers[command_type](request, timeout)
           ^^^^^^^^^^^^^^^^^^^^^^^^^^^^^^^^^^^^^^^^^^^^^^
  File "/home/suyichn/miniconda3/envs/android_world/lib/python3.11/site-packages/android_env/components/adb_call_parser.py", line 765, in _handle_generic
    response, command_output = self._execute_command(
                               ^^^^^^^^^^^^^^^^^^^^^^
  File "/home/suyichn/miniconda3/envs/android_world/lib/python3.11/site-packages/android_env/components/adb_call_parser.py", line 81, in _execute_command
    command_output = self._adb_controller.execute_command(
                     ^^^^^^^^^^^^^^^^^^^^^^^^^^^^^^^^^^^^^
  File "/home/suyichn/miniconda3/envs/android_world/lib/python3.11/site-packages/android_env/components/adb_controller.py", line 147, in execute_command
    raise errors.AdbControllerError(
android_env.components.errors.AdbControllerError: Error executing adb command: [adb -P 5037 -s emulator-5554 shell whoami]
Caused by: Command '['/home/suyichn/Android/Sdk/platform-tools/adb', '-P', '5037', '-s', 'emulator-5554', 'shell', 'whoami']' returned non-zero exit status 1.
adb stdout: [b'adb.exe: device offline\r\n']
adb stderr: [None]


                                       task_num  num_complete_trials  mean_success_rate  mean_episode_length  total_runtime_s  num_fail_trials
task                                                                                                                                          
AudioRecorderRecordAudio                      0                 5.00               0.60                 8.20            685.2             0.00
BrowserDraw                                   1                 5.00               0.00                20.00           1906.3             0.00
CameraTakePhoto                               2                 5.00               0.00                10.00            681.3             0.00
ClockStopWatchPausedVerify                    3                 5.00               0.40                 7.80            760.4             0.00
ClockStopWatchRunning                         4                 5.00               0.20                 4.80            403.6             0.00
ContactsAddContact                            5                 5.00               0.00                12.00           1111.5             0.00
ExpenseAddSingle                              6                 5.00               0.00                12.00           1643.5             0.00
FilesDeleteFile                               7                 5.00               0.00                22.00           2124.2             0.00
MarkorCreateFolder                            8                 5.00               0.00                10.00            875.7             0.00
NotesIsTodo                                   9                 5.00               0.00                 4.20            692.8             0.00
OpenAppTaskEval                              10                 5.00               1.00                 1.80            331.3             0.00
OsmAndFavorite                               11                 5.00               0.00                13.00           1603.5             0.00
RecipeDeleteSingleRecipe                     12                 5.00               0.20                 9.20            831.0             0.00
RecipeDeleteSingleWithRecipeWithNoise        13                 5.00               0.00                20.00           2166.2             0.00
RetroPlayingQueue                            14                 5.00               0.00                32.00           3761.2             0.00
SimpleCalendarAddOneEventTomorrow            15                 5.00               0.00                34.00           4629.3             0.00
SimpleDrawProCreateDrawing                   16                 5.00               0.20                18.00           2049.0             0.00
SimpleSmsReply                               17                 2.00               0.50                 7.50            655.0             3.00
SportsTrackerActivitiesCountForWeek          18                 3.00               0.00                 7.33           1706.8             2.00
========= Average =========                   0                 4.74               0.16                13.36           1506.2             0.26


                         mean_success_rate       
difficulty                            easy medium
tags                                             
complex_ui_understanding                 -    0.0
data_edit                              0.1    0.0
data_entry                            0.12      -
game_playing                           0.0      -
information_retrieval                  0.0      -
parameterized                         0.15    0.0
requires_setup                         0.3      -
screen_reading                         0.0      -
search                                0.14    0.0
untagged                               0.1      -
verification                           0.4      -

Running task: SystemWifiTurnOn
==============================
E0814 23:16:38.156507 124305553613888 adb_controller.py:131] Failed to execute ADB command (try 1 of 3): [adb -P 5037 -s emulator-5554 shell whoami]
Traceback (most recent call last):
  File "/home/suyichn/miniconda3/envs/android_world/lib/python3.11/site-packages/android_env/components/adb_controller.py", line 122, in execute_command
    cmd_output = subprocess.check_output(
                 ^^^^^^^^^^^^^^^^^^^^^^^^
  File "/home/suyichn/miniconda3/envs/android_world/lib/python3.11/subprocess.py", line 466, in check_output
    return run(*popenargs, stdout=PIPE, timeout=timeout, check=True,
           ^^^^^^^^^^^^^^^^^^^^^^^^^^^^^^^^^^^^^^^^^^^^^^^^^^^^^^^^^
  File "/home/suyichn/miniconda3/envs/android_world/lib/python3.11/subprocess.py", line 571, in run
    raise CalledProcessError(retcode, process.args,
subprocess.CalledProcessError: Command '['/home/suyichn/Android/Sdk/platform-tools/adb', '-P', '5037', '-s', 'emulator-5554', 'shell', 'whoami']' returned non-zero exit status 1.
E0814 23:16:38.157379 124305553613888 adb_controller.py:135] **stdout**:
E0814 23:16:38.157478 124305553613888 adb_controller.py:137]     b'adb.exe: device offline'
E0814 23:16:42.794173 124305553613888 adb_controller.py:131] Failed to execute ADB command (try 2 of 3): [adb -P 5037 -s emulator-5554 shell whoami]
Traceback (most recent call last):
  File "/home/suyichn/miniconda3/envs/android_world/lib/python3.11/site-packages/android_env/components/adb_controller.py", line 122, in execute_command
    cmd_output = subprocess.check_output(
                 ^^^^^^^^^^^^^^^^^^^^^^^^
  File "/home/suyichn/miniconda3/envs/android_world/lib/python3.11/subprocess.py", line 466, in check_output
    return run(*popenargs, stdout=PIPE, timeout=timeout, check=True,
           ^^^^^^^^^^^^^^^^^^^^^^^^^^^^^^^^^^^^^^^^^^^^^^^^^^^^^^^^^
  File "/home/suyichn/miniconda3/envs/android_world/lib/python3.11/subprocess.py", line 571, in run
    raise CalledProcessError(retcode, process.args,
subprocess.CalledProcessError: Command '['/home/suyichn/Android/Sdk/platform-tools/adb', '-P', '5037', '-s', 'emulator-5554', 'shell', 'whoami']' returned non-zero exit status 1.
E0814 23:16:42.795382 124305553613888 adb_controller.py:135] **stdout**:
E0814 23:16:42.795447 124305553613888 adb_controller.py:137]     b'adb.exe: device offline'
~~~~~~~~~~~~~~~~~~~~~~~~~~~~~~~~~~~~~~~~~~~~~~~~~~~~~~~~~~~~~~~~~~~~~~~~~~~~~~~~
SKIPPING SystemWifiTurnOn.
E0814 23:16:42.795678 124305553613888 suite_utils.py:302] Logging exception and skipping task. Will keep running. Task: SystemWifiTurnOn: Error executing adb command: [adb -P 5037 -s emulator-5554 shell whoami]
Caused by: Command '['/home/suyichn/Android/Sdk/platform-tools/adb', '-P', '5037', '-s', 'emulator-5554', 'shell', 'whoami']' returned non-zero exit status 1.
adb stdout: [b'adb.exe: device offline\r\n']
adb stderr: [None]
Traceback (most recent call last):
  File "/home/suyichn/miniconda3/envs/android_world/lib/python3.11/site-packages/android_env/components/adb_controller.py", line 122, in execute_command
    cmd_output = subprocess.check_output(
                 ^^^^^^^^^^^^^^^^^^^^^^^^
  File "/home/suyichn/miniconda3/envs/android_world/lib/python3.11/subprocess.py", line 466, in check_output
    return run(*popenargs, stdout=PIPE, timeout=timeout, check=True,
           ^^^^^^^^^^^^^^^^^^^^^^^^^^^^^^^^^^^^^^^^^^^^^^^^^^^^^^^^^
  File "/home/suyichn/miniconda3/envs/android_world/lib/python3.11/subprocess.py", line 571, in run
    raise CalledProcessError(retcode, process.args,
subprocess.CalledProcessError: Command '['/home/suyichn/Android/Sdk/platform-tools/adb', '-P', '5037', '-s', 'emulator-5554', 'shell', 'whoami']' returned non-zero exit status 1.

The above exception was the direct cause of the following exception:

Traceback (most recent call last):
  File "/home/suyichn/projects/android_world/android_world/suite_utils.py", line 294, in _run_task
    task.initialize_task(env)
  File "/home/suyichn/projects/android_world/android_world/task_evals/single/system.py", line 203, in initialize_task
    super().initialize_task(env)
  File "/home/suyichn/projects/android_world/android_world/task_evals/task_eval.py", line 146, in initialize_task
    self.initialize_device_time(env)
  File "/home/suyichn/projects/android_world/android_world/task_evals/task_eval.py", line 139, in initialize_device_time
    datetime_utils.setup_datetime(env.controller)
  File "/home/suyichn/projects/android_world/android_world/utils/datetime_utils.py", line 138, in setup_datetime
    adb_utils.set_root_if_needed(env)
  File "/home/suyichn/projects/android_world/android_world/env/adb_utils.py", line 1764, in set_root_if_needed
    response = issue_generic_request(['shell', 'whoami'], env, timeout_sec)
               ^^^^^^^^^^^^^^^^^^^^^^^^^^^^^^^^^^^^^^^^^^^^^^^^^^^^^^^^^^^^
  File "/home/suyichn/projects/android_world/android_world/env/adb_utils.py", line 577, in issue_generic_request
    response = env.execute_adb_call(
               ^^^^^^^^^^^^^^^^^^^^^
  File "/home/suyichn/miniconda3/envs/android_world/lib/python3.11/site-packages/android_env/wrappers/base_wrapper.py", line 101, in execute_adb_call
    return self._env.execute_adb_call(adb_call)
           ^^^^^^^^^^^^^^^^^^^^^^^^^^^^^^^^^^^^
  File "/home/suyichn/miniconda3/envs/android_world/lib/python3.11/site-packages/android_env/wrappers/base_wrapper.py", line 101, in execute_adb_call
    return self._env.execute_adb_call(adb_call)
           ^^^^^^^^^^^^^^^^^^^^^^^^^^^^^^^^^^^^
  File "/home/suyichn/miniconda3/envs/android_world/lib/python3.11/site-packages/android_env/environment.py", line 150, in execute_adb_call
    return self._coordinator.execute_adb_call(call)
           ^^^^^^^^^^^^^^^^^^^^^^^^^^^^^^^^^^^^^^^^
  File "/home/suyichn/miniconda3/envs/android_world/lib/python3.11/site-packages/android_env/components/coordinator.py", line 180, in execute_adb_call
    return self._adb_call_parser.parse(call)
           ^^^^^^^^^^^^^^^^^^^^^^^^^^^^^^^^^
  File "/home/suyichn/miniconda3/envs/android_world/lib/python3.11/site-packages/android_env/components/adb_call_parser.py", line 111, in parse
    return self._handlers[command_type](request, timeout)
           ^^^^^^^^^^^^^^^^^^^^^^^^^^^^^^^^^^^^^^^^^^^^^^
  File "/home/suyichn/miniconda3/envs/android_world/lib/python3.11/site-packages/android_env/components/adb_call_parser.py", line 765, in _handle_generic
    response, command_output = self._execute_command(
                               ^^^^^^^^^^^^^^^^^^^^^^
  File "/home/suyichn/miniconda3/envs/android_world/lib/python3.11/site-packages/android_env/components/adb_call_parser.py", line 81, in _execute_command
    command_output = self._adb_controller.execute_command(
                     ^^^^^^^^^^^^^^^^^^^^^^^^^^^^^^^^^^^^^
  File "/home/suyichn/miniconda3/envs/android_world/lib/python3.11/site-packages/android_env/components/adb_controller.py", line 147, in execute_command
    raise errors.AdbControllerError(
android_env.components.errors.AdbControllerError: Error executing adb command: [adb -P 5037 -s emulator-5554 shell whoami]
Caused by: Command '['/home/suyichn/Android/Sdk/platform-tools/adb', '-P', '5037', '-s', 'emulator-5554', 'shell', 'whoami']' returned non-zero exit status 1.
adb stdout: [b'adb.exe: device offline\r\n']
adb stderr: [None]
Traceback (most recent call last):
  File "/home/suyichn/miniconda3/envs/android_world/lib/python3.11/site-packages/android_env/components/adb_controller.py", line 122, in execute_command
    cmd_output = subprocess.check_output(
                 ^^^^^^^^^^^^^^^^^^^^^^^^
  File "/home/suyichn/miniconda3/envs/android_world/lib/python3.11/subprocess.py", line 466, in check_output
    return run(*popenargs, stdout=PIPE, timeout=timeout, check=True,
           ^^^^^^^^^^^^^^^^^^^^^^^^^^^^^^^^^^^^^^^^^^^^^^^^^^^^^^^^^
  File "/home/suyichn/miniconda3/envs/android_world/lib/python3.11/subprocess.py", line 571, in run
    raise CalledProcessError(retcode, process.args,
subprocess.CalledProcessError: Command '['/home/suyichn/Android/Sdk/platform-tools/adb', '-P', '5037', '-s', 'emulator-5554', 'shell', 'whoami']' returned non-zero exit status 1.

The above exception was the direct cause of the following exception:

Traceback (most recent call last):
  File "/home/suyichn/projects/android_world/android_world/suite_utils.py", line 294, in _run_task
    task.initialize_task(env)
  File "/home/suyichn/projects/android_world/android_world/task_evals/single/system.py", line 203, in initialize_task
    super().initialize_task(env)
  File "/home/suyichn/projects/android_world/android_world/task_evals/task_eval.py", line 146, in initialize_task
    self.initialize_device_time(env)
  File "/home/suyichn/projects/android_world/android_world/task_evals/task_eval.py", line 139, in initialize_device_time
    datetime_utils.setup_datetime(env.controller)
  File "/home/suyichn/projects/android_world/android_world/utils/datetime_utils.py", line 138, in setup_datetime
    adb_utils.set_root_if_needed(env)
  File "/home/suyichn/projects/android_world/android_world/env/adb_utils.py", line 1764, in set_root_if_needed
    response = issue_generic_request(['shell', 'whoami'], env, timeout_sec)
               ^^^^^^^^^^^^^^^^^^^^^^^^^^^^^^^^^^^^^^^^^^^^^^^^^^^^^^^^^^^^
  File "/home/suyichn/projects/android_world/android_world/env/adb_utils.py", line 577, in issue_generic_request
    response = env.execute_adb_call(
               ^^^^^^^^^^^^^^^^^^^^^
  File "/home/suyichn/miniconda3/envs/android_world/lib/python3.11/site-packages/android_env/wrappers/base_wrapper.py", line 101, in execute_adb_call
    return self._env.execute_adb_call(adb_call)
           ^^^^^^^^^^^^^^^^^^^^^^^^^^^^^^^^^^^^
  File "/home/suyichn/miniconda3/envs/android_world/lib/python3.11/site-packages/android_env/wrappers/base_wrapper.py", line 101, in execute_adb_call
    return self._env.execute_adb_call(adb_call)
           ^^^^^^^^^^^^^^^^^^^^^^^^^^^^^^^^^^^^
  File "/home/suyichn/miniconda3/envs/android_world/lib/python3.11/site-packages/android_env/environment.py", line 150, in execute_adb_call
    return self._coordinator.execute_adb_call(call)
           ^^^^^^^^^^^^^^^^^^^^^^^^^^^^^^^^^^^^^^^^
  File "/home/suyichn/miniconda3/envs/android_world/lib/python3.11/site-packages/android_env/components/coordinator.py", line 180, in execute_adb_call
    return self._adb_call_parser.parse(call)
           ^^^^^^^^^^^^^^^^^^^^^^^^^^^^^^^^^
  File "/home/suyichn/miniconda3/envs/android_world/lib/python3.11/site-packages/android_env/components/adb_call_parser.py", line 111, in parse
    return self._handlers[command_type](request, timeout)
           ^^^^^^^^^^^^^^^^^^^^^^^^^^^^^^^^^^^^^^^^^^^^^^
  File "/home/suyichn/miniconda3/envs/android_world/lib/python3.11/site-packages/android_env/components/adb_call_parser.py", line 765, in _handle_generic
    response, command_output = self._execute_command(
                               ^^^^^^^^^^^^^^^^^^^^^^
  File "/home/suyichn/miniconda3/envs/android_world/lib/python3.11/site-packages/android_env/components/adb_call_parser.py", line 81, in _execute_command
    command_output = self._adb_controller.execute_command(
                     ^^^^^^^^^^^^^^^^^^^^^^^^^^^^^^^^^^^^^
  File "/home/suyichn/miniconda3/envs/android_world/lib/python3.11/site-packages/android_env/components/adb_controller.py", line 147, in execute_command
    raise errors.AdbControllerError(
android_env.components.errors.AdbControllerError: Error executing adb command: [adb -P 5037 -s emulator-5554 shell whoami]
Caused by: Command '['/home/suyichn/Android/Sdk/platform-tools/adb', '-P', '5037', '-s', 'emulator-5554', 'shell', 'whoami']' returned non-zero exit status 1.
adb stdout: [b'adb.exe: device offline\r\n']
adb stderr: [None]


                                       task_num  num_complete_trials  mean_success_rate  mean_episode_length  total_runtime_s  num_fail_trials
task                                                                                                                                          
AudioRecorderRecordAudio                      0                  5.0               0.60                 8.20           685.20              0.0
BrowserDraw                                   1                  5.0               0.00                20.00          1906.30              0.0
CameraTakePhoto                               2                  5.0               0.00                10.00           681.30              0.0
ClockStopWatchPausedVerify                    3                  5.0               0.40                 7.80           760.40              0.0
ClockStopWatchRunning                         4                  5.0               0.20                 4.80           403.60              0.0
ContactsAddContact                            5                  5.0               0.00                12.00          1111.50              0.0
ExpenseAddSingle                              6                  5.0               0.00                12.00          1643.50              0.0
FilesDeleteFile                               7                  5.0               0.00                22.00          2124.20              0.0
MarkorCreateFolder                            8                  5.0               0.00                10.00           875.70              0.0
NotesIsTodo                                   9                  5.0               0.00                 4.20           692.80              0.0
OpenAppTaskEval                              10                  5.0               1.00                 1.80           331.30              0.0
OsmAndFavorite                               11                  5.0               0.00                13.00          1603.50              0.0
RecipeDeleteSingleRecipe                     12                  5.0               0.20                 9.20           831.00              0.0
RecipeDeleteSingleWithRecipeWithNoise        13                  5.0               0.00                20.00          2166.20              0.0
RetroPlayingQueue                            14                  5.0               0.00                32.00          3761.20              0.0
SimpleCalendarAddOneEventTomorrow            15                  5.0               0.00                34.00          4629.30              0.0
SimpleDrawProCreateDrawing                   16                  5.0               0.20                18.00          2049.00              0.0
SimpleSmsReply                               17                  2.0               0.50                 7.50           655.00              3.0
SportsTrackerActivitiesCountForWeek          18                  3.0               0.00                 7.33          1706.80              2.0
SystemWifiTurnOn                             19                  0.0                NaN                  NaN             4.70              1.0
========= Average =========                   0                  4.5               0.16                13.36          1431.12              0.3


                         mean_success_rate       
difficulty                            easy medium
tags                                             
complex_ui_understanding                 -    0.0
data_edit                              0.1    0.0
data_entry                            0.12      -
game_playing                           0.0      -
information_retrieval                  0.0      -
parameterized                         0.15    0.0
requires_setup                         0.3      -
screen_reading                         0.0      -
search                                0.14    0.0
untagged                               0.1      -
verification                           0.4      -
E0814 23:16:42.918816 124305553613888 adb_controller.py:131] Failed to execute ADB command (try 1 of 3): [adb -P 5037 -s emulator-5554 shell whoami]
Traceback (most recent call last):
  File "/home/suyichn/miniconda3/envs/android_world/lib/python3.11/site-packages/android_env/components/adb_controller.py", line 122, in execute_command
    cmd_output = subprocess.check_output(
                 ^^^^^^^^^^^^^^^^^^^^^^^^
  File "/home/suyichn/miniconda3/envs/android_world/lib/python3.11/subprocess.py", line 466, in check_output
    return run(*popenargs, stdout=PIPE, timeout=timeout, check=True,
           ^^^^^^^^^^^^^^^^^^^^^^^^^^^^^^^^^^^^^^^^^^^^^^^^^^^^^^^^^
  File "/home/suyichn/miniconda3/envs/android_world/lib/python3.11/subprocess.py", line 571, in run
    raise CalledProcessError(retcode, process.args,
subprocess.CalledProcessError: Command '['/home/suyichn/Android/Sdk/platform-tools/adb', '-P', '5037', '-s', 'emulator-5554', 'shell', 'whoami']' returned non-zero exit status 1.
E0814 23:16:42.919220 124305553613888 adb_controller.py:135] **stdout**:
E0814 23:16:42.919283 124305553613888 adb_controller.py:137]     b'adb.exe: device offline'
E0814 23:16:50.494748 124305553613888 adb_controller.py:131] Failed to execute ADB command (try 2 of 3): [adb -P 5037 -s emulator-5554 shell whoami]
Traceback (most recent call last):
  File "/home/suyichn/miniconda3/envs/android_world/lib/python3.11/site-packages/android_env/components/adb_controller.py", line 122, in execute_command
    cmd_output = subprocess.check_output(
                 ^^^^^^^^^^^^^^^^^^^^^^^^
  File "/home/suyichn/miniconda3/envs/android_world/lib/python3.11/subprocess.py", line 466, in check_output
    return run(*popenargs, stdout=PIPE, timeout=timeout, check=True,
           ^^^^^^^^^^^^^^^^^^^^^^^^^^^^^^^^^^^^^^^^^^^^^^^^^^^^^^^^^
  File "/home/suyichn/miniconda3/envs/android_world/lib/python3.11/subprocess.py", line 571, in run
    raise CalledProcessError(retcode, process.args,
subprocess.CalledProcessError: Command '['/home/suyichn/Android/Sdk/platform-tools/adb', '-P', '5037', '-s', 'emulator-5554', 'shell', 'whoami']' returned non-zero exit status 1.
E0814 23:16:50.495292 124305553613888 adb_controller.py:135] **stdout**:
E0814 23:16:50.495331 124305553613888 adb_controller.py:137]     b'adb.exe: device offline'
~~~~~~~~~~~~~~~~~~~~~~~~~~~~~~~~~~~~~~~~~~~~~~~~~~~~~~~~~~~~~~~~~~~~~~~~~~~~~~~~
SKIPPING SystemWifiTurnOn.
E0814 23:16:50.495468 124305553613888 suite_utils.py:302] Logging exception and skipping task. Will keep running. Task: SystemWifiTurnOn: Error executing adb command: [adb -P 5037 -s emulator-5554 shell whoami]
Caused by: Command '['/home/suyichn/Android/Sdk/platform-tools/adb', '-P', '5037', '-s', 'emulator-5554', 'shell', 'whoami']' returned non-zero exit status 1.
adb stdout: [b'adb.exe: device offline\r\n']
adb stderr: [None]
Traceback (most recent call last):
  File "/home/suyichn/miniconda3/envs/android_world/lib/python3.11/site-packages/android_env/components/adb_controller.py", line 122, in execute_command
    cmd_output = subprocess.check_output(
                 ^^^^^^^^^^^^^^^^^^^^^^^^
  File "/home/suyichn/miniconda3/envs/android_world/lib/python3.11/subprocess.py", line 466, in check_output
    return run(*popenargs, stdout=PIPE, timeout=timeout, check=True,
           ^^^^^^^^^^^^^^^^^^^^^^^^^^^^^^^^^^^^^^^^^^^^^^^^^^^^^^^^^
  File "/home/suyichn/miniconda3/envs/android_world/lib/python3.11/subprocess.py", line 571, in run
    raise CalledProcessError(retcode, process.args,
subprocess.CalledProcessError: Command '['/home/suyichn/Android/Sdk/platform-tools/adb', '-P', '5037', '-s', 'emulator-5554', 'shell', 'whoami']' returned non-zero exit status 1.

The above exception was the direct cause of the following exception:

Traceback (most recent call last):
  File "/home/suyichn/projects/android_world/android_world/suite_utils.py", line 294, in _run_task
    task.initialize_task(env)
  File "/home/suyichn/projects/android_world/android_world/task_evals/single/system.py", line 203, in initialize_task
    super().initialize_task(env)
  File "/home/suyichn/projects/android_world/android_world/task_evals/task_eval.py", line 146, in initialize_task
    self.initialize_device_time(env)
  File "/home/suyichn/projects/android_world/android_world/task_evals/task_eval.py", line 139, in initialize_device_time
    datetime_utils.setup_datetime(env.controller)
  File "/home/suyichn/projects/android_world/android_world/utils/datetime_utils.py", line 138, in setup_datetime
    adb_utils.set_root_if_needed(env)
  File "/home/suyichn/projects/android_world/android_world/env/adb_utils.py", line 1764, in set_root_if_needed
    response = issue_generic_request(['shell', 'whoami'], env, timeout_sec)
               ^^^^^^^^^^^^^^^^^^^^^^^^^^^^^^^^^^^^^^^^^^^^^^^^^^^^^^^^^^^^
  File "/home/suyichn/projects/android_world/android_world/env/adb_utils.py", line 577, in issue_generic_request
    response = env.execute_adb_call(
               ^^^^^^^^^^^^^^^^^^^^^
  File "/home/suyichn/miniconda3/envs/android_world/lib/python3.11/site-packages/android_env/wrappers/base_wrapper.py", line 101, in execute_adb_call
    return self._env.execute_adb_call(adb_call)
           ^^^^^^^^^^^^^^^^^^^^^^^^^^^^^^^^^^^^
  File "/home/suyichn/miniconda3/envs/android_world/lib/python3.11/site-packages/android_env/wrappers/base_wrapper.py", line 101, in execute_adb_call
    return self._env.execute_adb_call(adb_call)
           ^^^^^^^^^^^^^^^^^^^^^^^^^^^^^^^^^^^^
  File "/home/suyichn/miniconda3/envs/android_world/lib/python3.11/site-packages/android_env/environment.py", line 150, in execute_adb_call
    return self._coordinator.execute_adb_call(call)
           ^^^^^^^^^^^^^^^^^^^^^^^^^^^^^^^^^^^^^^^^
  File "/home/suyichn/miniconda3/envs/android_world/lib/python3.11/site-packages/android_env/components/coordinator.py", line 180, in execute_adb_call
    return self._adb_call_parser.parse(call)
           ^^^^^^^^^^^^^^^^^^^^^^^^^^^^^^^^^
  File "/home/suyichn/miniconda3/envs/android_world/lib/python3.11/site-packages/android_env/components/adb_call_parser.py", line 111, in parse
    return self._handlers[command_type](request, timeout)
           ^^^^^^^^^^^^^^^^^^^^^^^^^^^^^^^^^^^^^^^^^^^^^^
  File "/home/suyichn/miniconda3/envs/android_world/lib/python3.11/site-packages/android_env/components/adb_call_parser.py", line 765, in _handle_generic
    response, command_output = self._execute_command(
                               ^^^^^^^^^^^^^^^^^^^^^^
  File "/home/suyichn/miniconda3/envs/android_world/lib/python3.11/site-packages/android_env/components/adb_call_parser.py", line 81, in _execute_command
    command_output = self._adb_controller.execute_command(
                     ^^^^^^^^^^^^^^^^^^^^^^^^^^^^^^^^^^^^^
  File "/home/suyichn/miniconda3/envs/android_world/lib/python3.11/site-packages/android_env/components/adb_controller.py", line 147, in execute_command
    raise errors.AdbControllerError(
android_env.components.errors.AdbControllerError: Error executing adb command: [adb -P 5037 -s emulator-5554 shell whoami]
Caused by: Command '['/home/suyichn/Android/Sdk/platform-tools/adb', '-P', '5037', '-s', 'emulator-5554', 'shell', 'whoami']' returned non-zero exit status 1.
adb stdout: [b'adb.exe: device offline\r\n']
adb stderr: [None]
Traceback (most recent call last):
  File "/home/suyichn/miniconda3/envs/android_world/lib/python3.11/site-packages/android_env/components/adb_controller.py", line 122, in execute_command
    cmd_output = subprocess.check_output(
                 ^^^^^^^^^^^^^^^^^^^^^^^^
  File "/home/suyichn/miniconda3/envs/android_world/lib/python3.11/subprocess.py", line 466, in check_output
    return run(*popenargs, stdout=PIPE, timeout=timeout, check=True,
           ^^^^^^^^^^^^^^^^^^^^^^^^^^^^^^^^^^^^^^^^^^^^^^^^^^^^^^^^^
  File "/home/suyichn/miniconda3/envs/android_world/lib/python3.11/subprocess.py", line 571, in run
    raise CalledProcessError(retcode, process.args,
subprocess.CalledProcessError: Command '['/home/suyichn/Android/Sdk/platform-tools/adb', '-P', '5037', '-s', 'emulator-5554', 'shell', 'whoami']' returned non-zero exit status 1.

The above exception was the direct cause of the following exception:

Traceback (most recent call last):
  File "/home/suyichn/projects/android_world/android_world/suite_utils.py", line 294, in _run_task
    task.initialize_task(env)
  File "/home/suyichn/projects/android_world/android_world/task_evals/single/system.py", line 203, in initialize_task
    super().initialize_task(env)
  File "/home/suyichn/projects/android_world/android_world/task_evals/task_eval.py", line 146, in initialize_task
    self.initialize_device_time(env)
  File "/home/suyichn/projects/android_world/android_world/task_evals/task_eval.py", line 139, in initialize_device_time
    datetime_utils.setup_datetime(env.controller)
  File "/home/suyichn/projects/android_world/android_world/utils/datetime_utils.py", line 138, in setup_datetime
    adb_utils.set_root_if_needed(env)
  File "/home/suyichn/projects/android_world/android_world/env/adb_utils.py", line 1764, in set_root_if_needed
    response = issue_generic_request(['shell', 'whoami'], env, timeout_sec)
               ^^^^^^^^^^^^^^^^^^^^^^^^^^^^^^^^^^^^^^^^^^^^^^^^^^^^^^^^^^^^
  File "/home/suyichn/projects/android_world/android_world/env/adb_utils.py", line 577, in issue_generic_request
    response = env.execute_adb_call(
               ^^^^^^^^^^^^^^^^^^^^^
  File "/home/suyichn/miniconda3/envs/android_world/lib/python3.11/site-packages/android_env/wrappers/base_wrapper.py", line 101, in execute_adb_call
    return self._env.execute_adb_call(adb_call)
           ^^^^^^^^^^^^^^^^^^^^^^^^^^^^^^^^^^^^
  File "/home/suyichn/miniconda3/envs/android_world/lib/python3.11/site-packages/android_env/wrappers/base_wrapper.py", line 101, in execute_adb_call
    return self._env.execute_adb_call(adb_call)
           ^^^^^^^^^^^^^^^^^^^^^^^^^^^^^^^^^^^^
  File "/home/suyichn/miniconda3/envs/android_world/lib/python3.11/site-packages/android_env/environment.py", line 150, in execute_adb_call
    return self._coordinator.execute_adb_call(call)
           ^^^^^^^^^^^^^^^^^^^^^^^^^^^^^^^^^^^^^^^^
  File "/home/suyichn/miniconda3/envs/android_world/lib/python3.11/site-packages/android_env/components/coordinator.py", line 180, in execute_adb_call
    return self._adb_call_parser.parse(call)
           ^^^^^^^^^^^^^^^^^^^^^^^^^^^^^^^^^
  File "/home/suyichn/miniconda3/envs/android_world/lib/python3.11/site-packages/android_env/components/adb_call_parser.py", line 111, in parse
    return self._handlers[command_type](request, timeout)
           ^^^^^^^^^^^^^^^^^^^^^^^^^^^^^^^^^^^^^^^^^^^^^^
  File "/home/suyichn/miniconda3/envs/android_world/lib/python3.11/site-packages/android_env/components/adb_call_parser.py", line 765, in _handle_generic
    response, command_output = self._execute_command(
                               ^^^^^^^^^^^^^^^^^^^^^^
  File "/home/suyichn/miniconda3/envs/android_world/lib/python3.11/site-packages/android_env/components/adb_call_parser.py", line 81, in _execute_command
    command_output = self._adb_controller.execute_command(
                     ^^^^^^^^^^^^^^^^^^^^^^^^^^^^^^^^^^^^^
  File "/home/suyichn/miniconda3/envs/android_world/lib/python3.11/site-packages/android_env/components/adb_controller.py", line 147, in execute_command
    raise errors.AdbControllerError(
android_env.components.errors.AdbControllerError: Error executing adb command: [adb -P 5037 -s emulator-5554 shell whoami]
Caused by: Command '['/home/suyichn/Android/Sdk/platform-tools/adb', '-P', '5037', '-s', 'emulator-5554', 'shell', 'whoami']' returned non-zero exit status 1.
adb stdout: [b'adb.exe: device offline\r\n']
adb stderr: [None]


                                       task_num  num_complete_trials  mean_success_rate  mean_episode_length  total_runtime_s  num_fail_trials
task                                                                                                                                          
AudioRecorderRecordAudio                      0                  5.0               0.60                 8.20           685.20             0.00
BrowserDraw                                   1                  5.0               0.00                20.00          1906.30             0.00
CameraTakePhoto                               2                  5.0               0.00                10.00           681.30             0.00
ClockStopWatchPausedVerify                    3                  5.0               0.40                 7.80           760.40             0.00
ClockStopWatchRunning                         4                  5.0               0.20                 4.80           403.60             0.00
ContactsAddContact                            5                  5.0               0.00                12.00          1111.50             0.00
ExpenseAddSingle                              6                  5.0               0.00                12.00          1643.50             0.00
FilesDeleteFile                               7                  5.0               0.00                22.00          2124.20             0.00
MarkorCreateFolder                            8                  5.0               0.00                10.00           875.70             0.00
NotesIsTodo                                   9                  5.0               0.00                 4.20           692.80             0.00
OpenAppTaskEval                              10                  5.0               1.00                 1.80           331.30             0.00
OsmAndFavorite                               11                  5.0               0.00                13.00          1603.50             0.00
RecipeDeleteSingleRecipe                     12                  5.0               0.20                 9.20           831.00             0.00
RecipeDeleteSingleWithRecipeWithNoise        13                  5.0               0.00                20.00          2166.20             0.00
RetroPlayingQueue                            14                  5.0               0.00                32.00          3761.20             0.00
SimpleCalendarAddOneEventTomorrow            15                  5.0               0.00                34.00          4629.30             0.00
SimpleDrawProCreateDrawing                   16                  5.0               0.20                18.00          2049.00             0.00
SimpleSmsReply                               17                  2.0               0.50                 7.50           655.00             3.00
SportsTrackerActivitiesCountForWeek          18                  3.0               0.00                 7.33          1706.80             2.00
SystemWifiTurnOn                             19                  0.0                NaN                  NaN            12.40             2.00
========= Average =========                   0                  4.5               0.16                13.36          1431.51             0.35


                         mean_success_rate       
difficulty                            easy medium
tags                                             
complex_ui_understanding                 -    0.0
data_edit                              0.1    0.0
data_entry                            0.12      -
game_playing                           0.0      -
information_retrieval                  0.0      -
parameterized                         0.15    0.0
requires_setup                         0.3      -
screen_reading                         0.0      -
search                                0.14    0.0
untagged                               0.1      -
verification                           0.4      -
E0814 23:16:50.584815 124305553613888 adb_controller.py:131] Failed to execute ADB command (try 1 of 3): [adb -P 5037 -s emulator-5554 shell whoami]
Traceback (most recent call last):
  File "/home/suyichn/miniconda3/envs/android_world/lib/python3.11/site-packages/android_env/components/adb_controller.py", line 122, in execute_command
    cmd_output = subprocess.check_output(
                 ^^^^^^^^^^^^^^^^^^^^^^^^
  File "/home/suyichn/miniconda3/envs/android_world/lib/python3.11/subprocess.py", line 466, in check_output
    return run(*popenargs, stdout=PIPE, timeout=timeout, check=True,
           ^^^^^^^^^^^^^^^^^^^^^^^^^^^^^^^^^^^^^^^^^^^^^^^^^^^^^^^^^
  File "/home/suyichn/miniconda3/envs/android_world/lib/python3.11/subprocess.py", line 571, in run
    raise CalledProcessError(retcode, process.args,
subprocess.CalledProcessError: Command '['/home/suyichn/Android/Sdk/platform-tools/adb', '-P', '5037', '-s', 'emulator-5554', 'shell', 'whoami']' returned non-zero exit status 1.
E0814 23:16:50.585234 124305553613888 adb_controller.py:135] **stdout**:
E0814 23:16:50.585283 124305553613888 adb_controller.py:137]     b'adb.exe: device offline'
E0814 23:16:57.312525 124305553613888 adb_controller.py:131] Failed to execute ADB command (try 1 of 3): [adb -P 5037 -s emulator-5554 shell settings put global auto_time 0]
Traceback (most recent call last):
  File "/home/suyichn/miniconda3/envs/android_world/lib/python3.11/site-packages/android_env/components/adb_controller.py", line 122, in execute_command
    cmd_output = subprocess.check_output(
                 ^^^^^^^^^^^^^^^^^^^^^^^^
  File "/home/suyichn/miniconda3/envs/android_world/lib/python3.11/subprocess.py", line 466, in check_output
    return run(*popenargs, stdout=PIPE, timeout=timeout, check=True,
           ^^^^^^^^^^^^^^^^^^^^^^^^^^^^^^^^^^^^^^^^^^^^^^^^^^^^^^^^^
  File "/home/suyichn/miniconda3/envs/android_world/lib/python3.11/subprocess.py", line 571, in run
    raise CalledProcessError(retcode, process.args,
subprocess.CalledProcessError: Command '['/home/suyichn/Android/Sdk/platform-tools/adb', '-P', '5037', '-s', 'emulator-5554', 'shell', 'settings', 'put', 'global', 'auto_time', '0']' returned non-zero exit status 20.
E0814 23:16:57.312939 124305553613888 adb_controller.py:135] **stdout**:
E0814 23:16:57.312994 124305553613888 adb_controller.py:137]     b"cmd: Can't find service: settings"
W0814 23:17:03.166232 124305553613888 task_eval.py:125] Skipping app snapshot loading : Snapshot not found in /data/data/android_world/snapshots/com.android.settings.
E0814 23:17:03.271315 124305553613888 adb_controller.py:131] Failed to execute ADB command (try 1 of 3): [adb -P 5037 -s emulator-5554 shell svc wifi disable]
Traceback (most recent call last):
  File "/home/suyichn/miniconda3/envs/android_world/lib/python3.11/site-packages/android_env/components/adb_controller.py", line 122, in execute_command
    cmd_output = subprocess.check_output(
                 ^^^^^^^^^^^^^^^^^^^^^^^^
  File "/home/suyichn/miniconda3/envs/android_world/lib/python3.11/subprocess.py", line 466, in check_output
    return run(*popenargs, stdout=PIPE, timeout=timeout, check=True,
           ^^^^^^^^^^^^^^^^^^^^^^^^^^^^^^^^^^^^^^^^^^^^^^^^^^^^^^^^^
  File "/home/suyichn/miniconda3/envs/android_world/lib/python3.11/subprocess.py", line 571, in run
    raise CalledProcessError(retcode, process.args,
subprocess.CalledProcessError: Command '['/home/suyichn/Android/Sdk/platform-tools/adb', '-P', '5037', '-s', 'emulator-5554', 'shell', 'svc', 'wifi', 'disable']' returned non-zero exit status 255.
E0814 23:17:03.271730 124305553613888 adb_controller.py:135] **stdout**:
Running task SystemWifiTurnOn with goal "Turn wifi on."
W0814 23:17:14.465303 124305553613888 android_world_controller.py:98] Could not get a11y tree, retrying.
W0814 23:17:15.465677 124305553613888 android_world_controller.py:98] Could not get a11y tree, retrying.
W0814 23:17:16.466054 124305553613888 android_world_controller.py:98] Could not get a11y tree, retrying.
W0814 23:17:17.466385 124305553613888 android_world_controller.py:98] Could not get a11y tree, retrying.
W0814 23:17:18.466722 124305553613888 android_world_controller.py:98] Could not get a11y tree, retrying.
Could not get a11y tree. Reconnecting to Android, reinitializing AndroidEnv, and restarting a11y forwarding.
W0814 23:17:45.553486 124305553613888 android_world_controller.py:98] Could not get a11y tree, retrying.
Completed step 1.
Environment ends episode.
Task Successful ✅;  Turn wifi on.
W0814 23:17:58.929648 124305553613888 task_eval.py:125] Skipping app snapshot loading : Snapshot not found in /data/data/android_world/snapshots/com.android.settings.


                                       task_num  num_complete_trials  mean_success_rate  mean_episode_length  total_runtime_s  num_fail_trials
task                                                                                                                                          
AudioRecorderRecordAudio                      0                 5.00                0.6                 8.20           685.20             0.00
BrowserDraw                                   1                 5.00                0.0                20.00          1906.30             0.00
CameraTakePhoto                               2                 5.00                0.0                10.00           681.30             0.00
ClockStopWatchPausedVerify                    3                 5.00                0.4                 7.80           760.40             0.00
ClockStopWatchRunning                         4                 5.00                0.2                 4.80           403.60             0.00
ContactsAddContact                            5                 5.00                0.0                12.00          1111.50             0.00
ExpenseAddSingle                              6                 5.00                0.0                12.00          1643.50             0.00
FilesDeleteFile                               7                 5.00                0.0                22.00          2124.20             0.00
MarkorCreateFolder                            8                 5.00                0.0                10.00           875.70             0.00
NotesIsTodo                                   9                 5.00                0.0                 4.20           692.80             0.00
OpenAppTaskEval                              10                 5.00                1.0                 1.80           331.30             0.00
OsmAndFavorite                               11                 5.00                0.0                13.00          1603.50             0.00
RecipeDeleteSingleRecipe                     12                 5.00                0.2                 9.20           831.00             0.00
RecipeDeleteSingleWithRecipeWithNoise        13                 5.00                0.0                20.00          2166.20             0.00
RetroPlayingQueue                            14                 5.00                0.0                32.00          3761.20             0.00
SimpleCalendarAddOneEventTomorrow            15                 5.00                0.0                34.00          4629.30             0.00
SimpleDrawProCreateDrawing                   16                 5.00                0.2                18.00          2049.00             0.00
SimpleSmsReply                               17                 2.00                0.5                 7.50           655.00             3.00
SportsTrackerActivitiesCountForWeek          18                 3.00                0.0                 7.33          1706.80             2.00
SystemWifiTurnOn                             19                 1.00                1.0                 1.00            77.70             2.00
========= Average =========                   0                 4.55                0.2                12.74          1434.78             0.35


                         mean_success_rate       
difficulty                            easy medium
tags                                             
complex_ui_understanding                 -    0.0
data_edit                              0.1    0.0
data_entry                            0.12      -
game_playing                           0.0      -
information_retrieval                  0.0      -
parameterized                         0.15    0.0
requires_setup                         0.3      -
screen_reading                         0.5      -
search                                0.14    0.0
untagged                               0.1      -
verification                           0.4      -
W0814 23:18:00.487254 124305553613888 task_eval.py:125] Skipping app snapshot loading : Snapshot not found in /data/data/android_world/snapshots/com.android.settings.
Running task SystemWifiTurnOn with goal "Turn wifi on."
Completed step 1.
Completed step 2.
Completed step 3.
Completed step 4.
Completed step 5.
Completed step 6.
Completed step 7.
Completed step 8.
Completed step 9.
Completed step 10.
Agent did not indicate task is done. Reached max number of steps.
Task Failed ❌;  Turn wifi on.
W0814 23:19:44.585608 124305553613888 task_eval.py:125] Skipping app snapshot loading : Snapshot not found in /data/data/android_world/snapshots/com.android.settings.


                                       task_num  num_complete_trials  mean_success_rate  mean_episode_length  total_runtime_s  num_fail_trials
task                                                                                                                                          
AudioRecorderRecordAudio                      0                  5.0               0.60                 8.20           685.20             0.00
BrowserDraw                                   1                  5.0               0.00                20.00          1906.30             0.00
CameraTakePhoto                               2                  5.0               0.00                10.00           681.30             0.00
ClockStopWatchPausedVerify                    3                  5.0               0.40                 7.80           760.40             0.00
ClockStopWatchRunning                         4                  5.0               0.20                 4.80           403.60             0.00
ContactsAddContact                            5                  5.0               0.00                12.00          1111.50             0.00
ExpenseAddSingle                              6                  5.0               0.00                12.00          1643.50             0.00
FilesDeleteFile                               7                  5.0               0.00                22.00          2124.20             0.00
MarkorCreateFolder                            8                  5.0               0.00                10.00           875.70             0.00
NotesIsTodo                                   9                  5.0               0.00                 4.20           692.80             0.00
OpenAppTaskEval                              10                  5.0               1.00                 1.80           331.30             0.00
OsmAndFavorite                               11                  5.0               0.00                13.00          1603.50             0.00
RecipeDeleteSingleRecipe                     12                  5.0               0.20                 9.20           831.00             0.00
RecipeDeleteSingleWithRecipeWithNoise        13                  5.0               0.00                20.00          2166.20             0.00
RetroPlayingQueue                            14                  5.0               0.00                32.00          3761.20             0.00
SimpleCalendarAddOneEventTomorrow            15                  5.0               0.00                34.00          4629.30             0.00
SimpleDrawProCreateDrawing                   16                  5.0               0.20                18.00          2049.00             0.00
SimpleSmsReply                               17                  2.0               0.50                 7.50           655.00             3.00
SportsTrackerActivitiesCountForWeek          18                  3.0               0.00                 7.33          1706.80             2.00
SystemWifiTurnOn                             19                  2.0               0.50                 5.50           179.40             2.00
========= Average =========                   0                  4.6               0.18                12.97          1439.86             0.35


                         mean_success_rate       
difficulty                            easy medium
tags                                             
complex_ui_understanding                 -    0.0
data_edit                              0.1    0.0
data_entry                            0.12      -
game_playing                           0.0      -
information_retrieval                  0.0      -
parameterized                         0.15    0.0
requires_setup                         0.3      -
screen_reading                        0.25      -
search                                0.14    0.0
untagged                               0.1      -
verification                           0.4      -
W0814 23:19:47.575478 124305553613888 task_eval.py:125] Skipping app snapshot loading : Snapshot not found in /data/data/android_world/snapshots/com.android.settings.
Running task SystemWifiTurnOn with goal "Turn wifi on."
W0814 23:19:47.997221 124305553613888 android_world_controller.py:98] Could not get a11y tree, retrying.
Completed step 1.
Completed step 2.
Completed step 3.
Completed step 4.
Completed step 5.
Completed step 6.
Completed step 7.
Completed step 8.
Completed step 9.
Completed step 10.
Agent did not indicate task is done. Reached max number of steps.
Task Failed ❌;  Turn wifi on.
W0814 23:21:36.279770 124305553613888 task_eval.py:125] Skipping app snapshot loading : Snapshot not found in /data/data/android_world/snapshots/com.android.settings.


                                       task_num  num_complete_trials  mean_success_rate  mean_episode_length  total_runtime_s  num_fail_trials
task                                                                                                                                          
AudioRecorderRecordAudio                      0                 5.00               0.60                 8.20           685.20             0.00
BrowserDraw                                   1                 5.00               0.00                20.00          1906.30             0.00
CameraTakePhoto                               2                 5.00               0.00                10.00           681.30             0.00
ClockStopWatchPausedVerify                    3                 5.00               0.40                 7.80           760.40             0.00
ClockStopWatchRunning                         4                 5.00               0.20                 4.80           403.60             0.00
ContactsAddContact                            5                 5.00               0.00                12.00          1111.50             0.00
ExpenseAddSingle                              6                 5.00               0.00                12.00          1643.50             0.00
FilesDeleteFile                               7                 5.00               0.00                22.00          2124.20             0.00
MarkorCreateFolder                            8                 5.00               0.00                10.00           875.70             0.00
NotesIsTodo                                   9                 5.00               0.00                 4.20           692.80             0.00
OpenAppTaskEval                              10                 5.00               1.00                 1.80           331.30             0.00
OsmAndFavorite                               11                 5.00               0.00                13.00          1603.50             0.00
RecipeDeleteSingleRecipe                     12                 5.00               0.20                 9.20           831.00             0.00
RecipeDeleteSingleWithRecipeWithNoise        13                 5.00               0.00                20.00          2166.20             0.00
RetroPlayingQueue                            14                 5.00               0.00                32.00          3761.20             0.00
SimpleCalendarAddOneEventTomorrow            15                 5.00               0.00                34.00          4629.30             0.00
SimpleDrawProCreateDrawing                   16                 5.00               0.20                18.00          2049.00             0.00
SimpleSmsReply                               17                 2.00               0.50                 7.50           655.00             3.00
SportsTrackerActivitiesCountForWeek          18                 3.00               0.00                 7.33          1706.80             2.00
SystemWifiTurnOn                             19                 3.00               0.33                 7.00           288.60             2.00
========= Average =========                   0                 4.65               0.17                13.04          1445.32             0.35


                         mean_success_rate       
difficulty                            easy medium
tags                                             
complex_ui_understanding                 -    0.0
data_edit                              0.1    0.0
data_entry                            0.12      -
game_playing                           0.0      -
information_retrieval                  0.0      -
parameterized                         0.15    0.0
requires_setup                         0.3      -
screen_reading                        0.17      -
search                                0.14    0.0
untagged                               0.1      -
verification                           0.4      -

Running task: TasksDueOnDate
============================
W0814 23:21:39.254751 124305553613888 task_eval.py:125] Skipping app snapshot loading : Snapshot not found in /data/data/android_world/snapshots/org.tasks.
Running task TasksDueOnDate with goal "What tasks do I have due October 24 2023 in Tasks app? Answer with the titles only. If there are multiples titles, format your answer in a comma separated list."
Completed step 1.
Completed step 2.
Completed step 3.
Completed step 4.
Completed step 5.
Completed step 6.
Completed step 7.
Completed step 8.
Completed step 9.
Completed step 10.
Agent did not indicate task is done. Reached max number of steps.
Task Failed ❌;  What tasks do I have due October 24 2023 in Tasks app? Answer with the titles only. If there are multiples titles, format your answer in a comma separated list.
W0814 23:23:27.751830 124305553613888 task_eval.py:125] Skipping app snapshot loading : Snapshot not found in /data/data/android_world/snapshots/org.tasks.


                                       task_num  num_complete_trials  mean_success_rate  mean_episode_length  total_runtime_s  num_fail_trials
task                                                                                                                                          
AudioRecorderRecordAudio                      0                 5.00               0.60                 8.20           685.20             0.00
BrowserDraw                                   1                 5.00               0.00                20.00          1906.30             0.00
CameraTakePhoto                               2                 5.00               0.00                10.00           681.30             0.00
ClockStopWatchPausedVerify                    3                 5.00               0.40                 7.80           760.40             0.00
ClockStopWatchRunning                         4                 5.00               0.20                 4.80           403.60             0.00
ContactsAddContact                            5                 5.00               0.00                12.00          1111.50             0.00
ExpenseAddSingle                              6                 5.00               0.00                12.00          1643.50             0.00
FilesDeleteFile                               7                 5.00               0.00                22.00          2124.20             0.00
MarkorCreateFolder                            8                 5.00               0.00                10.00           875.70             0.00
NotesIsTodo                                   9                 5.00               0.00                 4.20           692.80             0.00
OpenAppTaskEval                              10                 5.00               1.00                 1.80           331.30             0.00
OsmAndFavorite                               11                 5.00               0.00                13.00          1603.50             0.00
RecipeDeleteSingleRecipe                     12                 5.00               0.20                 9.20           831.00             0.00
RecipeDeleteSingleWithRecipeWithNoise        13                 5.00               0.00                20.00          2166.20             0.00
RetroPlayingQueue                            14                 5.00               0.00                32.00          3761.20             0.00
SimpleCalendarAddOneEventTomorrow            15                 5.00               0.00                34.00          4629.30             0.00
SimpleDrawProCreateDrawing                   16                 5.00               0.20                18.00          2049.00             0.00
SimpleSmsReply                               17                 2.00               0.50                 7.50           655.00             3.00
SportsTrackerActivitiesCountForWeek          18                 3.00               0.00                 7.33          1706.80             2.00
SystemWifiTurnOn                             19                 3.00               0.33                 7.00           288.60             2.00
TasksDueOnDate                               20                 1.00               0.00                10.00           107.80             0.00
========= Average =========                   0                 4.48               0.16                12.90          1381.63             0.33


                         mean_success_rate       
difficulty                            easy medium
tags                                             
complex_ui_understanding                 -    0.0
data_edit                              0.1    0.0
data_entry                            0.12      -
game_playing                           0.0      -
information_retrieval                  0.0      -
parameterized                         0.14    0.0
requires_setup                         0.3      -
screen_reading                        0.17      -
search                                0.12    0.0
untagged                               0.1      -
verification                           0.4      -
W0814 23:23:30.690636 124305553613888 task_eval.py:125] Skipping app snapshot loading : Snapshot not found in /data/data/android_world/snapshots/org.tasks.
Running task TasksDueOnDate with goal "What tasks do I have due October 15 2023 in Tasks app? Answer with the titles only. If there are multiples titles, format your answer in a comma separated list."
Completed step 1.
Completed step 2.
Completed step 3.
Completed step 4.
Completed step 5.
Completed step 6.
Completed step 7.
Completed step 8.
Completed step 9.
Completed step 10.
Agent did not indicate task is done. Reached max number of steps.
Task Failed ❌;  What tasks do I have due October 15 2023 in Tasks app? Answer with the titles only. If there are multiples titles, format your answer in a comma separated list.
W0814 23:25:18.123772 124305553613888 task_eval.py:125] Skipping app snapshot loading : Snapshot not found in /data/data/android_world/snapshots/org.tasks.


                                       task_num  num_complete_trials  mean_success_rate  mean_episode_length  total_runtime_s  num_fail_trials
task                                                                                                                                          
AudioRecorderRecordAudio                      0                 5.00               0.60                 8.20           685.20             0.00
BrowserDraw                                   1                 5.00               0.00                20.00          1906.30             0.00
CameraTakePhoto                               2                 5.00               0.00                10.00           681.30             0.00
ClockStopWatchPausedVerify                    3                 5.00               0.40                 7.80           760.40             0.00
ClockStopWatchRunning                         4                 5.00               0.20                 4.80           403.60             0.00
ContactsAddContact                            5                 5.00               0.00                12.00          1111.50             0.00
ExpenseAddSingle                              6                 5.00               0.00                12.00          1643.50             0.00
FilesDeleteFile                               7                 5.00               0.00                22.00          2124.20             0.00
MarkorCreateFolder                            8                 5.00               0.00                10.00           875.70             0.00
NotesIsTodo                                   9                 5.00               0.00                 4.20           692.80             0.00
OpenAppTaskEval                              10                 5.00               1.00                 1.80           331.30             0.00
OsmAndFavorite                               11                 5.00               0.00                13.00          1603.50             0.00
RecipeDeleteSingleRecipe                     12                 5.00               0.20                 9.20           831.00             0.00
RecipeDeleteSingleWithRecipeWithNoise        13                 5.00               0.00                20.00          2166.20             0.00
RetroPlayingQueue                            14                 5.00               0.00                32.00          3761.20             0.00
SimpleCalendarAddOneEventTomorrow            15                 5.00               0.00                34.00          4629.30             0.00
SimpleDrawProCreateDrawing                   16                 5.00               0.20                18.00          2049.00             0.00
SimpleSmsReply                               17                 2.00               0.50                 7.50           655.00             3.00
SportsTrackerActivitiesCountForWeek          18                 3.00               0.00                 7.33          1706.80             2.00
SystemWifiTurnOn                             19                 3.00               0.33                 7.00           288.60             2.00
TasksDueOnDate                               20                 2.00               0.00                10.00           214.60             0.00
========= Average =========                   0                 4.52               0.16                12.90          1386.71             0.33


                         mean_success_rate       
difficulty                            easy medium
tags                                             
complex_ui_understanding                 -    0.0
data_edit                              0.1    0.0
data_entry                            0.12      -
game_playing                           0.0      -
information_retrieval                  0.0      -
parameterized                         0.14    0.0
requires_setup                         0.3      -
screen_reading                        0.17      -
search                                0.12    0.0
untagged                               0.1      -
verification                           0.4      -
W0814 23:25:21.078756 124305553613888 task_eval.py:125] Skipping app snapshot loading : Snapshot not found in /data/data/android_world/snapshots/org.tasks.
Running task TasksDueOnDate with goal "What tasks do I have due October 28 2023 in Tasks app? Answer with the titles only. If there are multiples titles, format your answer in a comma separated list."
Completed step 1.
Completed step 2.
Completed step 3.
Completed step 4.
Completed step 5.
Completed step 6.
Completed step 7.
Completed step 8.
Completed step 9.
Completed step 10.
Agent did not indicate task is done. Reached max number of steps.
Task Failed ❌;  What tasks do I have due October 28 2023 in Tasks app? Answer with the titles only. If there are multiples titles, format your answer in a comma separated list.
W0814 23:27:09.039662 124305553613888 task_eval.py:125] Skipping app snapshot loading : Snapshot not found in /data/data/android_world/snapshots/org.tasks.


                                       task_num  num_complete_trials  mean_success_rate  mean_episode_length  total_runtime_s  num_fail_trials
task                                                                                                                                          
AudioRecorderRecordAudio                      0                 5.00               0.60                 8.20           685.20             0.00
BrowserDraw                                   1                 5.00               0.00                20.00          1906.30             0.00
CameraTakePhoto                               2                 5.00               0.00                10.00           681.30             0.00
ClockStopWatchPausedVerify                    3                 5.00               0.40                 7.80           760.40             0.00
ClockStopWatchRunning                         4                 5.00               0.20                 4.80           403.60             0.00
ContactsAddContact                            5                 5.00               0.00                12.00          1111.50             0.00
ExpenseAddSingle                              6                 5.00               0.00                12.00          1643.50             0.00
FilesDeleteFile                               7                 5.00               0.00                22.00          2124.20             0.00
MarkorCreateFolder                            8                 5.00               0.00                10.00           875.70             0.00
NotesIsTodo                                   9                 5.00               0.00                 4.20           692.80             0.00
OpenAppTaskEval                              10                 5.00               1.00                 1.80           331.30             0.00
OsmAndFavorite                               11                 5.00               0.00                13.00          1603.50             0.00
RecipeDeleteSingleRecipe                     12                 5.00               0.20                 9.20           831.00             0.00
RecipeDeleteSingleWithRecipeWithNoise        13                 5.00               0.00                20.00          2166.20             0.00
RetroPlayingQueue                            14                 5.00               0.00                32.00          3761.20             0.00
SimpleCalendarAddOneEventTomorrow            15                 5.00               0.00                34.00          4629.30             0.00
SimpleDrawProCreateDrawing                   16                 5.00               0.20                18.00          2049.00             0.00
SimpleSmsReply                               17                 2.00               0.50                 7.50           655.00             3.00
SportsTrackerActivitiesCountForWeek          18                 3.00               0.00                 7.33          1706.80             2.00
SystemWifiTurnOn                             19                 3.00               0.33                 7.00           288.60             2.00
TasksDueOnDate                               20                 3.00               0.00                10.00           321.80             0.00
========= Average =========                   0                 4.57               0.16                12.90          1391.82             0.33


                         mean_success_rate       
difficulty                            easy medium
tags                                             
complex_ui_understanding                 -    0.0
data_edit                              0.1    0.0
data_entry                            0.12      -
game_playing                           0.0      -
information_retrieval                  0.0      -
parameterized                         0.14    0.0
requires_setup                         0.3      -
screen_reading                        0.17      -
search                                0.12    0.0
untagged                               0.1      -
verification                           0.4      -
W0814 23:27:11.979052 124305553613888 task_eval.py:125] Skipping app snapshot loading : Snapshot not found in /data/data/android_world/snapshots/org.tasks.
Running task TasksDueOnDate with goal "What tasks do I have due October 26 in Tasks app? Answer with the titles only. If there are multiples titles, format your answer in a comma separated list."
Completed step 1.
Completed step 2.
Completed step 3.
Completed step 4.
Completed step 5.
Completed step 6.
Completed step 7.
Completed step 8.
Completed step 9.
Completed step 10.
Agent did not indicate task is done. Reached max number of steps.
Task Failed ❌;  What tasks do I have due October 26 in Tasks app? Answer with the titles only. If there are multiples titles, format your answer in a comma separated list.
W0814 23:29:00.870338 124305553613888 task_eval.py:125] Skipping app snapshot loading : Snapshot not found in /data/data/android_world/snapshots/org.tasks.


                                       task_num  num_complete_trials  mean_success_rate  mean_episode_length  total_runtime_s  num_fail_trials
task                                                                                                                                          
AudioRecorderRecordAudio                      0                 5.00               0.60                 8.20           685.20             0.00
BrowserDraw                                   1                 5.00               0.00                20.00          1906.30             0.00
CameraTakePhoto                               2                 5.00               0.00                10.00           681.30             0.00
ClockStopWatchPausedVerify                    3                 5.00               0.40                 7.80           760.40             0.00
ClockStopWatchRunning                         4                 5.00               0.20                 4.80           403.60             0.00
ContactsAddContact                            5                 5.00               0.00                12.00          1111.50             0.00
ExpenseAddSingle                              6                 5.00               0.00                12.00          1643.50             0.00
FilesDeleteFile                               7                 5.00               0.00                22.00          2124.20             0.00
MarkorCreateFolder                            8                 5.00               0.00                10.00           875.70             0.00
NotesIsTodo                                   9                 5.00               0.00                 4.20           692.80             0.00
OpenAppTaskEval                              10                 5.00               1.00                 1.80           331.30             0.00
OsmAndFavorite                               11                 5.00               0.00                13.00          1603.50             0.00
RecipeDeleteSingleRecipe                     12                 5.00               0.20                 9.20           831.00             0.00
RecipeDeleteSingleWithRecipeWithNoise        13                 5.00               0.00                20.00          2166.20             0.00
RetroPlayingQueue                            14                 5.00               0.00                32.00          3761.20             0.00
SimpleCalendarAddOneEventTomorrow            15                 5.00               0.00                34.00          4629.30             0.00
SimpleDrawProCreateDrawing                   16                 5.00               0.20                18.00          2049.00             0.00
SimpleSmsReply                               17                 2.00               0.50                 7.50           655.00             3.00
SportsTrackerActivitiesCountForWeek          18                 3.00               0.00                 7.33          1706.80             2.00
SystemWifiTurnOn                             19                 3.00               0.33                 7.00           288.60             2.00
TasksDueOnDate                               20                 4.00               0.00                10.00           430.00             0.00
========= Average =========                   0                 4.62               0.16                12.90          1396.97             0.33


                         mean_success_rate       
difficulty                            easy medium
tags                                             
complex_ui_understanding                 -    0.0
data_edit                              0.1    0.0
data_entry                            0.12      -
game_playing                           0.0      -
information_retrieval                  0.0      -
parameterized                         0.14    0.0
requires_setup                         0.3      -
screen_reading                        0.17      -
search                                0.12    0.0
untagged                               0.1      -
verification                           0.4      -
W0814 23:29:03.835504 124305553613888 task_eval.py:125] Skipping app snapshot loading : Snapshot not found in /data/data/android_world/snapshots/org.tasks.
Running task TasksDueOnDate with goal "What tasks do I have due October 17 in Tasks app? Answer with the titles only. If there are multiples titles, format your answer in a comma separated list."
W0814 23:29:09.235780 124305553613888 android_world_controller.py:98] Could not get a11y tree, retrying.
Completed step 1.
Completed step 2.
Completed step 3.
Completed step 4.
Completed step 5.
Completed step 6.
Completed step 7.
Completed step 8.
Completed step 9.
Completed step 10.
Agent did not indicate task is done. Reached max number of steps.
Task Failed ❌;  What tasks do I have due October 17 in Tasks app? Answer with the titles only. If there are multiples titles, format your answer in a comma separated list.
W0814 23:30:54.341935 124305553613888 task_eval.py:125] Skipping app snapshot loading : Snapshot not found in /data/data/android_world/snapshots/org.tasks.


                                       task_num  num_complete_trials  mean_success_rate  mean_episode_length  total_runtime_s  num_fail_trials
task                                                                                                                                          
AudioRecorderRecordAudio                      0                 5.00               0.60                 8.20            685.2             0.00
BrowserDraw                                   1                 5.00               0.00                20.00           1906.3             0.00
CameraTakePhoto                               2                 5.00               0.00                10.00            681.3             0.00
ClockStopWatchPausedVerify                    3                 5.00               0.40                 7.80            760.4             0.00
ClockStopWatchRunning                         4                 5.00               0.20                 4.80            403.6             0.00
ContactsAddContact                            5                 5.00               0.00                12.00           1111.5             0.00
ExpenseAddSingle                              6                 5.00               0.00                12.00           1643.5             0.00
FilesDeleteFile                               7                 5.00               0.00                22.00           2124.2             0.00
MarkorCreateFolder                            8                 5.00               0.00                10.00            875.7             0.00
NotesIsTodo                                   9                 5.00               0.00                 4.20            692.8             0.00
OpenAppTaskEval                              10                 5.00               1.00                 1.80            331.3             0.00
OsmAndFavorite                               11                 5.00               0.00                13.00           1603.5             0.00
RecipeDeleteSingleRecipe                     12                 5.00               0.20                 9.20            831.0             0.00
RecipeDeleteSingleWithRecipeWithNoise        13                 5.00               0.00                20.00           2166.2             0.00
RetroPlayingQueue                            14                 5.00               0.00                32.00           3761.2             0.00
SimpleCalendarAddOneEventTomorrow            15                 5.00               0.00                34.00           4629.3             0.00
SimpleDrawProCreateDrawing                   16                 5.00               0.20                18.00           2049.0             0.00
SimpleSmsReply                               17                 2.00               0.50                 7.50            655.0             3.00
SportsTrackerActivitiesCountForWeek          18                 3.00               0.00                 7.33           1706.8             2.00
SystemWifiTurnOn                             19                 3.00               0.33                 7.00            288.6             2.00
TasksDueOnDate                               20                 5.00               0.00                10.00            539.8             0.00
========= Average =========                   0                 4.67               0.16                12.90           1402.2             0.33


                         mean_success_rate       
difficulty                            easy medium
tags                                             
complex_ui_understanding                 -    0.0
data_edit                              0.1    0.0
data_entry                            0.12      -
game_playing                           0.0      -
information_retrieval                  0.0      -
parameterized                         0.14    0.0
requires_setup                         0.3      -
screen_reading                        0.17      -
search                                0.12    0.0
untagged                               0.1      -
verification                           0.4      -

Running task: VlcCreatePlaylist
===============================
W0814 23:30:57.373987 124305553613888 task_eval.py:125] Skipping app snapshot loading : Snapshot not found in /data/data/android_world/snapshots/org.videolan.vlc.
Running task VlcCreatePlaylist with goal "Create a playlist titled "Ultimate Fails Series" with the following files in VLC (located in Internal Memory/VLCVideos), in order: highlight_41_4K_2023_03_30.mp4, scene_68_4K_copy.mp4"
Completed step 1.
Completed step 2.
Completed step 3.
Completed step 4.
Completed step 5.
Completed step 6.
Completed step 7.
Completed step 8.
Completed step 9.
Completed step 10.
Completed step 11.
Completed step 12.
Completed step 13.
Completed step 14.
Completed step 15.
Completed step 16.
Completed step 17.
Completed step 18.
Completed step 19.
Completed step 20.
Completed step 21.
Completed step 22.
Completed step 23.
Completed step 24.
Completed step 25.
Completed step 26.
Completed step 27.
Completed step 28.
Agent did not indicate task is done. Reached max number of steps.
Task Failed ❌;  Create a playlist titled "Ultimate Fails Series" with the following files in VLC (located in Internal Memory/VLCVideos), in order: highlight_41_4K_2023_03_30.mp4, scene_68_4K_copy.mp4
W0814 23:35:58.252731 124305553613888 task_eval.py:125] Skipping app snapshot loading : Snapshot not found in /data/data/android_world/snapshots/org.videolan.vlc.


                                       task_num  num_complete_trials  mean_success_rate  mean_episode_length  total_runtime_s  num_fail_trials
task                                                                                                                                          
AudioRecorderRecordAudio                      0                  5.0               0.60                 8.20           685.20             0.00
BrowserDraw                                   1                  5.0               0.00                20.00          1906.30             0.00
CameraTakePhoto                               2                  5.0               0.00                10.00           681.30             0.00
ClockStopWatchPausedVerify                    3                  5.0               0.40                 7.80           760.40             0.00
ClockStopWatchRunning                         4                  5.0               0.20                 4.80           403.60             0.00
ContactsAddContact                            5                  5.0               0.00                12.00          1111.50             0.00
ExpenseAddSingle                              6                  5.0               0.00                12.00          1643.50             0.00
FilesDeleteFile                               7                  5.0               0.00                22.00          2124.20             0.00
MarkorCreateFolder                            8                  5.0               0.00                10.00           875.70             0.00
NotesIsTodo                                   9                  5.0               0.00                 4.20           692.80             0.00
OpenAppTaskEval                              10                  5.0               1.00                 1.80           331.30             0.00
OsmAndFavorite                               11                  5.0               0.00                13.00          1603.50             0.00
RecipeDeleteSingleRecipe                     12                  5.0               0.20                 9.20           831.00             0.00
RecipeDeleteSingleWithRecipeWithNoise        13                  5.0               0.00                20.00          2166.20             0.00
RetroPlayingQueue                            14                  5.0               0.00                32.00          3761.20             0.00
SimpleCalendarAddOneEventTomorrow            15                  5.0               0.00                34.00          4629.30             0.00
SimpleDrawProCreateDrawing                   16                  5.0               0.20                18.00          2049.00             0.00
SimpleSmsReply                               17                  2.0               0.50                 7.50           655.00             3.00
SportsTrackerActivitiesCountForWeek          18                  3.0               0.00                 7.33          1706.80             2.00
SystemWifiTurnOn                             19                  3.0               0.33                 7.00           288.60             2.00
TasksDueOnDate                               20                  5.0               0.00                10.00           539.80             0.00
VlcCreatePlaylist                            21                  1.0               0.00                28.00           301.50             0.00
========= Average =========                   0                  4.5               0.16                13.58          1352.17             0.32


                         mean_success_rate       
difficulty                            easy medium
tags                                             
complex_ui_understanding                 -    0.0
data_edit                              0.1    0.0
data_entry                            0.12      -
game_playing                           0.0      -
information_retrieval                  0.0      -
parameterized                         0.14    0.0
repetition                               -    0.0
requires_setup                         0.3      -
screen_reading                        0.17      -
search                                0.12    0.0
untagged                               0.1      -
verification                           0.4      -
W0814 23:36:10.948595 124305553613888 task_eval.py:125] Skipping app snapshot loading : Snapshot not found in /data/data/android_world/snapshots/org.videolan.vlc.
Running task VlcCreatePlaylist with goal "Create a playlist titled "Mystery and Thrills Ultimate Collection" with the following files in VLC (located in Internal Memory/VLCVideos), in order: 2023_04_20_moment_42_4K.mp4, recording_15_raw_final.mp4"
Completed step 1.
Completed step 2.
Completed step 3.
Completed step 4.
Completed step 5.
Completed step 6.
Completed step 7.
Completed step 8.
Completed step 9.
Completed step 10.
Completed step 11.
Completed step 12.
Completed step 13.
Completed step 14.
Completed step 15.
Completed step 16.
Completed step 17.
Completed step 18.
Completed step 19.
Completed step 20.
Completed step 21.
Completed step 22.
Completed step 23.
Completed step 24.
Completed step 25.
Completed step 26.
Completed step 27.
Completed step 28.
Agent did not indicate task is done. Reached max number of steps.
Task Failed ❌;  Create a playlist titled "Mystery and Thrills Ultimate Collection" with the following files in VLC (located in Internal Memory/VLCVideos), in order: 2023_04_20_moment_42_4K.mp4, recording_15_raw_final.mp4
W0814 23:41:14.147475 124305553613888 task_eval.py:125] Skipping app snapshot loading : Snapshot not found in /data/data/android_world/snapshots/org.videolan.vlc.


                                       task_num  num_complete_trials  mean_success_rate  mean_episode_length  total_runtime_s  num_fail_trials
task                                                                                                                                          
AudioRecorderRecordAudio                      0                 5.00               0.60                 8.20           685.20             0.00
BrowserDraw                                   1                 5.00               0.00                20.00          1906.30             0.00
CameraTakePhoto                               2                 5.00               0.00                10.00           681.30             0.00
ClockStopWatchPausedVerify                    3                 5.00               0.40                 7.80           760.40             0.00
ClockStopWatchRunning                         4                 5.00               0.20                 4.80           403.60             0.00
ContactsAddContact                            5                 5.00               0.00                12.00          1111.50             0.00
ExpenseAddSingle                              6                 5.00               0.00                12.00          1643.50             0.00
FilesDeleteFile                               7                 5.00               0.00                22.00          2124.20             0.00
MarkorCreateFolder                            8                 5.00               0.00                10.00           875.70             0.00
NotesIsTodo                                   9                 5.00               0.00                 4.20           692.80             0.00
OpenAppTaskEval                              10                 5.00               1.00                 1.80           331.30             0.00
OsmAndFavorite                               11                 5.00               0.00                13.00          1603.50             0.00
RecipeDeleteSingleRecipe                     12                 5.00               0.20                 9.20           831.00             0.00
RecipeDeleteSingleWithRecipeWithNoise        13                 5.00               0.00                20.00          2166.20             0.00
RetroPlayingQueue                            14                 5.00               0.00                32.00          3761.20             0.00
SimpleCalendarAddOneEventTomorrow            15                 5.00               0.00                34.00          4629.30             0.00
SimpleDrawProCreateDrawing                   16                 5.00               0.20                18.00          2049.00             0.00
SimpleSmsReply                               17                 2.00               0.50                 7.50           655.00             3.00
SportsTrackerActivitiesCountForWeek          18                 3.00               0.00                 7.33          1706.80             2.00
SystemWifiTurnOn                             19                 3.00               0.33                 7.00           288.60             2.00
TasksDueOnDate                               20                 5.00               0.00                10.00           539.80             0.00
VlcCreatePlaylist                            21                 2.00               0.00                28.00           605.10             0.00
========= Average =========                   0                 4.55               0.16                13.58          1365.97             0.32


                         mean_success_rate       
difficulty                            easy medium
tags                                             
complex_ui_understanding                 -    0.0
data_edit                              0.1    0.0
data_entry                            0.12      -
game_playing                           0.0      -
information_retrieval                  0.0      -
parameterized                         0.14    0.0
repetition                               -    0.0
requires_setup                         0.3      -
screen_reading                        0.17      -
search                                0.12    0.0
untagged                               0.1      -
verification                           0.4      -
W0814 23:41:21.843584 124305553613888 task_eval.py:125] Skipping app snapshot loading : Snapshot not found in /data/data/android_world/snapshots/org.videolan.vlc.
Running task VlcCreatePlaylist with goal "Create a playlist titled "Comedy Series" with the following files in VLC (located in Internal Memory/VLCVideos), in order: 2023_02_13_footage_40_raw.mp4, 2023_08_17_episode_41_raw.mp4, episode_33_export_2023_07_13.mp4, copy_highlight_91_raw.mp4"
Completed step 1.
Completed step 2.
Completed step 3.
Completed step 4.
Completed step 5.
Completed step 6.
Completed step 7.
Completed step 8.
Completed step 9.
Completed step 10.
Completed step 11.
Completed step 12.
Completed step 13.
Completed step 14.
Completed step 15.
Completed step 16.
Completed step 17.
Completed step 18.
Completed step 19.
Completed step 20.
Completed step 21.
Completed step 22.
Completed step 23.
Completed step 24.
Completed step 25.
Completed step 26.
Completed step 27.
Completed step 28.
Agent did not indicate task is done. Reached max number of steps.
Task Failed ❌;  Create a playlist titled "Comedy Series" with the following files in VLC (located in Internal Memory/VLCVideos), in order: 2023_02_13_footage_40_raw.mp4, 2023_08_17_episode_41_raw.mp4, episode_33_export_2023_07_13.mp4, copy_highlight_91_raw.mp4
W0814 23:46:21.452029 124305553613888 task_eval.py:125] Skipping app snapshot loading : Snapshot not found in /data/data/android_world/snapshots/org.videolan.vlc.


                                       task_num  num_complete_trials  mean_success_rate  mean_episode_length  total_runtime_s  num_fail_trials
task                                                                                                                                          
AudioRecorderRecordAudio                      0                 5.00               0.60                 8.20           685.20             0.00
BrowserDraw                                   1                 5.00               0.00                20.00          1906.30             0.00
CameraTakePhoto                               2                 5.00               0.00                10.00           681.30             0.00
ClockStopWatchPausedVerify                    3                 5.00               0.40                 7.80           760.40             0.00
ClockStopWatchRunning                         4                 5.00               0.20                 4.80           403.60             0.00
ContactsAddContact                            5                 5.00               0.00                12.00          1111.50             0.00
ExpenseAddSingle                              6                 5.00               0.00                12.00          1643.50             0.00
FilesDeleteFile                               7                 5.00               0.00                22.00          2124.20             0.00
MarkorCreateFolder                            8                 5.00               0.00                10.00           875.70             0.00
NotesIsTodo                                   9                 5.00               0.00                 4.20           692.80             0.00
OpenAppTaskEval                              10                 5.00               1.00                 1.80           331.30             0.00
OsmAndFavorite                               11                 5.00               0.00                13.00          1603.50             0.00
RecipeDeleteSingleRecipe                     12                 5.00               0.20                 9.20           831.00             0.00
RecipeDeleteSingleWithRecipeWithNoise        13                 5.00               0.00                20.00          2166.20             0.00
RetroPlayingQueue                            14                 5.00               0.00                32.00          3761.20             0.00
SimpleCalendarAddOneEventTomorrow            15                 5.00               0.00                34.00          4629.30             0.00
SimpleDrawProCreateDrawing                   16                 5.00               0.20                18.00          2049.00             0.00
SimpleSmsReply                               17                 2.00               0.50                 7.50           655.00             3.00
SportsTrackerActivitiesCountForWeek          18                 3.00               0.00                 7.33          1706.80             2.00
SystemWifiTurnOn                             19                 3.00               0.33                 7.00           288.60             2.00
TasksDueOnDate                               20                 5.00               0.00                10.00           539.80             0.00
VlcCreatePlaylist                            21                 3.00               0.00                28.00           905.20             0.00
========= Average =========                   0                 4.59               0.16                13.58          1379.61             0.32


                         mean_success_rate       
difficulty                            easy medium
tags                                             
complex_ui_understanding                 -    0.0
data_edit                              0.1    0.0
data_entry                            0.12      -
game_playing                           0.0      -
information_retrieval                  0.0      -
parameterized                         0.14    0.0
repetition                               -    0.0
requires_setup                         0.3      -
screen_reading                        0.17      -
search                                0.12    0.0
untagged                               0.1      -
verification                           0.4      -
W0814 23:46:31.259614 124305553613888 task_eval.py:125] Skipping app snapshot loading : Snapshot not found in /data/data/android_world/snapshots/org.videolan.vlc.
Running task VlcCreatePlaylist with goal "Create a playlist titled "Road Trips Essentials" with the following files in VLC (located in Internal Memory/VLCVideos), in order: footage_78_export_2023_02_08.mp4, aXM7_moment_88_HD.mp4"
W0814 23:46:36.023430 124305553613888 android_world_controller.py:98] Could not get a11y tree, retrying.
Completed step 1.
Completed step 2.
Completed step 3.
Completed step 4.
Completed step 5.
Completed step 6.
Completed step 7.
Completed step 8.
Completed step 9.
Completed step 10.
Completed step 11.
Completed step 12.
Completed step 13.
Completed step 14.
Completed step 15.
Completed step 16.
Completed step 17.
Completed step 18.
Completed step 19.
Completed step 20.
Completed step 21.
Completed step 22.
Completed step 23.
Completed step 24.
Completed step 25.
Completed step 26.
Completed step 27.
Completed step 28.
Agent did not indicate task is done. Reached max number of steps.
Task Failed ❌;  Create a playlist titled "Road Trips Essentials" with the following files in VLC (located in Internal Memory/VLCVideos), in order: footage_78_export_2023_02_08.mp4, aXM7_moment_88_HD.mp4
W0814 23:51:27.057807 124305553613888 task_eval.py:125] Skipping app snapshot loading : Snapshot not found in /data/data/android_world/snapshots/org.videolan.vlc.


                                       task_num  num_complete_trials  mean_success_rate  mean_episode_length  total_runtime_s  num_fail_trials
task                                                                                                                                          
AudioRecorderRecordAudio                      0                 5.00               0.60                 8.20           685.20             0.00
BrowserDraw                                   1                 5.00               0.00                20.00          1906.30             0.00
CameraTakePhoto                               2                 5.00               0.00                10.00           681.30             0.00
ClockStopWatchPausedVerify                    3                 5.00               0.40                 7.80           760.40             0.00
ClockStopWatchRunning                         4                 5.00               0.20                 4.80           403.60             0.00
ContactsAddContact                            5                 5.00               0.00                12.00          1111.50             0.00
ExpenseAddSingle                              6                 5.00               0.00                12.00          1643.50             0.00
FilesDeleteFile                               7                 5.00               0.00                22.00          2124.20             0.00
MarkorCreateFolder                            8                 5.00               0.00                10.00           875.70             0.00
NotesIsTodo                                   9                 5.00               0.00                 4.20           692.80             0.00
OpenAppTaskEval                              10                 5.00               1.00                 1.80           331.30             0.00
OsmAndFavorite                               11                 5.00               0.00                13.00          1603.50             0.00
RecipeDeleteSingleRecipe                     12                 5.00               0.20                 9.20           831.00             0.00
RecipeDeleteSingleWithRecipeWithNoise        13                 5.00               0.00                20.00          2166.20             0.00
RetroPlayingQueue                            14                 5.00               0.00                32.00          3761.20             0.00
SimpleCalendarAddOneEventTomorrow            15                 5.00               0.00                34.00          4629.30             0.00
SimpleDrawProCreateDrawing                   16                 5.00               0.20                18.00          2049.00             0.00
SimpleSmsReply                               17                 2.00               0.50                 7.50           655.00             3.00
SportsTrackerActivitiesCountForWeek          18                 3.00               0.00                 7.33          1706.80             2.00
SystemWifiTurnOn                             19                 3.00               0.33                 7.00           288.60             2.00
TasksDueOnDate                               20                 5.00               0.00                10.00           539.80             0.00
VlcCreatePlaylist                            21                 4.00               0.00                28.00          1201.50             0.00
========= Average =========                   0                 4.64               0.16                13.58          1393.08             0.32


                         mean_success_rate       
difficulty                            easy medium
tags                                             
complex_ui_understanding                 -    0.0
data_edit                              0.1    0.0
data_entry                            0.12      -
game_playing                           0.0      -
information_retrieval                  0.0      -
parameterized                         0.14    0.0
repetition                               -    0.0
requires_setup                         0.3      -
screen_reading                        0.17      -
search                                0.12    0.0
untagged                               0.1      -
verification                           0.4      -
W0814 23:51:36.707834 124305553613888 task_eval.py:125] Skipping app snapshot loading : Snapshot not found in /data/data/android_world/snapshots/org.videolan.vlc.
Running task VlcCreatePlaylist with goal "Create a playlist titled "How To Favorites" with the following files in VLC (located in Internal Memory/VLCVideos), in order: highlight_68_HD_final.mp4, highlight_10_raw_js2b.mp4"
Completed step 1.
Completed step 2.
Completed step 3.
Completed step 4.
Completed step 5.
Completed step 6.
Completed step 7.
Completed step 8.
Completed step 9.
Completed step 10.
Completed step 11.
Completed step 12.
Completed step 13.
Completed step 14.
Completed step 15.
Completed step 16.
Completed step 17.
Completed step 18.
Completed step 19.
Completed step 20.
Completed step 21.
Completed step 22.
Completed step 23.
Completed step 24.
Completed step 25.
Completed step 26.
Completed step 27.
Completed step 28.
Agent did not indicate task is done. Reached max number of steps.
Task Failed ❌;  Create a playlist titled "How To Favorites" with the following files in VLC (located in Internal Memory/VLCVideos), in order: highlight_68_HD_final.mp4, highlight_10_raw_js2b.mp4
W0814 23:56:28.870749 124305553613888 task_eval.py:125] Skipping app snapshot loading : Snapshot not found in /data/data/android_world/snapshots/org.videolan.vlc.


                                       task_num  num_complete_trials  mean_success_rate  mean_episode_length  total_runtime_s  num_fail_trials
task                                                                                                                                          
AudioRecorderRecordAudio                      0                 5.00               0.60                 8.20           685.20             0.00
BrowserDraw                                   1                 5.00               0.00                20.00          1906.30             0.00
CameraTakePhoto                               2                 5.00               0.00                10.00           681.30             0.00
ClockStopWatchPausedVerify                    3                 5.00               0.40                 7.80           760.40             0.00
ClockStopWatchRunning                         4                 5.00               0.20                 4.80           403.60             0.00
ContactsAddContact                            5                 5.00               0.00                12.00          1111.50             0.00
ExpenseAddSingle                              6                 5.00               0.00                12.00          1643.50             0.00
FilesDeleteFile                               7                 5.00               0.00                22.00          2124.20             0.00
MarkorCreateFolder                            8                 5.00               0.00                10.00           875.70             0.00
NotesIsTodo                                   9                 5.00               0.00                 4.20           692.80             0.00
OpenAppTaskEval                              10                 5.00               1.00                 1.80           331.30             0.00
OsmAndFavorite                               11                 5.00               0.00                13.00          1603.50             0.00
RecipeDeleteSingleRecipe                     12                 5.00               0.20                 9.20           831.00             0.00
RecipeDeleteSingleWithRecipeWithNoise        13                 5.00               0.00                20.00          2166.20             0.00
RetroPlayingQueue                            14                 5.00               0.00                32.00          3761.20             0.00
SimpleCalendarAddOneEventTomorrow            15                 5.00               0.00                34.00          4629.30             0.00
SimpleDrawProCreateDrawing                   16                 5.00               0.20                18.00          2049.00             0.00
SimpleSmsReply                               17                 2.00               0.50                 7.50           655.00             3.00
SportsTrackerActivitiesCountForWeek          18                 3.00               0.00                 7.33          1706.80             2.00
SystemWifiTurnOn                             19                 3.00               0.33                 7.00           288.60             2.00
TasksDueOnDate                               20                 5.00               0.00                10.00           539.80             0.00
VlcCreatePlaylist                            21                 5.00               0.00                28.00          1494.10             0.00
========= Average =========                   0                 4.68               0.16                13.58          1406.38             0.32


                         mean_success_rate       
difficulty                            easy medium
tags                                             
complex_ui_understanding                 -    0.0
data_edit                              0.1    0.0
data_entry                            0.12      -
game_playing                           0.0      -
information_retrieval                  0.0      -
parameterized                         0.14    0.0
repetition                               -    0.0
requires_setup                         0.3      -
screen_reading                        0.17      -
search                                0.12    0.0
untagged                               0.1      -
verification                           0.4      -

Summary: SR=nan, avg_steps_per_task=nan, avg_tokens_per_task=342979.27, num_tasks=110. Wrote /home/suyichn/android_world_results/baseline_b_mini_benchmark_20260814_151229/summary.json
Finished running agent static_memory on android_world family. Wrote to /home/suyichn/android_world_results/baseline_b_mini_benchmark_20260814_151229/run_20260814T151302272882.
